"quowesuqbbb.mooo.com","0","bobax_dga_57c3e0f6"
"hmhxnupkc.mooo.com","1","bobax_dga_57c3e0f6"
"adrcgmzrm.dyndns.org","2","bobax_dga_57c3e0f6"
"rffcteo.dyndns.org","3","bobax_dga_57c3e0f6"
"bpdyttrlp.yi.org","4","bobax_dga_57c3e0f6"
"bdubefoeug.yi.org","5","bobax_dga_57c3e0f6"
"dljemwae.dynserv.com","6","bobax_dga_57c3e0f6"
"hovdworcxd.dynserv.com","7","bobax_dga_57c3e0f6"
"dcdkfq.mooo.com","8","bobax_dga_57c3e0f6"
"melzskebund.mooo.com","9","bobax_dga_57c3e0f6"
"lfiavsbyntu.dyndns.org","10","bobax_dga_57c3e0f6"
"gyuzohut.dyndns.org","11","bobax_dga_57c3e0f6"
"zvfctvkdng.yi.org","12","bobax_dga_57c3e0f6"
"waxmtzkqblh.yi.org","13","bobax_dga_57c3e0f6"
"uaqjtycx.dynserv.com","14","bobax_dga_57c3e0f6"
"hshfmrobfjr.dynserv.com","15","bobax_dga_57c3e0f6"
"csukibyyt.mooo.com","16","bobax_dga_57c3e0f6"
"prifhjstv.mooo.com","17","bobax_dga_57c3e0f6"
"iskqszufrft.dyndns.org","18","bobax_dga_57c3e0f6"
"ghcxncadnj.dyndns.org","19","bobax_dga_57c3e0f6"
"hzmwxlmu.yi.org","20","bobax_dga_57c3e0f6"
"vygmudq.yi.org","21","bobax_dga_57c3e0f6"
"dgopcferx.dynserv.com","22","bobax_dga_57c3e0f6"
"cditpjxmgdy.dynserv.com","23","bobax_dga_57c3e0f6"
"cmviueadnal.mooo.com","24","bobax_dga_57c3e0f6"
"ruxujk.mooo.com","25","bobax_dga_57c3e0f6"
"mszbnhwzhvv.dyndns.org","26","bobax_dga_57c3e0f6"
"bdzxcl.dyndns.org","27","bobax_dga_57c3e0f6"
"zxkcat.yi.org","28","bobax_dga_57c3e0f6"
"jjtvmoptq.yi.org","29","bobax_dga_57c3e0f6"
"ddrqyggw.dynserv.com","30","bobax_dga_57c3e0f6"
"tjgpkyvtob.dynserv.com","31","bobax_dga_57c3e0f6"
"sfsocnwdnw.mooo.com","32","bobax_dga_57c3e0f6"
"agdwgsptbxo.mooo.com","33","bobax_dga_57c3e0f6"
"vsdzee.dyndns.org","34","bobax_dga_57c3e0f6"
"hjviglrwd.dyndns.org","35","bobax_dga_57c3e0f6"
"klofmvcx.yi.org","36","bobax_dga_57c3e0f6"
"laebdbptt.yi.org","37","bobax_dga_57c3e0f6"
"eihasibowm.dynserv.com","38","bobax_dga_57c3e0f6"
"ezfllrfh.dynserv.com","39","bobax_dga_57c3e0f6"
"ykrzcragnnu.mooo.com","40","bobax_dga_57c3e0f6"
"cfbcpqzz.mooo.com","41","bobax_dga_57c3e0f6"
"nmuzqnexl.dyndns.org","42","bobax_dga_57c3e0f6"
"ndgmklb.dyndns.org","43","bobax_dga_57c3e0f6"
"udtwirqzhdm.yi.org","44","bobax_dga_57c3e0f6"
"tljzib.yi.org","45","bobax_dga_57c3e0f6"
"vtdddxys.dynserv.com","46","bobax_dga_57c3e0f6"
"nlbwpnqbqf.dynserv.com","47","bobax_dga_57c3e0f6"
"tjetqly.mooo.com","48","bobax_dga_57c3e0f6"
"lykdsevm.mooo.com","49","bobax_dga_57c3e0f6"
"novbsmekge.dyndns.org","50","bobax_dga_57c3e0f6"
"jgmpwk.dyndns.org","51","bobax_dga_57c3e0f6"
"itifvo.yi.org","52","bobax_dga_57c3e0f6"
"ktggxfhmkfk.yi.org","53","bobax_dga_57c3e0f6"
"rcruohsseib.dynserv.com","54","bobax_dga_57c3e0f6"
"lzvuyqoiom.dynserv.com","55","bobax_dga_57c3e0f6"
"smgojbhuyw.mooo.com","56","bobax_dga_57c3e0f6"
"nvxptqurlqu.mooo.com","57","bobax_dga_57c3e0f6"
"ebbnzqx.dyndns.org","58","bobax_dga_57c3e0f6"
"pwrbxafiyhf.dyndns.org","59","bobax_dga_57c3e0f6"
"pcajqcaof.yi.org","60","bobax_dga_57c3e0f6"
"rmeuuyino.yi.org","61","bobax_dga_57c3e0f6"
"cbcmbxvbsrh.dynserv.com","62","bobax_dga_57c3e0f6"
"qqoxxop.dynserv.com","63","bobax_dga_57c3e0f6"
"qtvgownc.mooo.com","64","bobax_dga_57c3e0f6"
"pnpcbmfvhui.mooo.com","65","bobax_dga_57c3e0f6"
"szbagncpev.dyndns.org","66","bobax_dga_57c3e0f6"
"mvkhwpcnog.dyndns.org","67","bobax_dga_57c3e0f6"
"dvbutsrzrgw.yi.org","68","bobax_dga_57c3e0f6"
"wmvrlpvpqxu.yi.org","69","bobax_dga_57c3e0f6"
"cqdzsbdy.dynserv.com","70","bobax_dga_57c3e0f6"
"dgbxzfg.dynserv.com","71","bobax_dga_57c3e0f6"
"znkhrtojwx.mooo.com","72","bobax_dga_57c3e0f6"
"ebdqxgnm.mooo.com","73","bobax_dga_57c3e0f6"
"srusvher.dyndns.org","74","bobax_dga_57c3e0f6"
"crryccuaojo.dyndns.org","75","bobax_dga_57c3e0f6"
"iqwifsunu.yi.org","76","bobax_dga_57c3e0f6"
"dijmji.yi.org","77","bobax_dga_57c3e0f6"
"vcpcnqi.dynserv.com","78","bobax_dga_57c3e0f6"
"pxihdssdnvb.dynserv.com","79","bobax_dga_57c3e0f6"
"kbblmkbe.mooo.com","80","bobax_dga_57c3e0f6"
"mcotackq.mooo.com","81","bobax_dga_57c3e0f6"
"lmfbjndkqd.dyndns.org","82","bobax_dga_57c3e0f6"
"kwdgnbrodtx.dyndns.org","83","bobax_dga_57c3e0f6"
"njjiwilpnt.yi.org","84","bobax_dga_57c3e0f6"
"kxtdcnxinjm.yi.org","85","bobax_dga_57c3e0f6"
"koaqnn.dynserv.com","86","bobax_dga_57c3e0f6"
"rnfcpaixdmt.dynserv.com","87","bobax_dga_57c3e0f6"
"qfrgvbmowr.mooo.com","88","bobax_dga_57c3e0f6"
"icixemu.mooo.com","89","bobax_dga_57c3e0f6"
"qtexhg.dyndns.org","90","bobax_dga_57c3e0f6"
"njcwnaug.dyndns.org","91","bobax_dga_57c3e0f6"
"fngbhyjgntf.yi.org","92","bobax_dga_57c3e0f6"
"kpwyhgcii.yi.org","93","bobax_dga_57c3e0f6"
"bodrxb.dynserv.com","94","bobax_dga_57c3e0f6"
"ojgxqhr.dynserv.com","95","bobax_dga_57c3e0f6"
"hoyuvixleqk.mooo.com","96","bobax_dga_57c3e0f6"
"nprnrxl.mooo.com","97","bobax_dga_57c3e0f6"
"bylkpy.dyndns.org","98","bobax_dga_57c3e0f6"
"lfqbim.dyndns.org","99","bobax_dga_57c3e0f6"
"dstgrg.yi.org","100","bobax_dga_57c3e0f6"
"csoyrmxitit.yi.org","101","bobax_dga_57c3e0f6"
"tkoappwny.dynserv.com","102","bobax_dga_57c3e0f6"
"izlwodgff.dynserv.com","103","bobax_dga_57c3e0f6"
"evudfvve.mooo.com","104","bobax_dga_57c3e0f6"
"sgalgvmnwfy.mooo.com","105","bobax_dga_57c3e0f6"
"mmigcacvvn.dyndns.org","106","bobax_dga_57c3e0f6"
"dkflxkqecdf.dyndns.org","107","bobax_dga_57c3e0f6"
"gwyziux.yi.org","108","bobax_dga_57c3e0f6"
"avsyzltsjqp.yi.org","109","bobax_dga_57c3e0f6"
"vvjfsoj.dynserv.com","110","bobax_dga_57c3e0f6"
"putphxcrz.dynserv.com","111","bobax_dga_57c3e0f6"
"ovsddwubkz.mooo.com","112","bobax_dga_57c3e0f6"
"humbjatp.mooo.com","113","bobax_dga_57c3e0f6"
"ycofnn.dyndns.org","114","bobax_dga_57c3e0f6"
"xcmmpwylghk.dyndns.org","115","bobax_dga_57c3e0f6"
"tqrvhfsdlup.yi.org","116","bobax_dga_57c3e0f6"
"zafkgweeyic.yi.org","117","bobax_dga_57c3e0f6"
"gvgqpueeq.dynserv.com","118","bobax_dga_57c3e0f6"
"yoriulioeo.dynserv.com","119","bobax_dga_57c3e0f6"
"dauhiasf.mooo.com","120","bobax_dga_57c3e0f6"
"evyharj.mooo.com","121","bobax_dga_57c3e0f6"
"atgoycu.dyndns.org","122","bobax_dga_57c3e0f6"
"bnbnpqkagr.dyndns.org","123","bobax_dga_57c3e0f6"
"muodaclf.yi.org","124","bobax_dga_57c3e0f6"
"calovhzpsv.yi.org","125","bobax_dga_57c3e0f6"
"fiwcrctjmuc.dynserv.com","126","bobax_dga_57c3e0f6"
"uqgxsl.dynserv.com","127","bobax_dga_57c3e0f6"
"oycruzxouli.mooo.com","128","bobax_dga_57c3e0f6"
"zzhbrvtxeiu.mooo.com","129","bobax_dga_57c3e0f6"
"ckwklamspio.dyndns.org","130","bobax_dga_57c3e0f6"
"ovcueg.dyndns.org","131","bobax_dga_57c3e0f6"
"gdrlhg.yi.org","132","bobax_dga_57c3e0f6"
"bhtioi.yi.org","133","bobax_dga_57c3e0f6"
"ebksscgdcc.dynserv.com","134","bobax_dga_57c3e0f6"
"jefshugl.dynserv.com","135","bobax_dga_57c3e0f6"
"zxglzfhu.mooo.com","136","bobax_dga_57c3e0f6"
"bissgm.mooo.com","137","bobax_dga_57c3e0f6"
"xzpknuvovk.dyndns.org","138","bobax_dga_57c3e0f6"
"mvcjpjbymby.dyndns.org","139","bobax_dga_57c3e0f6"
"hrhfevkmkun.yi.org","140","bobax_dga_57c3e0f6"
"hzlicyml.yi.org","141","bobax_dga_57c3e0f6"
"cwrrdxye.dynserv.com","142","bobax_dga_57c3e0f6"
"dfyyyopbyzf.dynserv.com","143","bobax_dga_57c3e0f6"
"zztsqfzsbdb.mooo.com","144","bobax_dga_57c3e0f6"
"jzzyjaiede.mooo.com","145","bobax_dga_57c3e0f6"
"xnzkdos.dyndns.org","146","bobax_dga_57c3e0f6"
"vfbbeshdoej.dyndns.org","147","bobax_dga_57c3e0f6"
"ngbmfsbuql.yi.org","148","bobax_dga_57c3e0f6"
"zpdygcp.yi.org","149","bobax_dga_57c3e0f6"
"cazrsihs.dynserv.com","150","bobax_dga_57c3e0f6"
"akdkin.dynserv.com","151","bobax_dga_57c3e0f6"
"rzdpmgfwoh.mooo.com","152","bobax_dga_57c3e0f6"
"btewjdhkxk.mooo.com","153","bobax_dga_57c3e0f6"
"dkbjzbq.dyndns.org","154","bobax_dga_57c3e0f6"
"hmhauqssekw.dyndns.org","155","bobax_dga_57c3e0f6"
"qpyosxkmcc.yi.org","156","bobax_dga_57c3e0f6"
"ilwclwblahl.yi.org","157","bobax_dga_57c3e0f6"
"anrgxq.dynserv.com","158","bobax_dga_57c3e0f6"
"hawkhllxek.dynserv.com","159","bobax_dga_57c3e0f6"
"xyqpaw.mooo.com","160","bobax_dga_57c3e0f6"
"krpruobbtcn.mooo.com","161","bobax_dga_57c3e0f6"
"zkfxpvc.dyndns.org","162","bobax_dga_57c3e0f6"
"fsnjcfg.dyndns.org","163","bobax_dga_57c3e0f6"
"qwzsprieo.yi.org","164","bobax_dga_57c3e0f6"
"ocildclr.yi.org","165","bobax_dga_57c3e0f6"
"aqtxloupefy.dynserv.com","166","bobax_dga_57c3e0f6"
"xdbxaaf.dynserv.com","167","bobax_dga_57c3e0f6"
"ycjesqgj.mooo.com","168","bobax_dga_57c3e0f6"
"lgqlhy.mooo.com","169","bobax_dga_57c3e0f6"
"ykylxcawxak.dyndns.org","170","bobax_dga_57c3e0f6"
"hrlgrh.dyndns.org","171","bobax_dga_57c3e0f6"
"zssdxcq.yi.org","172","bobax_dga_57c3e0f6"
"uvjvvqpjl.yi.org","173","bobax_dga_57c3e0f6"
"cfcsndquwjc.dynserv.com","174","bobax_dga_57c3e0f6"
"jmyyptoo.dynserv.com","175","bobax_dga_57c3e0f6"
"ftytgfehixd.mooo.com","176","bobax_dga_57c3e0f6"
"eoxjsnvzuh.mooo.com","177","bobax_dga_57c3e0f6"
"tkmhpnthfsz.dyndns.org","178","bobax_dga_57c3e0f6"
"olojojgzyc.dyndns.org","179","bobax_dga_57c3e0f6"
"xlfstaxlrui.yi.org","180","bobax_dga_57c3e0f6"
"yxnsgtbegg.yi.org","181","bobax_dga_57c3e0f6"
"yivdetzgvs.dynserv.com","182","bobax_dga_57c3e0f6"
"gugjymmo.dynserv.com","183","bobax_dga_57c3e0f6"
"krjkfnsqsh.mooo.com","184","bobax_dga_57c3e0f6"
"jqbcxu.mooo.com","185","bobax_dga_57c3e0f6"
"jnetgzttxsk.dyndns.org","186","bobax_dga_57c3e0f6"
"jvayxqd.dyndns.org","187","bobax_dga_57c3e0f6"
"wyudom.yi.org","188","bobax_dga_57c3e0f6"
"xvyfxxcyym.yi.org","189","bobax_dga_57c3e0f6"
"pspypf.dynserv.com","190","bobax_dga_57c3e0f6"
"ewahbzgw.dynserv.com","191","bobax_dga_57c3e0f6"
"fxmbsrue.mooo.com","192","bobax_dga_57c3e0f6"
"hadgfilg.mooo.com","193","bobax_dga_57c3e0f6"
"fvecgexi.dyndns.org","194","bobax_dga_57c3e0f6"
"tghebo.dyndns.org","195","bobax_dga_57c3e0f6"
"cdggua.yi.org","196","bobax_dga_57c3e0f6"
"bpnfqu.yi.org","197","bobax_dga_57c3e0f6"
"urgfiluop.dynserv.com","198","bobax_dga_57c3e0f6"
"aypxryjow.dynserv.com","199","bobax_dga_57c3e0f6"
"videfgkn.mooo.com","200","bobax_dga_57c3e0f6"
"idzhbmy.mooo.com","201","bobax_dga_57c3e0f6"
"qdhajclz.dyndns.org","202","bobax_dga_57c3e0f6"
"kmmpqogwh.dyndns.org","203","bobax_dga_57c3e0f6"
"fwgtlqjaa.yi.org","204","bobax_dga_57c3e0f6"
"bqsjinwewi.yi.org","205","bobax_dga_57c3e0f6"
"zvoykmwofe.dynserv.com","206","bobax_dga_57c3e0f6"
"qijoywreqq.dynserv.com","207","bobax_dga_57c3e0f6"
"njzuhdksz.mooo.com","208","bobax_dga_57c3e0f6"
"fhavrcvziql.mooo.com","209","bobax_dga_57c3e0f6"
"kpgrono.dyndns.org","210","bobax_dga_57c3e0f6"
"smwytfqyde.dyndns.org","211","bobax_dga_57c3e0f6"
"mcxquzgg.yi.org","212","bobax_dga_57c3e0f6"
"ryqprkiu.yi.org","213","bobax_dga_57c3e0f6"
"fykkuhrree.dynserv.com","214","bobax_dga_57c3e0f6"
"ydxbzl.dynserv.com","215","bobax_dga_57c3e0f6"
"npdrkzrvh.mooo.com","216","bobax_dga_57c3e0f6"
"ryvenskbkk.mooo.com","217","bobax_dga_57c3e0f6"
"qpwdpugwzfa.dyndns.org","218","bobax_dga_57c3e0f6"
"mdfwebqw.dyndns.org","219","bobax_dga_57c3e0f6"
"qrwxktojqz.yi.org","220","bobax_dga_57c3e0f6"
"okoovh.yi.org","221","bobax_dga_57c3e0f6"
"oqtvopdaki.dynserv.com","222","bobax_dga_57c3e0f6"
"zkuppsly.dynserv.com","223","bobax_dga_57c3e0f6"
"niyctbo.mooo.com","224","bobax_dga_57c3e0f6"
"vfojcgop.mooo.com","225","bobax_dga_57c3e0f6"
"zecryws.dyndns.org","226","bobax_dga_57c3e0f6"
"mfffwqk.dyndns.org","227","bobax_dga_57c3e0f6"
"wbmhgke.yi.org","228","bobax_dga_57c3e0f6"
"czeeqgntkfd.yi.org","229","bobax_dga_57c3e0f6"
"dtaqgvwnly.dynserv.com","230","bobax_dga_57c3e0f6"
"jhfqjyek.dynserv.com","231","bobax_dga_57c3e0f6"
"eitbmvgncyc.mooo.com","232","bobax_dga_57c3e0f6"
"bpofpvndwml.mooo.com","233","bobax_dga_57c3e0f6"
"yaupubxco.dyndns.org","234","bobax_dga_57c3e0f6"
"rjukvyfrkw.dyndns.org","235","bobax_dga_57c3e0f6"
"ppnkiemmma.yi.org","236","bobax_dga_57c3e0f6"
"dmnffduljev.yi.org","237","bobax_dga_57c3e0f6"
"rmqpbqby.dynserv.com","238","bobax_dga_57c3e0f6"
"jzdwbfr.dynserv.com","239","bobax_dga_57c3e0f6"
"joeltwq.mooo.com","240","bobax_dga_57c3e0f6"
"sbbyvnpms.mooo.com","241","bobax_dga_57c3e0f6"
"xypvqm.dyndns.org","242","bobax_dga_57c3e0f6"
"zjcquwl.dyndns.org","243","bobax_dga_57c3e0f6"
"tsdwgdfqo.yi.org","244","bobax_dga_57c3e0f6"
"klkkwdwzqco.yi.org","245","bobax_dga_57c3e0f6"
"fcbglwrto.dynserv.com","246","bobax_dga_57c3e0f6"
"isxxozigv.dynserv.com","247","bobax_dga_57c3e0f6"
"nbzpevtdv.mooo.com","248","bobax_dga_57c3e0f6"
"thpwkd.mooo.com","249","bobax_dga_57c3e0f6"
"glgtsska.dyndns.org","250","bobax_dga_57c3e0f6"
"nukrwdbfsxv.dyndns.org","251","bobax_dga_57c3e0f6"
"fsqqdlbukwa.yi.org","252","bobax_dga_57c3e0f6"
"depryutyfb.yi.org","253","bobax_dga_57c3e0f6"
"zzhytybhhee.dynserv.com","254","bobax_dga_57c3e0f6"
"ogplkaktknb.dynserv.com","255","bobax_dga_57c3e0f6"
"ueyeyqy.mooo.com","256","bobax_dga_57c3e0f6"
"gacpcwgwd.mooo.com","257","bobax_dga_57c3e0f6"
"uvcutkn.dyndns.org","258","bobax_dga_57c3e0f6"
"sjxhzwvtj.dyndns.org","259","bobax_dga_57c3e0f6"
"lrllptbqkiy.yi.org","260","bobax_dga_57c3e0f6"
"vywyvdtksc.yi.org","261","bobax_dga_57c3e0f6"
"cduhiz.dynserv.com","262","bobax_dga_57c3e0f6"
"vxfbmdnlph.dynserv.com","263","bobax_dga_57c3e0f6"
"vojcoq.mooo.com","264","bobax_dga_57c3e0f6"
"xnklfsjst.mooo.com","265","bobax_dga_57c3e0f6"
"xfjxkvugoiv.dyndns.org","266","bobax_dga_57c3e0f6"
"ftepfemhyp.dyndns.org","267","bobax_dga_57c3e0f6"
"qiosogfkhfv.yi.org","268","bobax_dga_57c3e0f6"
"chznlw.yi.org","269","bobax_dga_57c3e0f6"
"fhtzex.dynserv.com","270","bobax_dga_57c3e0f6"
"uifrrmhyg.dynserv.com","271","bobax_dga_57c3e0f6"
"vppgvrffq.mooo.com","272","bobax_dga_57c3e0f6"
"coqrdahrmg.mooo.com","273","bobax_dga_57c3e0f6"
"qfkjau.dyndns.org","274","bobax_dga_57c3e0f6"
"xtomvxibf.dyndns.org","275","bobax_dga_57c3e0f6"
"gaisxvubj.yi.org","276","bobax_dga_57c3e0f6"
"mwgoefg.yi.org","277","bobax_dga_57c3e0f6"
"vivdbgj.dynserv.com","278","bobax_dga_57c3e0f6"
"xoogblws.dynserv.com","279","bobax_dga_57c3e0f6"
"narvrtqbddd.mooo.com","280","bobax_dga_57c3e0f6"
"clbypsvp.mooo.com","281","bobax_dga_57c3e0f6"
"tcijuvwcka.dyndns.org","282","bobax_dga_57c3e0f6"
"rsxhoojs.dyndns.org","283","bobax_dga_57c3e0f6"
"qcoruizh.yi.org","284","bobax_dga_57c3e0f6"
"qsesrrwefp.yi.org","285","bobax_dga_57c3e0f6"
"ttcwzadqxpm.dynserv.com","286","bobax_dga_57c3e0f6"
"itnofebo.dynserv.com","287","bobax_dga_57c3e0f6"
"epzfunyut.mooo.com","288","bobax_dga_57c3e0f6"
"bhimcgfl.mooo.com","289","bobax_dga_57c3e0f6"
"qbfnof.dyndns.org","290","bobax_dga_57c3e0f6"
"jydgko.dyndns.org","291","bobax_dga_57c3e0f6"
"fplhaqb.yi.org","292","bobax_dga_57c3e0f6"
"bbnmuuscwm.yi.org","293","bobax_dga_57c3e0f6"
"ttaebqufo.dynserv.com","294","bobax_dga_57c3e0f6"
"qebihodgxqv.dynserv.com","295","bobax_dga_57c3e0f6"
"jbaltfdvwmb.mooo.com","296","bobax_dga_57c3e0f6"
"ehcjqtejxs.mooo.com","297","bobax_dga_57c3e0f6"
"uwmbnsct.dyndns.org","298","bobax_dga_57c3e0f6"
"fxhbaxmuakb.dyndns.org","299","bobax_dga_57c3e0f6"
