"4af374e8dfe6b611.net","0","chir_dga_48b6091a"
"2bff2694930d2e21.cn","1","chir_dga_48b6091a"
"ade34ea82c4f7f2f.net","2","chir_dga_48b6091a"
"ba33f9b4c64ca376.cn","3","chir_dga_48b6091a"
"85b1806cb218cbfb.net","4","chir_dga_48b6091a"
"f661e398d876c6f7.cn","5","chir_dga_48b6091a"
"79ecbf1c3a6c76b8.net","6","chir_dga_48b6091a"
"84e4fca29d18a44d.cn","7","chir_dga_48b6091a"
"026ac50bb7a03a66.net","8","chir_dga_48b6091a"
"311a05d34cf1468f.cn","9","chir_dga_48b6091a"
"f93da982ea703678.net","10","chir_dga_48b6091a"
"153ab420f93bf8c2.cn","11","chir_dga_48b6091a"
"d310db5d2e949b28.net","12","chir_dga_48b6091a"
"96b0b989c67fd14c.cn","13","chir_dga_48b6091a"
"d2956aec2e90d14e.net","14","chir_dga_48b6091a"
"41dc212617651a05.cn","15","chir_dga_48b6091a"
"88ba41ba94a1a859.net","16","chir_dga_48b6091a"
"3826c1d994597be0.cn","17","chir_dga_48b6091a"
"a5e2196d243ebece.net","18","chir_dga_48b6091a"
"757237e797d57eb0.cn","19","chir_dga_48b6091a"
"1f166bc3f93eecf2.net","20","chir_dga_48b6091a"
"d747cc5c4b455ee8.cn","21","chir_dga_48b6091a"
"0159374d0de50d47.net","22","chir_dga_48b6091a"
"1f0b93e16131a50d.cn","23","chir_dga_48b6091a"
"07534836a7ab89f5.net","24","chir_dga_48b6091a"
"1da614ab95152ba7.cn","25","chir_dga_48b6091a"
"5fe4d8e44b5a8cf0.net","26","chir_dga_48b6091a"
"f6b9d6e90dab0c30.cn","27","chir_dga_48b6091a"
"01305b0d9870382f.net","28","chir_dga_48b6091a"
"07ab5b10aa261f7f.cn","29","chir_dga_48b6091a"
"5883b710a49052ea.net","30","chir_dga_48b6091a"
"045f8b0d421f5313.cn","31","chir_dga_48b6091a"
"56e3c914893f3b74.net","32","chir_dga_48b6091a"
"060518eb1a2038b0.cn","33","chir_dga_48b6091a"
"4a69103988755e28.net","34","chir_dga_48b6091a"
"3e53d3f0409f42f9.cn","35","chir_dga_48b6091a"
"1f9325e22a6f5741.net","36","chir_dga_48b6091a"
"1dae6d9aaa2e2c90.cn","37","chir_dga_48b6091a"
"71941a12d5f8f2bb.net","38","chir_dga_48b6091a"
"4f2e40c0eda62190.cn","39","chir_dga_48b6091a"
"cc11a6fec9b8d9e6.net","40","chir_dga_48b6091a"
"f0d5fe497e4cab8f.cn","41","chir_dga_48b6091a"
"0937202cfefc2887.net","42","chir_dga_48b6091a"
"7a3d162dcddb6204.cn","43","chir_dga_48b6091a"
"96728c5a7963739f.net","44","chir_dga_48b6091a"
"d393c0d2d3ae90d3.cn","45","chir_dga_48b6091a"
"9a6912e0471cf26d.net","46","chir_dga_48b6091a"
"addbc8a0b2dc128d.cn","47","chir_dga_48b6091a"
"2e8945705c24f1e5.net","48","chir_dga_48b6091a"
"7f7dd42d1c29ef8d.cn","49","chir_dga_48b6091a"
"b32f92b15de9f0bb.net","50","chir_dga_48b6091a"
"0edc8a27c2433383.cn","51","chir_dga_48b6091a"
"646523d38b0983cf.net","52","chir_dga_48b6091a"
"2c2c5e5be6fba0d5.cn","53","chir_dga_48b6091a"
"077fb3b8dd4da531.net","54","chir_dga_48b6091a"
"0c26d2c2049a8e73.cn","55","chir_dga_48b6091a"
"5b929d1036fa444a.net","56","chir_dga_48b6091a"
"0640187a1038dce5.cn","57","chir_dga_48b6091a"
"991610050eba82b7.net","58","chir_dga_48b6091a"
"3eabb365ef009bef.cn","59","chir_dga_48b6091a"
"dd0ddbb4209127e4.net","60","chir_dga_48b6091a"
"e89a2246c3ccf265.cn","61","chir_dga_48b6091a"
"63b598873773e049.net","62","chir_dga_48b6091a"
"40bca8e8ec42c01d.cn","63","chir_dga_48b6091a"
"f386ecf3e63ee914.net","64","chir_dga_48b6091a"
"b4198d3d9e92be53.cn","65","chir_dga_48b6091a"
"454895af30fd8f2a.net","66","chir_dga_48b6091a"
"66ce6480dab4e3dd.cn","67","chir_dga_48b6091a"
"92f099df7257104e.net","68","chir_dga_48b6091a"
"32cd60f06b38fba6.cn","69","chir_dga_48b6091a"
"2e99f2024b6cbbb9.net","70","chir_dga_48b6091a"
"28ce9d866867bbd1.cn","71","chir_dga_48b6091a"
"2265741706dc02bf.net","72","chir_dga_48b6091a"
"1eb8951a9949b70f.cn","73","chir_dga_48b6091a"
"51f37b25fc5423eb.net","74","chir_dga_48b6091a"
"c299f767b55ea94d.cn","75","chir_dga_48b6091a"
"0aaaec540173faf8.net","76","chir_dga_48b6091a"
"2d4fa763677f70ff.cn","77","chir_dga_48b6091a"
"51907ee89631be63.net","78","chir_dga_48b6091a"
"2f8a38edf13d522f.cn","79","chir_dga_48b6091a"
"8414dac3a4bb672a.net","80","chir_dga_48b6091a"
"0bc31989c74cf805.cn","81","chir_dga_48b6091a"
"7fee6a4f7c9219d8.net","82","chir_dga_48b6091a"
"5da4955298199798.cn","83","chir_dga_48b6091a"
"1261043ccb69ca1c.net","84","chir_dga_48b6091a"
"7ff69ea4e4e6e8da.cn","85","chir_dga_48b6091a"
"0bc5eab3b47f455b.net","86","chir_dga_48b6091a"
"97d41860e78abafc.cn","87","chir_dga_48b6091a"
"d2b12a2026841792.net","88","chir_dga_48b6091a"
"1352df10061bf487.cn","89","chir_dga_48b6091a"
"44cb2713693dedc7.net","90","chir_dga_48b6091a"
"a833b607f96ae621.cn","91","chir_dga_48b6091a"
"77259ea8ea933db4.net","92","chir_dga_48b6091a"
"11f3a7b8a3d1043f.cn","93","chir_dga_48b6091a"
"335c463c4f34be61.net","94","chir_dga_48b6091a"
"1f50a2e7812ac398.cn","95","chir_dga_48b6091a"
"2ba6572ae4c3b3e4.net","96","chir_dga_48b6091a"
"4d2224e99409d98e.cn","97","chir_dga_48b6091a"
"58b3ee001f33ea64.net","98","chir_dga_48b6091a"
"a743943ea755b618.cn","99","chir_dga_48b6091a"
