"003zzy.com","0","darkshell_dga_2bcf3d71"
"103yzy.com","1","darkshell_dga_2bcf3d71"
"203xzy.com","2","darkshell_dga_2bcf3d71"
"303wzy.com","3","darkshell_dga_2bcf3d71"
"403vzy.com","4","darkshell_dga_2bcf3d71"
"503uzy.com","5","darkshell_dga_2bcf3d71"
"603tzy.com","6","darkshell_dga_2bcf3d71"
"703szy.com","7","darkshell_dga_2bcf3d71"
"803rzy.com","8","darkshell_dga_2bcf3d71"
"903qzy.com","9","darkshell_dga_2bcf3d71"
"A03izy.com","17","darkshell_dga_2bcf3d71"
"B03hzy.com","18","darkshell_dga_2bcf3d71"
"C03gzy.com","19","darkshell_dga_2bcf3d71"
"D03fzy.com","20","darkshell_dga_2bcf3d71"
"E03ezy.com","21","darkshell_dga_2bcf3d71"
"F03dzy.com","22","darkshell_dga_2bcf3d71"
"G03czy.com","23","darkshell_dga_2bcf3d71"
"H03bzy.com","24","darkshell_dga_2bcf3d71"
"I03azy.com","25","darkshell_dga_2bcf3d71"
"P03Zzy.com","32","darkshell_dga_2bcf3d71"
"Q03Yzy.com","33","darkshell_dga_2bcf3d71"
"R03Xzy.com","34","darkshell_dga_2bcf3d71"
"S03Wzy.com","35","darkshell_dga_2bcf3d71"
"T03Vzy.com","36","darkshell_dga_2bcf3d71"
"U03Uzy.com","37","darkshell_dga_2bcf3d71"
"V03Tzy.com","38","darkshell_dga_2bcf3d71"
"W03Szy.com","39","darkshell_dga_2bcf3d71"
"X03Rzy.com","40","darkshell_dga_2bcf3d71"
"Y03Qzy.com","41","darkshell_dga_2bcf3d71"
"Z03Pzy.com","42","darkshell_dga_2bcf3d71"
"a03Izy.com","49","darkshell_dga_2bcf3d71"
"b03Hzy.com","50","darkshell_dga_2bcf3d71"
"c03Gzy.com","51","darkshell_dga_2bcf3d71"
"d03Fzy.com","52","darkshell_dga_2bcf3d71"
"e03Ezy.com","53","darkshell_dga_2bcf3d71"
"f03Dzy.com","54","darkshell_dga_2bcf3d71"
"g03Czy.com","55","darkshell_dga_2bcf3d71"
"h03Bzy.com","56","darkshell_dga_2bcf3d71"
"i03Azy.com","57","darkshell_dga_2bcf3d71"
"q039zy.com","65","darkshell_dga_2bcf3d71"
"r038zy.com","66","darkshell_dga_2bcf3d71"
"s037zy.com","67","darkshell_dga_2bcf3d71"
"t036zy.com","68","darkshell_dga_2bcf3d71"
"u035zy.com","69","darkshell_dga_2bcf3d71"
"v034zy.com","70","darkshell_dga_2bcf3d71"
"w033zy.com","71","darkshell_dga_2bcf3d71"
"x032zy.com","72","darkshell_dga_2bcf3d71"
"y031zy.com","73","darkshell_dga_2bcf3d71"
"z030zy.com","74","darkshell_dga_2bcf3d71"
