"ddknt.github.io","0","downloader_dga_3f59f291"
"ddktn.github.io","1","downloader_dga_3f59f291"
"ddnkt.github.io","2","downloader_dga_3f59f291"
"ddntk.github.io","3","downloader_dga_3f59f291"
"ddtkn.github.io","4","downloader_dga_3f59f291"
"ddtnk.github.io","5","downloader_dga_3f59f291"
"dkdnt.github.io","6","downloader_dga_3f59f291"
"dkdtn.github.io","7","downloader_dga_3f59f291"
"dkndt.github.io","8","downloader_dga_3f59f291"
"dkntd.github.io","9","downloader_dga_3f59f291"
"dktdn.github.io","10","downloader_dga_3f59f291"
"dktnd.github.io","11","downloader_dga_3f59f291"
"dndkt.github.io","12","downloader_dga_3f59f291"
"dndtk.github.io","13","downloader_dga_3f59f291"
"dnkdt.github.io","14","downloader_dga_3f59f291"
"dnktd.github.io","15","downloader_dga_3f59f291"
"dntdk.github.io","16","downloader_dga_3f59f291"
"dntkd.github.io","17","downloader_dga_3f59f291"
"dtdkn.github.io","18","downloader_dga_3f59f291"
"dtdnk.github.io","19","downloader_dga_3f59f291"
"dtkdn.github.io","20","downloader_dga_3f59f291"
"dtknd.github.io","21","downloader_dga_3f59f291"
"dtndk.github.io","22","downloader_dga_3f59f291"
"dtnkd.github.io","23","downloader_dga_3f59f291"
"ddknt.github.io","24","downloader_dga_3f59f291"
"ddktn.github.io","25","downloader_dga_3f59f291"
"ddnkt.github.io","26","downloader_dga_3f59f291"
"ddntk.github.io","27","downloader_dga_3f59f291"
"ddtkn.github.io","28","downloader_dga_3f59f291"
"ddtnk.github.io","29","downloader_dga_3f59f291"
"dkdnt.github.io","30","downloader_dga_3f59f291"
"dkdtn.github.io","31","downloader_dga_3f59f291"
"dkndt.github.io","32","downloader_dga_3f59f291"
"dkntd.github.io","33","downloader_dga_3f59f291"
"dktdn.github.io","34","downloader_dga_3f59f291"
"dktnd.github.io","35","downloader_dga_3f59f291"
"dndkt.github.io","36","downloader_dga_3f59f291"
"dndtk.github.io","37","downloader_dga_3f59f291"
"dnkdt.github.io","38","downloader_dga_3f59f291"
"dnktd.github.io","39","downloader_dga_3f59f291"
"dntdk.github.io","40","downloader_dga_3f59f291"
"dntkd.github.io","41","downloader_dga_3f59f291"
"dtdkn.github.io","42","downloader_dga_3f59f291"
"dtdnk.github.io","43","downloader_dga_3f59f291"
"dtkdn.github.io","44","downloader_dga_3f59f291"
"dtknd.github.io","45","downloader_dga_3f59f291"
"dtndk.github.io","46","downloader_dga_3f59f291"
"dtnkd.github.io","47","downloader_dga_3f59f291"
"kddnt.github.io","48","downloader_dga_3f59f291"
"kddtn.github.io","49","downloader_dga_3f59f291"
"kdndt.github.io","50","downloader_dga_3f59f291"
"kdntd.github.io","51","downloader_dga_3f59f291"
"kdtdn.github.io","52","downloader_dga_3f59f291"
"kdtnd.github.io","53","downloader_dga_3f59f291"
"kddnt.github.io","54","downloader_dga_3f59f291"
"kddtn.github.io","55","downloader_dga_3f59f291"
"kdndt.github.io","56","downloader_dga_3f59f291"
"kdntd.github.io","57","downloader_dga_3f59f291"
"kdtdn.github.io","58","downloader_dga_3f59f291"
"kdtnd.github.io","59","downloader_dga_3f59f291"
"knddt.github.io","60","downloader_dga_3f59f291"
"kndtd.github.io","61","downloader_dga_3f59f291"
"knddt.github.io","62","downloader_dga_3f59f291"
"kndtd.github.io","63","downloader_dga_3f59f291"
"kntdd.github.io","64","downloader_dga_3f59f291"
"kntdd.github.io","65","downloader_dga_3f59f291"
"ktddn.github.io","66","downloader_dga_3f59f291"
"ktdnd.github.io","67","downloader_dga_3f59f291"
"ktddn.github.io","68","downloader_dga_3f59f291"
"ktdnd.github.io","69","downloader_dga_3f59f291"
"ktndd.github.io","70","downloader_dga_3f59f291"
"ktndd.github.io","71","downloader_dga_3f59f291"
"nddkt.github.io","72","downloader_dga_3f59f291"
"nddtk.github.io","73","downloader_dga_3f59f291"
"ndkdt.github.io","74","downloader_dga_3f59f291"
"ndktd.github.io","75","downloader_dga_3f59f291"
"ndtdk.github.io","76","downloader_dga_3f59f291"
"ndtkd.github.io","77","downloader_dga_3f59f291"
"nddkt.github.io","78","downloader_dga_3f59f291"
"nddtk.github.io","79","downloader_dga_3f59f291"
"ndkdt.github.io","80","downloader_dga_3f59f291"
"ndktd.github.io","81","downloader_dga_3f59f291"
"ndtdk.github.io","82","downloader_dga_3f59f291"
"ndtkd.github.io","83","downloader_dga_3f59f291"
"nkddt.github.io","84","downloader_dga_3f59f291"
"nkdtd.github.io","85","downloader_dga_3f59f291"
"nkddt.github.io","86","downloader_dga_3f59f291"
"nkdtd.github.io","87","downloader_dga_3f59f291"
"nktdd.github.io","88","downloader_dga_3f59f291"
"nktdd.github.io","89","downloader_dga_3f59f291"
"ntddk.github.io","90","downloader_dga_3f59f291"
"ntdkd.github.io","91","downloader_dga_3f59f291"
"ntddk.github.io","92","downloader_dga_3f59f291"
"ntdkd.github.io","93","downloader_dga_3f59f291"
"ntkdd.github.io","94","downloader_dga_3f59f291"
"ntkdd.github.io","95","downloader_dga_3f59f291"
"tddkn.github.io","96","downloader_dga_3f59f291"
"tddnk.github.io","97","downloader_dga_3f59f291"
"tdkdn.github.io","98","downloader_dga_3f59f291"
"tdknd.github.io","99","downloader_dga_3f59f291"
"tdndk.github.io","100","downloader_dga_3f59f291"
"tdnkd.github.io","101","downloader_dga_3f59f291"
"tddkn.github.io","102","downloader_dga_3f59f291"
"tddnk.github.io","103","downloader_dga_3f59f291"
"tdkdn.github.io","104","downloader_dga_3f59f291"
"tdknd.github.io","105","downloader_dga_3f59f291"
"tdndk.github.io","106","downloader_dga_3f59f291"
"tdnkd.github.io","107","downloader_dga_3f59f291"
"tkddn.github.io","108","downloader_dga_3f59f291"
"tkdnd.github.io","109","downloader_dga_3f59f291"
"tkddn.github.io","110","downloader_dga_3f59f291"
"tkdnd.github.io","111","downloader_dga_3f59f291"
"tkndd.github.io","112","downloader_dga_3f59f291"
"tkndd.github.io","113","downloader_dga_3f59f291"
"tnddk.github.io","114","downloader_dga_3f59f291"
"tndkd.github.io","115","downloader_dga_3f59f291"
"tnddk.github.io","116","downloader_dga_3f59f291"
"tndkd.github.io","117","downloader_dga_3f59f291"
"tnkdd.github.io","118","downloader_dga_3f59f291"
"tnkdd.github.io","119","downloader_dga_3f59f291"
