"f1scbce6jen3p.info","0","ebury_dga_df7f59c6"
"k2xcrcw6uec3u.net","1","ebury_dga_df7f59c6"
"f5hckcs6qew3w.biz","2","ebury_dga_df7f59c6"
"nabcicy6hed3v.info","3","ebury_dga_df7f59c6"
"d1wdtci6fee3g.net","4","ebury_dga_df7f59c6"
"caydscl6gev3y.biz","5","ebury_dga_df7f59c6"
"d5eeucp6ves3s.info","6","ebury_dga_df7f59c6"
"f2ofjcx6dei3d.net","7","ebury_dga_df7f59c6"
"y1s0bdx6dei3m.biz","8","ebury_dga_df7f59c6"
"q2e1rdp6ves3v.info","9","ebury_dga_df7f59c6"
"y5n2kdg6lep3p.net","10","ebury_dga_df7f59c6"
"iar3idr6zea3b.biz","11","ebury_dga_df7f59c6"
"a1n5tdh6yex3n.info","12","ebury_dga_df7f59c6"
"sak6sdt6neb3r.net","13","ebury_dga_df7f59c6"
"a5i8udm6beg3g.biz","14","ebury_dga_df7f59c6"
"y2hajdo6aeh3a.info","15","ebury_dga_df7f59c6"
"r1ncjdo6aeh3e.net","16","ebury_dga_df7f59c6"
"l2xeudm6beg3b.biz","17","ebury_dga_df7f59c6"
"r5z0ken6tem3m.info","18","ebury_dga_df7f59c6"
"hav2ieu6wek3j.net","19","ebury_dga_df7f59c6"
"k1i5tez6reo3i.biz","20","ebury_dga_df7f59c6"
"gak7sef6iej3u.info","21","ebury_dga_df7f59c6"
"k5nauee6jen3n.net","22","ebury_dga_df7f59c6"
"r2ndjec6kez3k.biz","23","ebury_dga_df7f59c6"
"u1n0bfc6kez3x.info","24","ebury_dga_df7f59c6"
"t2e3rfe6jen3j.net","25","ebury_dga_df7f59c6"
"u5s6kfi6fee3e.biz","26","ebury_dga_df7f59c6"
"zal9ifv6peq3d.info","27","ebury_dga_df7f59c6"
"q1edtfw6uec3h.net","28","ebury_dga_df7f59c6"
"nav0n0f7hed3v.biz","29","ebury_dga_df7f59c6"
"q5e4b0e7dei3i.info","30","ebury_dga_df7f59c6"
"u2m8a0c7qew3q.net","31","ebury_dga_df7f59c6"
"v1hca0c7qew3o.biz","32","ebury_dga_df7f59c6"
"f2s0v1e7dei3d.info","33","ebury_dga_df7f59c6"
"v5i4l1i7yex3x.net","34","ebury_dga_df7f59c6"
"waf8z1v7mel3a.biz","35","ebury_dga_df7f59c6"
"l1xdy1w7ves3z.info","36","ebury_dga_df7f59c6"
"iav1g2y7zea3b.net","37","ebury_dga_df7f59c6"
"l5m6v2x7aeh3h.biz","38","ebury_dga_df7f59c6"
"v2wbd2s7lep3l.info","39","ebury_dga_df7f59c6"
"b1h0j3s7lep3c.net","40","ebury_dga_df7f59c6"
"y2e5u3x7aeh3a.biz","41","ebury_dga_df7f59c6"
"b5oaq3h7reo3o.info","42","ebury_dga_df7f59c6"
"padfh3b7eet3k.net","43","ebury_dga_df7f59c6"
"t1w5t4p7beg3w.biz","44","ebury_dga_df7f59c6"
"hakas4r7wek3j.info","45","ebury_dga_df7f59c6"
"t5n0r5o7kez3z.net","46","ebury_dga_df7f59c6"
"b2c6b5g7tem3t.biz","47","ebury_dga_df7f59c6"
"j1wcb5g7tem3s.info","48","ebury_dga_df7f59c6"
"r2s2y6o7kez3k.net","49","ebury_dga_df7f59c6"
"j5g8a6z7uec3c.biz","50","ebury_dga_df7f59c6"
"maken6j7xef3q.info","51","ebury_dga_df7f59c6"
"f1p5q7m7jen3p.net","52","ebury_dga_df7f59c6"
"zakbo7u7peq3d.biz","53","ebury_dga_df7f59c6"
"f5g2f8c7qew3w.info","54","ebury_dga_df7f59c6"
"j2x9u8n7fee3f.net","55","ebury_dga_df7f59c6"
"d1w0r9n7fee3g.biz","56","ebury_dga_df7f59c6"
"u2e7t9c7qew3q.info","57","ebury_dga_df7f59c6"
"d5eej9w7ves3s.net","58","ebury_dga_df7f59c6"
"eaj5cad7oey3l.biz","59","ebury_dga_df7f59c6"
"y1sdaae7dei3m.info","60","ebury_dga_df7f59c6"
"wav4mbv7mel3a.net","61","ebury_dga_df7f59c6"
"y5zclbs7lep3p.biz","62","ebury_dga_df7f59c6"
"d2i4fci7yex3y.info","63","ebury_dga_df7f59c6"
"a1mcfci7yex3n.net","64","ebury_dga_df7f59c6"
"v2s4kds7lep3l.biz","65","ebury_dga_df7f59c6"
"a5ccudp7beg3g.info","66","ebury_dga_df7f59c6"
"xaa4eea7cer3t.net","67","ebury_dga_df7f59c6"
"r1gdbex7aeh3e.biz","68","ebury_dga_df7f59c6"
"pav5zfb7eet3k.info","69","ebury_dga_df7f59c6"
"r5heafg7tem3m.net","70","ebury_dga_df7f59c6"
"a2g7f0i8reo3r.biz","71","ebury_dga_df7f59c6"
"k1m0t1i8reo3i.info","72","ebury_dga_df7f59c6"
"b2e9k1s8tem3t.net","73","ebury_dga_df7f59c6"
"k5x2r2p8jen3n.biz","74","ebury_dga_df7f59c6"
"oarbe2a8seu3f.info","75","ebury_dga_df7f59c6"
"u1x5v3x8kez3x.net","76","ebury_dga_df7f59c6"
"makez3b8xef3q.biz","77","ebury_dga_df7f59c6"
"u5o8d4g8fee3e.info","78","ebury_dga_df7f59c6"
"k2p2k5h8uec3u.net","79","ebury_dga_df7f59c6"
"q1xck5h8uec3h.biz","80","ebury_dga_df7f59c6"
"j2s6b6g8fee3f.info","81","ebury_dga_df7f59c6"
"q5s0l7m8dei3i.net","82","ebury_dga_df7f59c6"
"cavaz7k8gev3y.biz","83","ebury_dga_df7f59c6"
"v1o5f8o8qew3o.info","84","ebury_dga_df7f59c6"
"eakfg8j8oey3l.net","85","ebury_dga_df7f59c6"
"v5xau9n8yex3x.biz","86","ebury_dga_df7f59c6"
"q2z5baz8ves3v.info","87","ebury_dga_df7f59c6"
"l1x0vbz8ves3z.net","88","ebury_dga_df7f59c6"
"d2ebybn8yex3y.biz","89","ebury_dga_df7f59c6"
"l5m6dce8aeh3h.info","90","ebury_dga_df7f59c6"
"say1sdq8neb3r.net","91","ebury_dga_df7f59c6"
"b1hdkdc8lep3c.biz","92","ebury_dga_df7f59c6"
"xav8eed8cer3t.info","93","ebury_dga_df7f59c6"
"b5h4lfi8reo3o.net","94","ebury_dga_df7f59c6"
"l2o0u0z9beg3b.biz","95","ebury_dga_df7f59c6"
"t1ccu0z9beg3w.info","96","ebury_dga_df7f59c6"
"a2s8t1n9reo3r.net","97","ebury_dga_df7f59c6"
"t5o4b2e9kez3z.biz","98","ebury_dga_df7f59c6"
"gau0o3q9iej3u.info","99","ebury_dga_df7f59c6"
"j1zdd3c9tem3s.net","100","ebury_dga_df7f59c6"
"oav9p4d9seu3f.biz","101","ebury_dga_df7f59c6"
"j5i6k5i9uec3c.info","102","ebury_dga_df7f59c6"
"t2e3l6w9jen3j.net","103","ebury_dga_df7f59c6"
"f1c0q7w9jen3p.biz","104","ebury_dga_df7f59c6"
"k2edd7i9uec3u.info","105","ebury_dga_df7f59c6"
"f5waf8x9qew3w.net","106","ebury_dga_df7f59c6"
"naq7w9l9hed3v.biz","107","ebury_dga_df7f59c6"
"d1g5yas9fee3g.info","108","ebury_dga_df7f59c6"
"cat2gba9gev3y.net","109","ebury_dga_df7f59c6"
"d5x0uch9ves3s.biz","110","ebury_dga_df7f59c6"
"f2cejcp9dei3d.info","111","ebury_dga_df7f59c6"
"y1gcbdp9dei3m.net","112","ebury_dga_df7f59c6"
"q2sayeh9ves3v.biz","113","ebury_dga_df7f59c6"
"y5e8dfo9lep3p.info","114","ebury_dga_df7f59c6"
"iat6i0lazea3b.net","115","ebury_dga_df7f59c6"
"a1n5l1sayex3n.biz","116","ebury_dga_df7f59c6"
"sat3o2aaneb3r.info","117","ebury_dga_df7f59c6"
"a5e2f3habeg3g.net","118","ebury_dga_df7f59c6"
"y2s1r4paaeh3a.biz","119","ebury_dga_df7f59c6"
"r1g0y5paaeh3e.info","120","ebury_dga_df7f59c6"
"l2efl5habeg3b.net","121","ebury_dga_df7f59c6"
"r5hev6oatem3m.biz","122","ebury_dga_df7f59c6"
"hajdx7tawek3j.info","123","ebury_dga_df7f59c6"
"k1mdb8gareo3i.net","124","ebury_dga_df7f59c6"
"gavcz9kaiej3u.biz","125","ebury_dga_df7f59c6"
"k5scdazajen3n.info","126","ebury_dga_df7f59c6"
"r2ickbmakez3k.net","127","ebury_dga_df7f59c6"
"u1icacmakez3x.biz","128","ebury_dga_df7f59c6"
"t2scvdzajen3j.info","129","ebury_dga_df7f59c6"
"u5pcqecafee3e.net","130","ebury_dga_df7f59c6"
"zaaciffapeq3d.biz","131","ebury_dga_df7f59c6"
"q1edy0gbuec3h.info","132","ebury_dga_df7f59c6"
"navdg1kbhed3v.net","133","ebury_dga_df7f59c6"
"q5ceu2zbdei3i.biz","134","ebury_dga_df7f59c6"
"u2gfb3mbqew3q.info","135","ebury_dga_df7f59c6"
"v1i0u5mbqew3o.net","136","ebury_dga_df7f59c6"
"f2c1t6zbdei3d.biz","137","ebury_dga_df7f59c6"
"v5z2b7cbyex3x.info","138","ebury_dga_df7f59c6"
"wab3o8fbmel3a.net","139","ebury_dga_df7f59c6"
"l1z5j9nbves3z.biz","140","ebury_dga_df7f59c6"
"iat6waqbzea3b.info","141","ebury_dga_df7f59c6"
"l5w8abwbaeh3h.net","142","ebury_dga_df7f59c6"
"v2paqceblep3l.biz","143","ebury_dga_df7f59c6"
"b1zckdeblep3c.info","144","ebury_dga_df7f59c6"
"y2sebewbaeh3a.net","145","ebury_dga_df7f59c6"
"b5m0f0ccreo3o.biz","146","ebury_dga_df7f59c6"
"pad2w1fceet3k.info","147","ebury_dga_df7f59c6"
"t1w5y2ncbeg3w.net","148","ebury_dga_df7f59c6"
"hat7g3qcwek3j.biz","149","ebury_dga_df7f59c6"
"t5zau4wckez3z.info","150","ebury_dga_df7f59c6"
"b2zdb5ectem3t.net","151","ebury_dga_df7f59c6"
"j1z0u7ectem3s.biz","152","ebury_dga_df7f59c6"
"r2c3t8wckez3k.info","153","ebury_dga_df7f59c6"
"j5i6b9scuec3c.net","154","ebury_dga_df7f59c6"
"may9oaycxef3q.biz","155","ebury_dga_df7f59c6"
"f1cdjbicjen3p.info","156","ebury_dga_df7f59c6"
"zad0zdlcpeq3d.net","157","ebury_dga_df7f59c6"
"f5c4depcqew3w.biz","158","ebury_dga_df7f59c6"
"j2o8kfxcfee3f.info","159","ebury_dga_df7f59c6"
"d1pcl0edfee3g.net","160","ebury_dga_df7f59c6"
"u2i0j2wdqew3q.biz","161","ebury_dga_df7f59c6"
"d5w4t3sdves3s.info","162","ebury_dga_df7f59c6"
"eau8z4ydoey3l.net","163","ebury_dga_df7f59c6"
"y1sdf5iddei3m.biz","164","ebury_dga_df7f59c6"
"wad1c7ldmel3a.info","165","ebury_dga_df7f59c6"
"y5o6y8pdlep3p.net","166","ebury_dga_df7f59c6"
"d2ebu9xdyex3y.biz","167","ebury_dga_df7f59c6"
"a1p0ybxdyex3n.info","168","ebury_dga_df7f59c6"
"v2c5qcpdlep3l.net","169","ebury_dga_df7f59c6"
"a5gaudgdbeg3g.biz","170","ebury_dga_df7f59c6"
"xaqfeerdcer3t.info","171","ebury_dga_df7f59c6"
"r1e5j0ieaeh3e.net","172","ebury_dga_df7f59c6"
"pataw1leeet3k.biz","173","ebury_dga_df7f59c6"
"r5z0d3petem3m.info","174","ebury_dga_df7f59c6"
"a2n6k4xereo3r.net","175","ebury_dga_df7f59c6"
"k1eca5xereo3i.biz","176","ebury_dga_df7f59c6"
"b2i2u7petem3t.info","177","ebury_dga_df7f59c6"
"k5h8k8gejen3n.net","178","ebury_dga_df7f59c6"
"oaten9reseu3f.biz","179","ebury_dga_df7f59c6"
"u1x5kbhekez3x.info","180","ebury_dga_df7f59c6"
"matbectexef3q.net","181","ebury_dga_df7f59c6"
"u5h2qemefee3e.biz","182","ebury_dga_df7f59c6"
"k2s9tfoeuec3u.info","183","ebury_dga_df7f59c6"
"q1e0f1xfuec3h.net","184","ebury_dga_df7f59c6"
"j2c7k2pffee3f.biz","185","ebury_dga_df7f59c6"
"q5cer3gfdei3i.info","186","ebury_dga_df7f59c6"
"cak5p5rfgev3y.net","187","ebury_dga_df7f59c6"
"v1idr6hfqew3o.biz","188","ebury_dga_df7f59c6"
"ead4g8tfoey3l.info","189","ebury_dga_df7f59c6"
"v5mcu9mfyex3x.net","190","ebury_dga_df7f59c6"
"q2w4vbofves3v.biz","191","ebury_dga_df7f59c6"
"l1ocucofves3z.info","192","ebury_dga_df7f59c6"
"d2i4lemfyex3y.net","193","ebury_dga_df7f59c6"
"l5ncvfnfaeh3h.biz","194","ebury_dga_df7f59c6"
"sal4c1b0gfb3r.info","195","ebury_dga_df7f59c6"
"b1hdd2p0qfp3c.net","196","ebury_dga_df7f59c6"
"xad5w4r0ofr3t.biz","197","ebury_dga_df7f59c6"
"b5pea5o0yfo3o.info","198","ebury_dga_df7f59c6"
"l2h7k7g0vfg3b.net","199","ebury_dga_df7f59c6"
"t1o0d9g0vfg3w.biz","200","ebury_dga_df7f59c6"
"a2c9uao0yfo3r.info","201","ebury_dga_df7f59c6"
"t5s2acz0afz3z.net","202","ebury_dga_df7f59c6"
"gabbgdj0nfj3u.biz","203","ebury_dga_df7f59c6"
"j1s5afm0lfm3s.info","204","ebury_dga_df7f59c6"
"oateo0r1cfu3f.net","205","ebury_dga_df7f59c6"
"j5g8t2o1rfc3c.biz","206","ebury_dga_df7f59c6"
"t2x2f4g1bfn3j.info","207","ebury_dga_df7f59c6"
"f1sct5g1bfn3p.net","208","ebury_dga_df7f59c6"
"k2i6d7o1rfc3u.biz","209","ebury_dga_df7f59c6"
"f5i0t9z1kfw3w.info","210","ebury_dga_df7f59c6"
"nadazaj1ifd3v.net","211","ebury_dga_df7f59c6"
"d1g5tcm1tfe3g.biz","212","ebury_dga_df7f59c6"
"catfcdu1sfv3y.info","213","ebury_dga_df7f59c6"
"d5saffc1ufs3s.net","214","ebury_dga_df7f59c6"
"f2m5v1g2jfi3d.biz","215","ebury_dga_df7f59c6"
"y1s0r3g2jfi3m.info","216","ebury_dga_df7f59c6"
"q2cbl4o2ufs3v.net","217","ebury_dga_df7f59c6"
"y5o6u6z2qfp3p.biz","218","ebury_dga_df7f59c6"
"iav1m8j2hfa3b.info","219","ebury_dga_df7f59c6"
"a1pdu9m2ffx3n.net","220","ebury_dga_df7f59c6"
"sad8nbu2gfb3r.biz","221","ebury_dga_df7f59c6"
"a5p4udc2vfg3g.info","222","ebury_dga_df7f59c6"
"y2g0vfn2dfh3a.net","223","ebury_dga_df7f59c6"
"r1ncj0g3dfh3e.biz","224","ebury_dga_df7f59c6"
"l2i8y2o3vfg3b.info","225","ebury_dga_df7f59c6"
"r5g4j4z3lfm3m.net","226","ebury_dga_df7f59c6"
"haj0o6j3zfk3j.biz","227","ebury_dga_df7f59c6"
"k1mdj7m3yfo3i.info","228","ebury_dga_df7f59c6"
"gad9z9u3nfj3u.net","229","ebury_dga_df7f59c6"
"k5w6jbc3bfn3n.biz","230","ebury_dga_df7f59c6"
"r2c3ddn3afz3k.info","231","ebury_dga_df7f59c6"
"u1n0bfn3afz3x.net","232","ebury_dga_df7f59c6"
"t2cdv0o4bfn3j.biz","233","ebury_dga_df7f59c6"
"u5eak2z4tfe3e.info","234","ebury_dga_df7f59c6"
"zaf7g4j4wfq3d.net","235","ebury_dga_df7f59c6"
"q1h5a6m4rfc3h.biz","236","ebury_dga_df7f59c6"
"nar2p8u4ifd3v.info","237","ebury_dga_df7f59c6"
"q5s0aac4jfi3i.net","238","ebury_dga_df7f59c6"
"u2neqbn4kfw3q.biz","239","ebury_dga_df7f59c6"
"v1hcadn4kfw3o.info","240","ebury_dga_df7f59c6"
"f2iaufc4jfi3d.net","241","ebury_dga_df7f59c6"
"v5c8l1z5ffx3x.biz","242","ebury_dga_df7f59c6"
"war6i3j5pfl3a.info","243","ebury_dga_df7f59c6"
"l1z5q5m5ufs3z.net","244","ebury_dga_df7f59c6"
"iar3e7u5hfa3b.biz","245","ebury_dga_df7f59c6"
"l5c2q9c5dfh3h.info","246","ebury_dga_df7f59c6"
"v2i1lbn5qfp3l.net","247","ebury_dga_df7f59c6"
"b1h0kdn5qfp3c.biz","248","ebury_dga_df7f59c6"
"y2cfbec5dfh3a.info","249","ebury_dga_df7f59c6"
"b5pef0z6yfo3o.net","250","ebury_dga_df7f59c6"
"pakdz2j6mft3k.biz","251","ebury_dga_df7f59c6"
"t1odt4m6vfg3w.info","252","ebury_dga_df7f59c6"
"hadco6u6zfk3j.net","253","ebury_dga_df7f59c6"
"t5ict8c6afz3z.biz","254","ebury_dga_df7f59c6"
"b2wcfan6lfm3t.info","255","ebury_dga_df7f59c6"
"j1wclcn6lfm3s.net","256","ebury_dga_df7f59c6"
"r2icjec6afz3k.biz","257","ebury_dga_df7f59c6"
"j5xcy0z7rfc3c.info","258","ebury_dga_df7f59c6"
"malcw2j7eff3q.net","259","ebury_dga_df7f59c6"
"f1cdf4m7bfn3p.biz","260","ebury_dga_df7f59c6"
"zaddc6u7wfq3d.info","261","ebury_dga_df7f59c6"
"f5nef8c7kfw3w.net","262","ebury_dga_df7f59c6"
"j2hfyan7tfe3f.biz","263","ebury_dga_df7f59c6"
"d1w0ldn7tfe3g.info","264","ebury_dga_df7f59c6"
"u2n1jfc7kfw3q.net","265","ebury_dga_df7f59c6"
"d5m2y1z8ufs3s.biz","266","ebury_dga_df7f59c6"
"eaa3w3j8xfy3l.info","267","ebury_dga_df7f59c6"
"y1m5f5m8jfi3m.net","268","ebury_dga_df7f59c6"
"war6c7u8pfl3a.biz","269","ebury_dga_df7f59c6"
"y5e8f9c8qfp3p.info","270","ebury_dga_df7f59c6"
"d2xaybn8ffx3y.net","271","ebury_dga_df7f59c6"
"a1mctdn8ffx3n.biz","272","ebury_dga_df7f59c6"
"v2iedfc8qfp3l.info","273","ebury_dga_df7f59c6"
"a5o0y2z9vfg3g.net","274","ebury_dga_df7f59c6"
"xaq2w4j9ofr3t.biz","275","ebury_dga_df7f59c6"
"r1e5f6m9dfh3e.info","276","ebury_dga_df7f59c6"
"par7c8u9mft3k.net","277","ebury_dga_df7f59c6"
"r5mafac9lfm3m.biz","278","ebury_dga_df7f59c6"
"a2mdycn9yfo3r.info","279","ebury_dga_df7f59c6"
"k1m0lfn9yfo3i.net","280","ebury_dga_df7f59c6"
"b2n3k1oalfm3t.biz","281","ebury_dga_df7f59c6"
"k5w6y3zabfn3n.info","282","ebury_dga_df7f59c6"
"oav9w5jacfu3f.net","283","ebury_dga_df7f59c6"
"u1ndf7maafz3x.biz","284","ebury_dga_df7f59c6"
"maq0oauaeff3q.info","285","ebury_dga_df7f59c6"
"u5n4tccatfe3e.net","286","ebury_dga_df7f59c6"
"k2g8fenarfc3u.biz","287","ebury_dga_df7f59c6"
"q1xcy0gbrfc3h.info","288","ebury_dga_df7f59c6"
"j2w0a3obtfe3f.net","289","ebury_dga_df7f59c6"
"q5e4f5zbjfi3i.biz","290","ebury_dga_df7f59c6"
"caj8z7jbsfv3y.info","291","ebury_dga_df7f59c6"
"v1idt9mbkfw3o.net","292","ebury_dga_df7f59c6"
"eaq1xcubxfy3l.biz","293","ebury_dga_df7f59c6"
"v5g6lecbffx3x.info","294","ebury_dga_df7f59c6"
"q2cbr0gcufs3v.net","295","ebury_dga_df7f59c6"
"l1x0t3gcufs3z.biz","296","ebury_dga_df7f59c6"
"d2n5d5ocffx3y.info","297","ebury_dga_df7f59c6"
"l5hat7zcdfh3h.net","298","ebury_dga_df7f59c6"
"saffh9jcgfb3r.biz","299","ebury_dga_df7f59c6"
"b1c5qcmcqfp3c.info","300","ebury_dga_df7f59c6"
"xaraeeucofr3t.net","301","ebury_dga_df7f59c6"
"b5m0t1odyfo3o.biz","302","ebury_dga_df7f59c6"
"l2z6f3gdvfg3b.info","303","ebury_dga_df7f59c6"
"t1ccl5gdvfg3w.net","304","ebury_dga_df7f59c6"
"a2w2b8odyfo3r.biz","305","ebury_dga_df7f59c6"
"t5p8qazdafz3z.info","306","ebury_dga_df7f59c6"
"garencjdnfj3u.net","307","ebury_dga_df7f59c6"
"j1s5afmdlfm3s.biz","308","ebury_dga_df7f59c6"
"oarbx1recfu3f.info","309","ebury_dga_df7f59c6"
"j5p2q4oerfc3c.net","310","ebury_dga_df7f59c6"
"t2i9l6gebfn3j.biz","311","ebury_dga_df7f59c6"
"f1c0a9gebfn3p.info","312","ebury_dga_df7f59c6"
"k2n7uboerfc3u.net","313","ebury_dga_df7f59c6"
"f5neadzekfw3w.biz","314","ebury_dga_df7f59c6"
"nat5n0bfifd3v.info","315","ebury_dga_df7f59c6"
"d1wdk2pftfe3g.net","316","ebury_dga_df7f59c6"
"caq4p5rfsfv3y.biz","317","ebury_dga_df7f59c6"
"d5oca7ofufs3s.info","318","ebury_dga_df7f59c6"
"f2e4aagfjfi3d.net","319","ebury_dga_df7f59c6"
"y1gcjcgfjfi3m.biz","320","ebury_dga_df7f59c6"
"q2w4ffofufs3v.info","321","ebury_dga_df7f59c6"
"y5zca1p0t0w4p.net","322","ebury_dga_df7f59c6"
"iay4c4a0w0d4b.biz","323","ebury_dga_df7f59c6"
"a1pdj6x0r0e4n.info","324","ebury_dga_df7f59c6"
"saq5h9b0i0v4r.net","325","ebury_dga_df7f59c6"
"a5xebbg0j0s4g.biz","326","ebury_dga_df7f59c6"
"y2p7beh0k0i4a.info","327","ebury_dga_df7f59c6"
"r1g0b1i1k0i4e.net","328","ebury_dga_df7f59c6"
"l2n9f3s1j0s4b.biz","329","ebury_dga_df7f59c6"
"r5i2v6p1f0p4m.info","330","ebury_dga_df7f59c6"
"haabe8a1p0a4j.net","331","ebury_dga_df7f59c6"
"k1i5rbx1u0x4i.biz","332","ebury_dga_df7f59c6"
"garegdb1h0b4u.info","333","ebury_dga_df7f59c6"
"k5h8v0s2d0g4n.net","334","ebury_dga_df7f59c6"
"r2s2v3i2q0h4k.biz","335","ebury_dga_df7f59c6"
"u1icr5i2q0h4x.info","336","ebury_dga_df7f59c6"
"t2w6k8s2d0g4j.net","337","ebury_dga_df7f59c6"
"u5w0fbp2y0m4e.biz","338","ebury_dga_df7f59c6"
"zaqazda2m0k4d.info","339","ebury_dga_df7f59c6"
"q1h5y0e3v0o4h.net","340","ebury_dga_df7f59c6"
"narfs2v3z0j4v.biz","341","ebury_dga_df7f59c6"
"q5iaf5s3a0n4i.info","342","ebury_dga_df7f59c6"
"u2o5f8i3l0z4q.net","343","ebury_dga_df7f59c6"
"v1i0qbi3l0z4o.biz","344","ebury_dga_df7f59c6"
"f2nbbds3a0n4d.info","345","ebury_dga_df7f59c6"
"v5g6t0w4r0e4x.net","346","ebury_dga_df7f59c6"
"wad1i3d4e0q4a.biz","347","ebury_dga_df7f59c6"
"l1xdq5e4b0c4z.info","348","ebury_dga_df7f59c6"
"iaq8m8v4w0d4b.net","349","ebury_dga_df7f59c6"
"l5x4abs4k0i4h.biz","350","ebury_dga_df7f59c6"
"v2h0aei4t0w4l.info","351","ebury_dga_df7f59c6"
"b1zck0n5t0w4c.net","352","ebury_dga_df7f59c6"
"y2w8u3c5k0i4a.biz","353","ebury_dga_df7f59c6"
"b5h4d6w5u0x4o.info","354","ebury_dga_df7f59c6"
"pak0o9d5x0l4k.net","355","ebury_dga_df7f59c6"
"t1odbbe5j0s4w.biz","356","ebury_dga_df7f59c6"
"haq9iev5p0a4j.info","357","ebury_dga_df7f59c6"
"t5e6j1c6q0h4z.net","358","ebury_dga_df7f59c6"
"b2n3j4n6f0p4t.biz","359","ebury_dga_df7f59c6"
"j1z0u7n6f0p4s.info","360","ebury_dga_df7f59c6"
"r2ndl9c6q0h4k.net","361","ebury_dga_df7f59c6"
"j5carcw6v0o4c.biz","362","ebury_dga_df7f59c6"
"mau7wfd6o0t4q.info","363","ebury_dga_df7f59c6"
"f1p5r2m7d0g4p.net","364","ebury_dga_df7f59c6"
"zab2s5u7m0k4d.biz","365","ebury_dga_df7f59c6"
"f5i0f8c7l0z4w.info","366","ebury_dga_df7f59c6"
"j2zeyan7y0m4f.net","367","ebury_dga_df7f59c6"
"d1pcldn7y0m4g.biz","368","ebury_dga_df7f59c6"
"u2waa0o8l0z4q.info","369","ebury_dga_df7f59c6"
"d5n8t3z8b0c4s.net","370","ebury_dga_df7f59c6"
"eab6i6j8c0f4l.biz","371","ebury_dga_df7f59c6"
"y1m5k9m8a0n4m.info","372","ebury_dga_df7f59c6"
"wab3pcu8e0q4a.net","373","ebury_dga_df7f59c6"
"y5n2dfc8t0w4p.biz","374","ebury_dga_df7f59c6"
"d2w1q2g9r0e4y.info","375","ebury_dga_df7f59c6"
"a1p0d5g9r0e4n.net","376","ebury_dga_df7f59c6"
"v2nfr7o9t0w4l.biz","377","ebury_dga_df7f59c6"
"a5xejaz9j0s4g.info","378","ebury_dga_df7f59c6"
"xatdxdj9s0y4t.net","379","ebury_dga_df7f59c6"
"r1gdj0pak0i4e.biz","380","ebury_dga_df7f59c6"
"paqch3rax0l4k.info","381","ebury_dga_df7f59c6"
"r5wcv6oaf0p4m.net","382","ebury_dga_df7f59c6"
"a2ecv9gau0x4r.biz","383","ebury_dga_df7f59c6"
"k1ecycgau0x4i.info","384","ebury_dga_df7f59c6"
"b2wcafoaf0p4t.net","385","ebury_dga_df7f59c6"
"k5scr2hbd0g4n.biz","386","ebury_dga_df7f59c6"
"oaycw5bbg0r4f.info","387","ebury_dga_df7f59c6"
"u1ndt8pbq0h4x.net","388","ebury_dga_df7f59c6"
"maqdxbrbo0t4q.biz","389","ebury_dga_df7f59c6"
"u5zeqeoby0m4e.info","390","ebury_dga_df7f59c6"
"k2pff1scv0o4u.net","391","ebury_dga_df7f59c6"
"q1e0k5scv0o4h.biz","392","ebury_dga_df7f59c6"
"j2z1u8xcy0m4f.info","393","ebury_dga_df7f59c6"
"q5o2dbhca0n4i.net","394","ebury_dga_df7f59c6"
"cal3oebcn0u4y.biz","395","ebury_dga_df7f59c6"
"v1o5d1wdl0z4o.info","396","ebury_dga_df7f59c6"
"eab6z4ydc0f4l.net","397","ebury_dga_df7f59c6"
"v5c8b7xdr0e4x.biz","398","ebury_dga_df7f59c6"
"q2sabasdb0c4v.info","399","ebury_dga_df7f59c6"
"l1ocrdsdb0c4z.net","400","ebury_dga_df7f59c6"
"d2wet0eer0e4y.biz","401","ebury_dga_df7f59c6"
"l5g0r4iek0i4h.info","402","ebury_dga_df7f59c6"
"saf2w7vei0v4r.net","403","ebury_dga_df7f59c6"
"b1c5tawet0w4c.biz","404","ebury_dga_df7f59c6"
"xab7xdyes0y4t.info","405","ebury_dga_df7f59c6"
"b5oaf0efu0x4o.net","406","ebury_dga_df7f59c6"
"l2odf3cfj0s4b.biz","407","ebury_dga_df7f59c6"
"t1o0k7cfj0s4w.info","408","ebury_dga_df7f59c6"
"a2z3uaefu0x4r.net","409","ebury_dga_df7f59c6"
"t5e6ddifq0h4z.biz","410","ebury_dga_df7f59c6"
"gad9g0j0i1b4u.info","411","ebury_dga_df7f59c6"
"j1zdd3m0t1p4s.net","412","ebury_dga_df7f59c6"
"oaf0h7u0s1r4f.biz","413","ebury_dga_df7f59c6"
"j5z4vac0u1o4c.info","414","ebury_dga_df7f59c6"
"t2h8vdn0j1g4j.net","415","ebury_dga_df7f59c6"
"f1scv0g1j1g4p.biz","416","ebury_dga_df7f59c6"
"k2e0q4o1u1o4u.info","417","ebury_dga_df7f59c6"
"f5c4y7z1q1z4w.net","418","ebury_dga_df7f59c6"
"nak8zaj1h1j4v.biz","419","ebury_dga_df7f59c6"
"d1wdldm1f1m4g.info","420","ebury_dga_df7f59c6"
"caf1o1r2g1u4y.net","421","ebury_dga_df7f59c6"
"d5h6l4o2v1c4s.biz","422","ebury_dga_df7f59c6"
"f2nbl7g2d1n4d.info","423","ebury_dga_df7f59c6"
"y1s0dbg2d1n4m.net","424","ebury_dga_df7f59c6"
"q2z5yeo2v1c4v.biz","425","ebury_dga_df7f59c6"
"y5paa1h3l1w4p.info","426","ebury_dga_df7f59c6"
"iaufc4b3z1d4b.net","427","ebury_dga_df7f59c6"
"a1n5v8p3y1e4n.biz","428","ebury_dga_df7f59c6"
"sabanbr3n1v4r.info","429","ebury_dga_df7f59c6"
"a5o0yfo3b1s4g.net","430","ebury_dga_df7f59c6"
"y2m6v2s4a1i4a.biz","431","ebury_dga_df7f59c6"
"r1ncy5s4a1i4e.info","432","ebury_dga_df7f59c6"
"l2e2d9x4b1s4b.net","433","ebury_dga_df7f59c6"
"r5x8lch4t1p4m.biz","434","ebury_dga_df7f59c6"
"habenfb4w1a4j.info","435","ebury_dga_df7f59c6"
"k1i5q3w5r1x4i.net","436","ebury_dga_df7f59c6"
"gabbm6y5i1b4u.biz","437","ebury_dga_df7f59c6"
"k5x2dax5j1g4n.info","438","ebury_dga_df7f59c6"
"r2w9dds5k1h4k.net","439","ebury_dga_df7f59c6"
"u1n0j1c6k1h4x.biz","440","ebury_dga_df7f59c6"
"t2z7f4e6j1g4j.info","441","ebury_dga_df7f59c6"
"u5zev7i6f1m4e.net","442","ebury_dga_df7f59c6"
"zar5pbv6p1k4d.biz","443","ebury_dga_df7f59c6"
"q1edfew6u1o4h.info","444","ebury_dga_df7f59c6"
"naf4s2f7h1j4v.net","445","ebury_dga_df7f59c6"
"q5gcf5e7d1n4i.biz","446","ebury_dga_df7f59c6"
"u2c4t9c7q1z4q.info","447","ebury_dga_df7f59c6"
"v1hckcc7q1z4o.net","448","ebury_dga_df7f59c6"
"f2e4b0m8d1n4d.biz","449","ebury_dga_df7f59c6"
"v5mck3n8y1e4x.info","450","ebury_dga_df7f59c6"
"wav4c7u8m1q4a.net","451","ebury_dga_df7f59c6"
"l1xdbaz8v1c4z.biz","452","ebury_dga_df7f59c6"
"iaf5nef8z1d4b.info","453","ebury_dga_df7f59c6"
"l5seb1m9a1i4h.net","454","ebury_dga_df7f59c6"
"v2x7v5o9l1w4l.biz","455","ebury_dga_df7f59c6"
"b1h0f9o9l1w4c.info","456","ebury_dga_df7f59c6"
"y2z9dcm9a1i4a.net","457","ebury_dga_df7f59c6"
"b5w2f0gar1x4o.biz","458","ebury_dga_df7f59c6"
"palbh3rae1l4k.info","459","ebury_dga_df7f59c6"
"t1w5k7hab1s4w.net","460","ebury_dga_df7f59c6"
"habepataw1a4j.biz","461","ebury_dga_df7f59c6"
"t5p8jemak1h4z.info","462","ebury_dga_df7f59c6"
"b2i2a2xbt1p4t.net","463","ebury_dga_df7f59c6"
"j1wcb5xbt1p4s.biz","464","ebury_dga_df7f59c6"
"r2e6l9pbk1h4k.info","465","ebury_dga_df7f59c6"
"j5e0ydgbu1o4c.net","466","ebury_dga_df7f59c6"
"mafam0ycx1t4q.biz","467","ebury_dga_df7f59c6"
"f1p5f4icj1g4p.info","468","ebury_dga_df7f59c6"
"zabfo7lcp1k4d.net","469","ebury_dga_df7f59c6"
"f5waqbpcq1z4w.biz","470","ebury_dga_df7f59c6"
"j2g5kfxcf1m4f.info","471","ebury_dga_df7f59c6"
"d1w0a3edf1m4g.net","472","ebury_dga_df7f59c6"
"u2zbr6wdq1z4q.biz","473","ebury_dga_df7f59c6"
"d5h6basdv1c4s.info","474","ebury_dga_df7f59c6"
"eaq1meydo1f4l.net","475","ebury_dga_df7f59c6"
"y1sdv1ned1n4m.biz","476","ebury_dga_df7f59c6"
"waf8g5qem1q4a.info","477","ebury_dga_df7f59c6"
"y5s4f9wel1w4p.net","478","ebury_dga_df7f59c6"
"d2p0tdeey1e4y.biz","479","ebury_dga_df7f59c6"
"a1mct0mfy1e4n.info","480","ebury_dga_df7f59c6"
"v2e8b4zfl1w4l.net","481","ebury_dga_df7f59c6"
"a5p4a8cfb1s4g.biz","482","ebury_dga_df7f59c6"
"xat0ocffc1y4t.info","483","ebury_dga_df7f59c6"
"r1gdvfnfa1i4e.net","484","ebury_dga_df7f59c6"
"paf9h3t0m2l4k.biz","485","ebury_dga_df7f59c6"
"r5c6u7m0l2p4m.info","486","ebury_dga_df7f59c6"
"a2z3rbo0y2x4r.net","487","ebury_dga_df7f59c6"
"k1m0lfo0y2x4i.biz","488","ebury_dga_df7f59c6"
"b2zda2p1l2p4t.info","489","ebury_dga_df7f59c6"
"k5nal6g1b2g4n.net","490","ebury_dga_df7f59c6"
"oaj7gar1c2r4f.biz","491","ebury_dga_df7f59c6"
"u1x5jeh1a2h4x.info","492","ebury_dga_df7f59c6"
"maa2w2l2e2t4q.net","493","ebury_dga_df7f59c6"
"u5w0b6p2t2m4e.biz","494","ebury_dga_df7f59c6"
"k2meb9x2r2o4u.info","495","ebury_dga_df7f59c6"
"q1xcydx2r2o4h.net","496","ebury_dga_df7f59c6"
"j2eaq1w3t2m4f.biz","497","ebury_dga_df7f59c6"
"q5z8f5s3j2n4i.info","498","ebury_dga_df7f59c6"
"caa6i9y3s2u4y.net","499","ebury_dga_df7f59c6"
"v1o5adi3k2z4o.biz","500","ebury_dga_df7f59c6"
"eaa3m1q4x2f4l.info","501","ebury_dga_df7f59c6"
"v5z2d5w4f2e4x.net","502","ebury_dga_df7f59c6"
"q2e1j9e4u2c4v.biz","503","ebury_dga_df7f59c6"
"l1x0rde4u2c4z.info","504","ebury_dga_df7f59c6"
"d2zft0z5f2e4y.net","505","ebury_dga_df7f59c6"
"l5ser4c5d2i4h.biz","506","ebury_dga_df7f59c6"
"sardz8f5g2v4r.info","507","ebury_dga_df7f59c6"
"b1hdqcn5q2w4c.net","508","ebury_dga_df7f59c6"
"xafcx0k6o2y4t.biz","509","ebury_dga_df7f59c6"
"b5eck4z6y2x4o.info","510","ebury_dga_df7f59c6"
"l2cca8m6v2s4b.net","511","ebury_dga_df7f59c6"
"t1ccvcm6v2s4w.biz","512","ebury_dga_df7f59c6"
"a2ecf0h7y2x4r.info","513","ebury_dga_df7f59c6"
"t5icu4o7a2h4z.net","514","ebury_dga_df7f59c6"
"gavcw8t7n2b4u.biz","515","ebury_dga_df7f59c6"
"j1zdlcg7l2p4s.info","516","ebury_dga_df7f59c6"
"oafdo0a8c2r4f.net","517","ebury_dga_df7f59c6"
"j5meq4h8r2o4c.biz","518","ebury_dga_df7f59c6"
"t2xfk8p8b2g4j.info","519","ebury_dga_df7f59c6"
"f1c0vdp8b2g4p.net","520","ebury_dga_df7f59c6"
"k2m1f1i9r2o4u.biz","521","ebury_dga_df7f59c6"
"f5g2u5x9k2z4w.info","522","ebury_dga_df7f59c6"
"nay3w9l9i2j4v.net","523","ebury_dga_df7f59c6"
"d1g5lds9t2m4g.biz","524","ebury_dga_df7f59c6"
"caa6o1das2u4y.info","525","ebury_dga_df7f59c6"
"d5n8q5iau2c4s.net","526","ebury_dga_df7f59c6"
"f2iak9waj2n4d.biz","527","ebury_dga_df7f59c6"
"y1gcbdwaj2n4m.info","528","ebury_dga_df7f59c6"
"q2eey1nbu2c4v.net","529","ebury_dga_df7f59c6"
"y5h0u6ebq2w4p.biz","530","ebury_dga_df7f59c6"
"iau2waqbh2d4b.info","531","ebury_dga_df7f59c6"
"a1n5lecbf2e4n.net","532","ebury_dga_df7f59c6"
"saa7o2jcg2v4r.biz","533","ebury_dga_df7f59c6"
"a5gaq6ncv2s4g.info","534","ebury_dga_df7f59c6"
"y2gdkazcd2i4a.net","535","ebury_dga_df7f59c6"
"r1g0vfzcd2i4e.biz","536","ebury_dga_df7f59c6"
"l2m3f3gdv2s4b.info","537","ebury_dga_df7f59c6"
"r5c6u7mdl2p4m.net","538","ebury_dga_df7f59c6"
"haq9wbkdz2a4j.biz","539","ebury_dga_df7f59c6"
"k1mdlfody2x4i.info","540","ebury_dga_df7f59c6"
"gau0x4ben2b4u.net","541","ebury_dga_df7f59c6"
"k5m4k8geb2g4n.biz","542","ebury_dga_df7f59c6"
"r2p8achea2h4k.info","543","ebury_dga_df7f59c6"
"u1icd0ifa2h4x.net","544","ebury_dga_df7f59c6"
"t2c0t5sfb2g4j.biz","545","ebury_dga_df7f59c6"
"u5n4r9pft2m4e.info","546","ebury_dga_df7f59c6"
"zat8zdafw2k4d.net","547","ebury_dga_df7f59c6"
"q1edf1c0y3o4h.biz","548","ebury_dga_df7f59c6"
"nau1e6d0n3j4v.info","549","ebury_dga_df7f59c6"
"q5p6aai0b3n4i.net","550","ebury_dga_df7f59c6"
"u2zbdew0a3z4q.biz","551","ebury_dga_df7f59c6"
"v1i0b3z1a3z4o.info","552","ebury_dga_df7f59c6"
"f2m5l7n1b3n4d.net","553","ebury_dga_df7f59c6"
"v5xaybe1t3e4x.biz","554","ebury_dga_df7f59c6"
"wajfhfq1w3q4a.info","555","ebury_dga_df7f59c6"
"l1z5l4o2r3c4z.net","556","ebury_dga_df7f59c6"
"iaaam8j2i3d4b.biz","557","ebury_dga_df7f59c6"
"l5g0jdn2j3i4h.info","558","ebury_dga_df7f59c6"
"v2o6a1h3k3w4l.net","559","ebury_dga_df7f59c6"
"b1zcv5h3k3w4c.biz","560","ebury_dga_df7f59c6"
"y2c2kag3j3i4a.info","561","ebury_dga_df7f59c6"
"b5s8tem3f3x4o.net","562","ebury_dga_df7f59c6"
"paaez2a4p3l4k.biz","563","ebury_dga_df7f59c6"
"t1w5k7x4u3s4w.info","564","ebury_dga_df7f59c6"
"haabwbb4h3a4j.net","565","ebury_dga_df7f59c6"
"t5s2d0s5d3h4z.biz","566","ebury_dga_df7f59c6"
"b2e9j4i5q3p4t.info","567","ebury_dga_df7f59c6"
"j1z0y9i5q3p4s.net","568","ebury_dga_df7f59c6"
"r2m7dds5d3h4k.biz","569","ebury_dga_df7f59c6"
"j5mef1w6y3o4c.info","570","ebury_dga_df7f59c6"
"mab5n6d6m3t4q.net","571","ebury_dga_df7f59c6"
"f1cddae6v3g4p.biz","572","ebury_dga_df7f59c6"
"zau4ifv6z3k4d.info","573","ebury_dga_df7f59c6"
"f5hcb3c7a3z4w.net","574","ebury_dga_df7f59c6"
"j2n4u8n7l3m4f.biz","575","ebury_dga_df7f59c6"
"d1pctcn7l3m4g.info","576","ebury_dga_df7f59c6"
"u2c4d1o8a3z4q.net","577","ebury_dga_df7f59c6"
"d5ocq5z8r3c4s.biz","578","ebury_dga_df7f59c6"
"ead4caj8e3f4l.info","579","ebury_dga_df7f59c6"
"y1sdvem8b3n4m.net","580","ebury_dga_df7f59c6"
"wau5i3r9w3q4a.biz","581","ebury_dga_df7f59c6"
"y5ier7o9k3w4p.info","582","ebury_dga_df7f59c6"
"d2s7fcg9t3e4y.net","583","ebury_dga_df7f59c6"
"a1p0l1sat3e4n.biz","584","ebury_dga_df7f59c6"
"v2m9v5xak3w4l.info","585","ebury_dga_df7f59c6"
"a5e2jahau3s4g.net","586","ebury_dga_df7f59c6"
"xaybeebax3y4t.biz","587","ebury_dga_df7f59c6"
"r1e5u3wbj3i4e.info","588","ebury_dga_df7f59c6"
"paaes7ybp3l4k.net","589","ebury_dga_df7f59c6"
"r5x8lcxbq3p4m.biz","590","ebury_dga_df7f59c6"
"a2w2t1ccf3x4r.info","591","ebury_dga_df7f59c6"
"k1eca5ccf3x4i.net","592","ebury_dga_df7f59c6"
"b2c6faecq3p4t.biz","593","ebury_dga_df7f59c6"
"k5c0rficv3g4n.info","594","ebury_dga_df7f59c6"
"oauam3udo3r4f.net","595","ebury_dga_df7f59c6"
"u1x5t8zdd3h4x.biz","596","ebury_dga_df7f59c6"
"maafecfdm3t4q.info","597","ebury_dga_df7f59c6"
"u5eaq1mel3m4e.net","598","ebury_dga_df7f59c6"
"k2h5a6oey3o4u.biz","599","ebury_dga_df7f59c6"
"q1e0uboey3o4h.info","600","ebury_dga_df7f59c6"
"j2mbkfmel3m4f.net","601","ebury_dga_df7f59c6"
"q5p6y4gfb3n4i.biz","602","ebury_dga_df7f59c6"
"caf1i9rfc3u4y.info","603","ebury_dga_df7f59c6"
"v1idadhfa3z4o.net","604","ebury_dga_df7f59c6"
"eau8p2y0m4f4l.biz","605","ebury_dga_df7f59c6"
"v5i4b7x0l4e4x.info","606","ebury_dga_df7f59c6"
"q2x0ucs0y4c4v.net","607","ebury_dga_df7f59c6"
"l1ocr0c1y4c4z.biz","608","ebury_dga_df7f59c6"
"d2c8d5e1l4e4y.info","609","ebury_dga_df7f59c6"
"l5x4kai1b4i4h.net","610","ebury_dga_df7f59c6"
"sar0ofv1c4v4r.biz","611","ebury_dga_df7f59c6"
"b1hdj3z2a4w4c.info","612","ebury_dga_df7f59c6"
"xau9n8f2e4y4t.net","613","ebury_dga_df7f59c6"
"b5n6fde2t4x4o.biz","614","ebury_dga_df7f59c6"
"l2m3y2o3r4s4b.info","615","ebury_dga_df7f59c6"
"t1o0k7o3r4s4w.net","616","ebury_dga_df7f59c6"
"a2mdrbm3t4x4r.biz","617","ebury_dga_df7f59c6"
"t5zad0g4j4h4z.info","618","ebury_dga_df7f59c6"
"gak7e5r4s4b4u.net","619","ebury_dga_df7f59c6"
"j1s5fah4k4p4s.biz","620","ebury_dga_df7f59c6"
"oal2eft4x4r4f.info","621","ebury_dga_df7f59c6"
"j5e0q4p5f4o4c.net","622","ebury_dga_df7f59c6"
"t2oek8x5u4g4j.biz","623","ebury_dga_df7f59c6"
"f1scvdx5u4g4p.info","624","ebury_dga_df7f59c6"
"k2cat2w6f4o4u.net","625","ebury_dga_df7f59c6"
"f5m8y7s6d4z4w.biz","626","ebury_dga_df7f59c6"
"nal6icy6g4j4v.info","627","ebury_dga_df7f59c6"
"d1g5q1n7q4m4g.net","628","ebury_dga_df7f59c6"
"cal3w6q7o4u4y.biz","629","ebury_dga_df7f59c6"
"d5m2vbw7y4c4s.info","630","ebury_dga_df7f59c6"
"f2c1b0m8v4n4d.net","631","ebury_dga_df7f59c6"
"y1s0f5m8v4n4m.biz","632","ebury_dga_df7f59c6"
"q2mfj9z8y4c4v.info","633","ebury_dga_df7f59c6"
"y5ieaec8a4w4p.net","634","ebury_dga_df7f59c6"
"iabds3t9n4d4b.biz","635","ebury_dga_df7f59c6"
"a1pdv8g9l4e4n.info","636","ebury_dga_df7f59c6"
"saucsdk9c4v4r.net","637","ebury_dga_df7f59c6"
"a5ccy2har4s4g.biz","638","ebury_dga_df7f59c6"
"y2nct7pab4i4a.info","639","ebury_dga_df7f59c6"
"r1ncdcpab4i4e.net","640","ebury_dga_df7f59c6"
"l2ccr1ibr4s4b.biz","641","ebury_dga_df7f59c6"
"r5wcv6xbk4p4m.info","642","ebury_dga_df7f59c6"
"hadcwblbi4a4j.net","643","ebury_dga_df7f59c6"
"k1mdf0cct4x4i.biz","644","ebury_dga_df7f59c6"
"gaude5dcs4b4u.info","645","ebury_dga_df7f59c6"
"k5oedaicu4g4n.net","646","ebury_dga_df7f59c6"
"r2sfbfwcj4h4k.biz","647","ebury_dga_df7f59c6"
"u1n0r5zdj4h4x.info","648","ebury_dga_df7f59c6"
"t2o1dandu4g4j.net","649","ebury_dga_df7f59c6"
"u5h2kfedq4m4e.biz","650","ebury_dga_df7f59c6"
"zav3g4keh4k4d.info","651","ebury_dga_df7f59c6"
"q1h5b9oef4o4h.net","652","ebury_dga_df7f59c6"
"nal6gejeg4j4v.biz","653","ebury_dga_df7f59c6"
"q5z8r3gfv4n4i.info","654","ebury_dga_df7f59c6"
"u2waf8hfd4z4q.net","655","ebury_dga_df7f59c6"
"v1hcadhfd4z4o.biz","656","ebury_dga_df7f59c6"
"f2ceu2i0u5n4d.info","657","ebury_dga_df7f59c6"
"v5p0v8x0q5e4x.net","658","ebury_dga_df7f59c6"
"waj2wdl0h5q4a.biz","659","ebury_dga_df7f59c6"
"l1z5f2c1f5c4z.info","660","ebury_dga_df7f59c6"
"ial7e7d1g5d4b.net","661","ebury_dga_df7f59c6"
"l5hadci1v5i4h.biz","662","ebury_dga_df7f59c6"
"v2hda1z2d5w4l.info","663","ebury_dga_df7f59c6"
"b1h0r7z2d5w4c.net","664","ebury_dga_df7f59c6"
"y2o3dcn2v5i4a.biz","665","ebury_dga_df7f59c6"
"b5n6t1m3l5x4o.info","666","ebury_dga_df7f59c6"
"paf9g6k3z5l4k.net","667","ebury_dga_df7f59c6"
"t1odbbo3y5s4w.biz","668","ebury_dga_df7f59c6"
"haj0i1b4n5a4j.info","669","ebury_dga_df7f59c6"
"t5o4y6g4b5h4z.net","670","ebury_dga_df7f59c6"
"b2x8tbh4a5p4t.biz","671","ebury_dga_df7f59c6"
"j1wcq0i5a5p4s.info","672","ebury_dga_df7f59c6"
"r2n0y6s5b5h4k.net","673","ebury_dga_df7f59c6"
"j5z4ubp5t5o4c.biz","674","ebury_dga_df7f59c6"
"mar8m0d6w5t4q.info","675","ebury_dga_df7f59c6"
"f1cdt5e6r5g4p.net","676","ebury_dga_df7f59c6"
"zaj1pbv6i5k4d.biz","677","ebury_dga_df7f59c6"
"f5x6a0c7j5z4w.info","678","ebury_dga_df7f59c6"
"j2mbj5n7k5m4f.net","679","ebury_dga_df7f59c6"
"d1w0fbn7k5m4g.biz","680","ebury_dga_df7f59c6"
"u2o5a0o8j5z4q.info","681","ebury_dga_df7f59c6"
"d5saq5z8f5c4s.net","682","ebury_dga_df7f59c6"
"eakfcaj8p5f4l.biz","683","ebury_dga_df7f59c6"
"y1m5b0p9u5n4m.info","684","ebury_dga_df7f59c6"
"walag5r9h5q4a.net","685","ebury_dga_df7f59c6"
"y5h0lbo9d5w4p.biz","686","ebury_dga_df7f59c6"
"d2g6t0saq5e4y.info","687","ebury_dga_df7f59c6"
"a1mcd5saq5e4n.net","688","ebury_dga_df7f59c6"
"v2n2lbxad5w4l.biz","689","ebury_dga_df7f59c6"
"a5i8u0iby5s4g.info","690","ebury_dga_df7f59c6"
"xalez5vbm5y4t.net","691","ebury_dga_df7f59c6"
"r1e5abwbv5i4e.biz","692","ebury_dga_df7f59c6"
"palbp0fcz5l4k.info","693","ebury_dga_df7f59c6"
"r5i2v6eca5p4m.net","694","ebury_dga_df7f59c6"
"a2c9rbccl5x4r.biz","695","ebury_dga_df7f59c6"
"k1m0t1odl5x4i.info","696","ebury_dga_df7f59c6"
"b2o7v6mda5p4t.net","697","ebury_dga_df7f59c6"
"k5oejbndr5g4n.biz","698","ebury_dga_df7f59c6"
"oaa5x1ree5r4f.info","699","ebury_dga_df7f59c6"
"u1ndy6heb5h4x.net","700","ebury_dga_df7f59c6"
"maj4ectew5t4q.biz","701","ebury_dga_df7f59c6"
"u5pcq1pfk5m4e.info","702","ebury_dga_df7f59c6"
"k2z4d7xft5o4u.net","703","ebury_dga_df7f59c6"
"q1xcrcxft5o4h.biz","704","ebury_dga_df7f59c6"
"j2n4k2e0a6m4f.info","705","ebury_dga_df7f59c6"
"q5gcl7i0r6n4i.net","706","ebury_dga_df7f59c6"
"caq4cdv0e6u4y.biz","707","ebury_dga_df7f59c6"
"v1idj2z1b6z4o.info","708","ebury_dga_df7f59c6"
"eaj5g8f1w6f4l.net","709","ebury_dga_df7f59c6"
"v5wetde1k6e4x.biz","710","ebury_dga_df7f59c6"
"q2i7t3o2t6c4v.info","711","ebury_dga_df7f59c6"
"l1x0j9o2t6c4z.net","712","ebury_dga_df7f59c6"
"d2o9lem2k6e4y.biz","713","ebury_dga_df7f59c6"
"l5c2r4g3u6i4h.info","714","ebury_dga_df7f59c6"
"savbh9r3x6v4r.net","715","ebury_dga_df7f59c6"
"b1c5dfh3j6w4c.biz","716","ebury_dga_df7f59c6"
"xalew4l4p6y4t.info","717","ebury_dga_df7f59c6"
"b5s8uap4q6x4o.net","718","ebury_dga_df7f59c6"
"l2e2u0e5f6s4b.biz","719","ebury_dga_df7f59c6"
"t1ccl5e5f6s4w.info","720","ebury_dga_df7f59c6"
"a2n6rbw5q6x4r.net","721","ebury_dga_df7f59c6"
"t5n0j1c6v6h4z.biz","722","ebury_dga_df7f59c6"
"gajam6f6o6b4u.info","723","ebury_dga_df7f59c6"
"j1s5lcn6d6p4s.net","724","ebury_dga_df7f59c6"
"oalfx1k7m6r4f.biz","725","ebury_dga_df7f59c6"
"j5cad7z7l6o4c.info","726","ebury_dga_df7f59c6"
"t2p5vdm7y6g4j.net","727","ebury_dga_df7f59c6"
"f1c0y3p8y6g4p.biz","728","ebury_dga_df7f59c6"
"k2obj8h8l6o4u.info","729","ebury_dga_df7f59c6"
"f5x6deo8b6z4w.net","730","ebury_dga_df7f59c6"
"nau1o4l9c6j4v.biz","731","ebury_dga_df7f59c6"
"d1wdr9s9a6m4g.info","732","ebury_dga_df7f59c6"
"caj8xfa9e6u4y.net","733","ebury_dga_df7f59c6"
"d5w4q5iat6c4s.biz","734","ebury_dga_df7f59c6"
"f2s0dbwar6n4d.info","735","ebury_dga_df7f59c6"
"y1gcb0zbr6n4m.net","736","ebury_dga_df7f59c6"
"q2n8k6nbt6c4v.biz","737","ebury_dga_df7f59c6"
"y5s4qcebj6w4p.info","738","ebury_dga_df7f59c6"
"iab0g2kcs6d4b.net","739","ebury_dga_df7f59c6"
"a1pdb7ock6e4n.biz","740","ebury_dga_df7f59c6"
"saj9sdjcx6v4r.info","741","ebury_dga_df7f59c6"
"a5z6f3gdf6s4g.net","742","ebury_dga_df7f59c6"
"y2o3q9hdu6i4a.biz","743","ebury_dga_df7f59c6"
"r1g0vfhdu6i4e.info","744","ebury_dga_df7f59c6"
"l2odt4sef6s4b.net","745","ebury_dga_df7f59c6"
"r5mafaped6p4m.biz","746","ebury_dga_df7f59c6"
"hat7h0dfg6a4j.info","747","ebury_dga_df7f59c6"
"k1i5d6efq6x4i.net","748","ebury_dga_df7f59c6"
"gay2ncvfo6b4u.biz","749","ebury_dga_df7f59c6"
"k5c0r2n0f7g4n.info","750","ebury_dga_df7f59c6"
"r2gef7z0u7h4k.net","751","ebury_dga_df7f59c6"
"u1icddz0u7h4x.biz","752","ebury_dga_df7f59c6"
"t2nay3g1f7g4j.info","753","ebury_dga_df7f59c6"
"u5o8r9m1d7m4e.net","754","ebury_dga_df7f59c6"
"zay6ifk1g7k4d.biz","755","ebury_dga_df7f59c6"
"q1h5k5x2q7o4h.info","756","ebury_dga_df7f59c6"
"nay3hbb2o7j4v.net","757","ebury_dga_df7f59c6"
"q5o2v1s3y7n4i.biz","758","ebury_dga_df7f59c6"
"u2n1y7i3v7z4q.info","759","ebury_dga_df7f59c6"
"v1i0adi3v7z4o.net","760","ebury_dga_df7f59c6"
"f2ofu2c4y7n4d.biz","761","ebury_dga_df7f59c6"
"v5wev8w4a7e4x.info","762","ebury_dga_df7f59c6"
"waadzed4n7q4a.net","763","ebury_dga_df7f59c6"
"l1xdl4m5l7c4z.biz","764","ebury_dga_df7f59c6"
"iajcwau5c7d4b.info","765","ebury_dga_df7f59c6"
"l5ncj0o6r7i4h.net","766","ebury_dga_df7f59c6"
"v2zcu6g6b7w4l.biz","767","ebury_dga_df7f59c6"
"b1zcqcg6b7w4c.info","768","ebury_dga_df7f59c6"
"y2ncv2x7r7i4a.net","769","ebury_dga_df7f59c6"
"b5ecb8h7k7x4o.biz","770","ebury_dga_df7f59c6"
"paqcweb7i7l4k.info","771","ebury_dga_df7f59c6"
"t1odt4w8t7s4w.net","772","ebury_dga_df7f59c6"
"hajdpay8s7a4j.biz","773","ebury_dga_df7f59c6"
"t5ged0e9u7h4z.info","774","ebury_dga_df7f59c6"
"b2ifv6c9j7p4t.net","775","ebury_dga_df7f59c6"
"j1z0qdc9j7p4s.biz","776","ebury_dga_df7f59c6"
"r2g1v3mau7h4k.info","777","ebury_dga_df7f59c6"
"j5p2b9naq7o4c.net","778","ebury_dga_df7f59c6"
"mad3wfuah7t4q.biz","779","ebury_dga_df7f59c6"
"f1p5t5hbf7g4p.info","780","ebury_dga_df7f59c6"
"zay6pbtbg7k4d.net","781","ebury_dga_df7f59c6"
"f5m8d1pcv7z4w.biz","782","ebury_dga_df7f59c6"
"j2eav7xcd7m4f.info","783","ebury_dga_df7f59c6"
"d1pcldxcd7m4g.net","784","ebury_dga_df7f59c6"
"u2neb3wdv7z4q.biz","785","ebury_dga_df7f59c6"
"d5x0basdl7c4s.info","786","ebury_dga_df7f59c6"
"eak2e0fez7f4l.net","787","ebury_dga_df7f59c6"
"y1m5t6ney7n4m.biz","788","ebury_dga_df7f59c6"
"way7pcqen7q4a.info","789","ebury_dga_df7f59c6"
"y5pad2zfb7w4p.net","790","ebury_dga_df7f59c6"
"d2pdv8mfa7e4y.biz","791","ebury_dga_df7f59c6"
"a1p0qfmfa7e4n.info","792","ebury_dga_df7f59c6"
"v2g3v5p0v8w4l.net","793","ebury_dga_df7f59c6"
"a5z6bbg0l8s4g.biz","794","ebury_dga_df7f59c6"
"xau9e1y1z8y4t.info","795","ebury_dga_df7f59c6"
"r1gdt7i1y8i4e.net","796","ebury_dga_df7f59c6"
"pak0wel1n8l4k.biz","797","ebury_dga_df7f59c6"
"r5g4j4w2b8p4m.info","798","ebury_dga_df7f59c6"
"a2s8uae2a8x4r.net","799","ebury_dga_df7f59c6"
"k1ecf0m3a8x4i.biz","800","ebury_dga_df7f59c6"
"b2z0u7z3b8p4t.info","801","ebury_dga_df7f59c6"
"k5m4vdc3t8g4n.net","802","ebury_dga_df7f59c6"
"oab8m3t4w8r4f.biz","803","ebury_dga_df7f59c6"
"u1ndl9g4r8h4x.info","804","ebury_dga_df7f59c6"
"mak1m0a5i8t4q.net","805","ebury_dga_df7f59c6"
"u5s6b6h5j8m4e.biz","806","ebury_dga_df7f59c6"
"k2obrcp5k8o4u.info","807","ebury_dga_df7f59c6"
"q1e0l3w6k8o4h.net","808","ebury_dga_df7f59c6"
"j2g5r9i6j8m4f.biz","809","ebury_dga_df7f59c6"
"q5iaufx6f8n4i.info","810","ebury_dga_df7f59c6"
"catfp5q7p8u4y.net","811","ebury_dga_df7f59c6"
"v1o5kcc7u8z4o.biz","812","ebury_dga_df7f59c6"
"eayap2j8h8f4l.info","813","ebury_dga_df7f59c6"
"v5p0u9n8d8e4x.net","814","ebury_dga_df7f59c6"
"q2h6ffz8q8c4v.biz","815","ebury_dga_df7f59c6"
"l1ocq5h9q8c4z.info","816","ebury_dga_df7f59c6"
"d2z2fcg9d8e4y.net","817","ebury_dga_df7f59c6"
"l5w8v2pay8i4h.biz","818","ebury_dga_df7f59c6"
"sayez8aam8v4r.info","819","ebury_dga_df7f59c6"
"b1c5dfxav8w4c.net","820","ebury_dga_df7f59c6"
"xaybz5vbz8y4t.biz","821","ebury_dga_df7f59c6"
"b5w2ycsba8x4o.info","822","ebury_dga_df7f59c6"
"l2n9y2ncl8s4b.net","823","ebury_dga_df7f59c6"
"t1o0d9ncl8s4w.biz","824","ebury_dga_df7f59c6"
"a2g7lfcca8x4r.info","825","ebury_dga_df7f59c6"
"t5ger5zdr8h4z.net","826","ebury_dga_df7f59c6"
"gal5ncjde8b4u.biz","827","ebury_dga_df7f59c6"
"j1zda2peb8p4s.info","828","ebury_dga_df7f59c6"
"oak4n9rew8r4f.net","829","ebury_dga_df7f59c6"
"j5xctfoek8o4c.biz","830","ebury_dga_df7f59c6"
"t2m4l6sft8g4j.info","831","ebury_dga_df7f59c6"
"f1scbcsft8g4p.net","832","ebury_dga_df7f59c6"
"k2z4l3c0a9o4u.biz","833","ebury_dga_df7f59c6"
"f5hct9w0r9z4w.info","834","ebury_dga_df7f59c6"
"naf4n0j1e9j4v.net","835","ebury_dga_df7f59c6"
"d1wdb6m1b9m4g.biz","836","ebury_dga_df7f59c6"
"cak5cdu1w9u4y.info","837","ebury_dga_df7f59c6"
"d5eet3o2k9c4s.net","838","ebury_dga_df7f59c6"
"f2w7aag2t9n4d.biz","839","ebury_dga_df7f59c6"
"y1s0v1s3t9n4m.info","840","ebury_dga_df7f59c6"
"q2g9a7x3k9c4v.net","841","ebury_dga_df7f59c6"
"y5n2aeh3u9w4p.biz","842","ebury_dga_df7f59c6"
"iadbc4v4x9d4b.info","843","ebury_dga_df7f59c6"
"a1n5ybw4j9e4n.net","844","ebury_dga_df7f59c6"
"sayec1f5p9v4r.biz","845","ebury_dga_df7f59c6"
"a5i8a8e5q9s4g.info","846","ebury_dga_df7f59c6"
"y2c2vfc5f9i4a.net","847","ebury_dga_df7f59c6"
"r1ncy5o6f9i4e.biz","848","ebury_dga_df7f59c6"
"l2z6vcm6q9s4b.info","849","ebury_dga_df7f59c6"
"r5z0d3g7v9p4m.net","850","ebury_dga_df7f59c6"
"hakam9r7o9a4j.biz","851","ebury_dga_df7f59c6"
"k1i5f0i8d9x4i.info","852","ebury_dga_df7f59c6"
"gayfm6l8m9b4u.net","853","ebury_dga_df7f59c6"
"k5navdp8l9g4n.biz","854","ebury_dga_df7f59c6"
"r2x5u4e9y9h4k.info","855","ebury_dga_df7f59c6"
"u1n0kbe9y9h4x.net","856","ebury_dga_df7f59c6"
"t2gbu1zal9g4j.biz","857","ebury_dga_df7f59c6"
"u5s6u8cab9m4e.info","858","ebury_dga_df7f59c6"
"zaj1iffac9k4d.net","859","ebury_dga_df7f59c6"
"q1edk5gba9o4h.biz","860","ebury_dga_df7f59c6"
"nak8ickbe9j4v.info","861","ebury_dga_df7f59c6"
"q5e4r3hct9n4i.net","862","ebury_dga_df7f59c6"
"u2i0lapcr9z4q.biz","863","ebury_dga_df7f59c6"
"v1hca0wdr9z4o.info","864","ebury_dga_df7f59c6"
"f2z8l7idt9n4d.net","865","ebury_dga_df7f59c6"
"v5i4lexdj9e4x.biz","866","ebury_dga_df7f59c6"
"waa0g5qes9q4a.info","867","ebury_dga_df7f59c6"
"l1xdvbcek9c4z.net","868","ebury_dga_df7f59c6"
"iak9g2jfx9d4b.biz","869","ebury_dga_df7f59c6"
"l5m6q9nff9i4h.info","870","ebury_dga_df7f59c6"
"v2g3k0p0raw4l.net","871","ebury_dga_df7f59c6"
"b1h0r7p0raw4c.biz","872","ebury_dga_df7f59c6"
"y2gdjdh0tai4a.info","873","ebury_dga_df7f59c6"
"b5oak4x1jax4o.net","874","ebury_dga_df7f59c6"
"par7ebl1sal4k.biz","875","ebury_dga_df7f59c6"
"t1w5y2c2kas4w.info","876","ebury_dga_df7f59c6"
"hav2m9d2xaa4j.net","877","ebury_dga_df7f59c6"
"t5n0d0n3fah4z.biz","878","ebury_dga_df7f59c6"
"b2hev6z3uap4t.info","879","ebury_dga_df7f59c6"
"j1wcqdz3uap4s.net","880","ebury_dga_df7f59c6"
"r2zau4g4fah4k.biz","881","ebury_dga_df7f59c6"
"j5g8ubm4dao4c.info","882","ebury_dga_df7f59c6"
"mav6w2a5gat4q.net","883","ebury_dga_df7f59c6"
"f1p5a9x5qag4p.biz","884","ebury_dga_df7f59c6"
"zav3z0v6oak4d.info","885","ebury_dga_df7f59c6"
"f5g2y7s6yaz4w.net","886","ebury_dga_df7f59c6"
"j2z1qei6vam4f.biz","887","ebury_dga_df7f59c6"
"d1w0j5n7vam4g.info","888","ebury_dga_df7f59c6"
"u2gfqbc7yaz4q.net","889","ebury_dga_df7f59c6"
"d5eef2z8aac4s.biz","890","ebury_dga_df7f59c6"
"ealds9j8naf4l.info","891","ebury_dga_df7f59c6"
"y1sdb0p9lan4m.net","892","ebury_dga_df7f59c6"
"wakcc7r9caq4a.biz","893","ebury_dga_df7f59c6"
"y5zcaeo9raw4p.info","894","ebury_dga_df7f59c6"
"d2mcd5sabae4y.net","895","ebury_dga_df7f59c6"
"a1mcfcsabae4n.biz","896","ebury_dga_df7f59c6"
"v2zcj3ebraw4l.info","897","ebury_dga_df7f59c6"
"a5ccjaibkas4g.net","898","ebury_dga_df7f59c6"
"xafce1uciay4t.biz","899","ebury_dga_df7f59c6"
"r1gdl8zctai4e.info","900","ebury_dga_df7f59c6"
"pakdzffcsal4k.net","901","ebury_dga_df7f59c6"
"r5hev6mduap4m.biz","902","ebury_dga_df7f59c6"
"a2wffdodjax4r.info","903","ebury_dga_df7f59c6"
"k1m0a5xejax4i.net","904","ebury_dga_df7f59c6"
"b2h1lcpeuap4t.biz","905","ebury_dga_df7f59c6"
"k5x2y3sfqag4n.info","906","ebury_dga_df7f59c6"
"oaq3gayfhar4f.net","907","ebury_dga_df7f59c6"
"u1x5j1z0tbh4x.biz","908","ebury_dga_df7f59c6"
"mav6s8f0sbt4q.info","909","ebury_dga_df7f59c6"
"u5o8kfe0ubm4e.net","910","ebury_dga_df7f59c6"
"k2caa6o1jbo4u.biz","911","ebury_dga_df7f59c6"
"q1xcydo1jbo4h.info","912","ebury_dga_df7f59c6"
"j2zed4p2ubm4f.net","913","ebury_dga_df7f59c6"
"q5s0jcg2qbn4i.biz","914","ebury_dga_df7f59c6"
"cat2e3y3hbu4y.info","915","ebury_dga_df7f59c6"
"v1o5lai3fbz4o.net","916","ebury_dga_df7f59c6"
"eav7m1q4gbf4l.biz","917","ebury_dga_df7f59c6"
"v5xav8w4vbe4x.info","918","ebury_dga_df7f59c6"
"q2xdffe4dbc4v.net","919","ebury_dga_df7f59c6"
"l1x0a7m5dbc4z.biz","920","ebury_dga_df7f59c6"
"d2h3lez5vbe4y.info","921","ebury_dga_df7f59c6"
"l5m6y5o6lbi4h.net","922","ebury_dga_df7f59c6"
"saj9gct6zbv4r.biz","923","ebury_dga_df7f59c6"
"b1hdj3s7ybw4c.info","924","ebury_dga_df7f59c6"
"xat0cba7nby4t.net","925","ebury_dga_df7f59c6"
"b5h4l2i8bbx4o.biz","926","ebury_dga_df7f59c6"
"l2i8d9w8abs4b.info","927","ebury_dga_df7f59c6"
"t1ccu0z9abs4w.net","928","ebury_dga_df7f59c6"
"a2m0b8n9bbx4r.biz","929","ebury_dga_df7f59c6"
"t5o4bfe9tbh4z.info","930","ebury_dga_df7f59c6"
"gaa8m6kawbb4u.net","931","ebury_dga_df7f59c6"
"j1zdqdoarbp4s.biz","932","ebury_dga_df7f59c6"
"oat1w5bbibr4f.info","933","ebury_dga_df7f59c6"
"j5i6rcgbjbo4c.net","934","ebury_dga_df7f59c6"
"t2gby3ickbg4j.biz","935","ebury_dga_df7f59c6"
"f1c0jbickbg4p.info","936","ebury_dga_df7f59c6"
"k2h5t2cdjbo4u.net","937","ebury_dga_df7f59c6"
"f5wat9wdfbz4w.biz","938","ebury_dga_df7f59c6"
"narfn0jepbj4v.info","939","ebury_dga_df7f59c6"
"d1g5u8meubm4g.net","940","ebury_dga_df7f59c6"
"cavaxfuehbu4y.biz","941","ebury_dga_df7f59c6"
"d5x0a7ofdbc4s.info","942","ebury_dga_df7f59c6"
"f2p6vegfqbn4d.net","943","ebury_dga_df7f59c6"
"y1gcf5i0kcn4m.biz","944","ebury_dga_df7f59c6"
"q2m2rds0jcc4v.info","945","ebury_dga_df7f59c6"
"y5e8b4w1fcw4p.net","946","ebury_dga_df7f59c6"
"iavezbd1pcd4b.biz","947","ebury_dga_df7f59c6"
"a1n5k3m2uce4n.info","948","ebury_dga_df7f59c6"
"savbiau2hcv4r.net","949","ebury_dga_df7f59c6"
"a5e2y2o3dcs4g.biz","950","ebury_dga_df7f59c6"
"y2z9q9g3qci4a.info","951","ebury_dga_df7f59c6"
"r1g0b1s4qci4e.net","952","ebury_dga_df7f59c6"
"l2h7a8x4dcs4b.biz","953","ebury_dga_df7f59c6"
"r5heafh4ycp4m.info","954","ebury_dga_df7f59c6"
"hay5x7v5mca4j.net","955","ebury_dga_df7f59c6"
"k1mdtew5vcx4i.biz","956","ebury_dga_df7f59c6"
"gat4m6f6zcb4u.info","957","ebury_dga_df7f59c6"
"k5scvde6acg4n.net","958","ebury_dga_df7f59c6"
"r2o4r5o7lch4k.biz","959","ebury_dga_df7f59c6"
"u1icaco7lch4x.info","960","ebury_dga_df7f59c6"
"t2m4f4p8acg4j.net","961","ebury_dga_df7f59c6"
"u5pcfbg8rcm4e.biz","962","ebury_dga_df7f59c6"
"zau4n3y9eck4d.info","963","ebury_dga_df7f59c6"
"q1edvai9bco4h.net","964","ebury_dga_df7f59c6"
"nat5s2qawcj4v.biz","965","ebury_dga_df7f59c6"
"q5cek9wakcn4i.info","966","ebury_dga_df7f59c6"
"u2e7d1mbtcz4q.net","967","ebury_dga_df7f59c6"
"v1i0t9mbtcz4o.biz","968","ebury_dga_df7f59c6"
"f2h9b0hckcn4d.info","969","ebury_dga_df7f59c6"
"v5z2v8ocuce4x.net","970","ebury_dga_df7f59c6"
"waqbhftcxcq4a.biz","971","ebury_dga_df7f59c6"
"l1z5a7sdjcc4z.info","972","ebury_dga_df7f59c6"
"iaveneadpcd4b.net","973","ebury_dga_df7f59c6"
"l5w8f6ieqci4h.biz","974","ebury_dga_df7f59c6"
"v2n2aewefcw4l.info","975","ebury_dga_df7f59c6"
"b1zcv5zffcw4c.net","976","ebury_dga_df7f59c6"
"y2m6jdnfqci4a.biz","977","ebury_dga_df7f59c6"
"b5m0a5o0udx4o.info","978","ebury_dga_df7f59c6"
"patamct0xdl4k.net","979","ebury_dga_df7f59c6"
"t1w5t4s1jds4w.biz","980","ebury_dga_df7f59c6"
"havfwba1pda4j.info","981","ebury_dga_df7f59c6"
"t5zav3i2qdh4z.net","982","ebury_dga_df7f59c6"
"b2s5tbw2fdp4t.biz","983","ebury_dga_df7f59c6"
"j1z0d3z3fdp4s.info","984","ebury_dga_df7f59c6"
"r2hbqan3qdh4k.net","985","ebury_dga_df7f59c6"
"j5i6t2m4vdo4c.biz","986","ebury_dga_df7f59c6"
"mak1oak4odt4q.info","987","ebury_dga_df7f59c6"
"f1cdu1x5ddg4p.net","988","ebury_dga_df7f59c6"
"zat8e9b5mdk4d.biz","989","ebury_dga_df7f59c6"
"f5c4d1s6ldz4w.info","990","ebury_dga_df7f59c6"
"j2w0r9i6ydm4f.net","991","ebury_dga_df7f59c6"
"d1pcl0n7ydm4g.biz","992","ebury_dga_df7f59c6"
"u2m8f8c7ldz4q.info","993","ebury_dga_df7f59c6"
"d5w4r0z8bdc4s.net","994","ebury_dga_df7f59c6"
"eal0g8j8cdf4l.biz","995","ebury_dga_df7f59c6"
"y1sdufm8adn4m.info","996","ebury_dga_df7f59c6"
"wat9c7r9edq4a.net","997","ebury_dga_df7f59c6"
"y5o6dfo9tdw4p.biz","998","ebury_dga_df7f59c6"
"d2h3b7sarde4y.info","999","ebury_dga_df7f59c6"
"x9mfc7y1xab3w.info","0","ebury_dga_d241998a"
"larfj7g1vaz3y.net","1","ebury_dga_d241998a"
"idkff7m1lac3g.biz","2","ebury_dga_d241998a"
"u2s0k8d1ial3r.info","3","ebury_dga_d241998a"
"h9g0q8a1hat3s.net","4","ebury_dga_d241998a"
"f2y1j8v1saa3t.biz","5","ebury_dga_d241998a"
"xdc1h8n1baw3m.info","6","ebury_dga_d241998a"
"raj2p8z1aae3b.net","7","ebury_dga_d241998a"
"o9f3v8r1oaj3p.biz","8","ebury_dga_d241998a"
"tav4h8n1baw3r.info","9","ebury_dga_d241998a"
"hdm5o8e1tas3n.net","10","ebury_dga_d241998a"
"v2a7q8a1hat3u.biz","11","ebury_dga_d241998a"
"z9w8l8k1zaf3g.info","12","ebury_dga_d241998a"
"y2fad8b1gak3f.net","13","ebury_dga_d241998a"
"odrbz8i1jap3e.biz","14","ebury_dga_d241998a"
"uajdm8w1kax3j.info","15","ebury_dga_d241998a"
"c9xfb8u1cad3m.net","16","ebury_dga_d241998a"
"fas1k9i1jap3u.biz","17","ebury_dga_d241998a"
"zdm3u9x1fag3i.info","18","ebury_dga_d241998a"
"b2z6m9k1zaf3v.net","19","ebury_dga_d241998a"
"w9p8e9q1way3n.biz","20","ebury_dga_d241998a"
"r2obz9j1naq3y.info","21","ebury_dga_d241998a"
"cdvdq9h1dam3x.net","22","ebury_dga_d241998a"
"vad0dap1qao3d.biz","23","ebury_dga_d241998a"
"s9r3xav1saa3e.info","24","ebury_dga_d241998a"
"yad6vah1dam3v.net","25","ebury_dga_d241998a"
"wdc9lao1yan3h.biz","26","ebury_dga_d241998a"
"j2idiaq1way3b.info","27","ebury_dga_d241998a"
"p9h0abl1par3i.net","28","ebury_dga_d241998a"
"u2n4vbd1ial3r.biz","29","ebury_dga_d241998a"
"sdz7nbz1aae3o.info","30","ebury_dga_d241998a"
"badbzbm1lac3a.net","31","ebury_dga_d241998a"
"g9cfrbb1gak3x.biz","32","ebury_dga_d241998a"
"rai3jcz1aae3b.info","33","ebury_dga_d241998a"
"pdc7fcc1rai3z.net","34","ebury_dga_d241998a"
"d2dczcl1par3j.biz","35","ebury_dga_d241998a"
"m9z0qdt1mau3h.info","36","ebury_dga_d241998a"
"v2d5jda1hat3u.net","37","ebury_dga_d241998a"
"gdp9hdw1kax3c.biz","38","ebury_dga_d241998a"
"jawepde1tas3k.info","39","ebury_dga_d241998a"
"n9v3gej1naq3o.net","40","ebury_dga_d241998a"
"uaq8aew1kax3j.biz","41","ebury_dga_d241998a"
"mdfdres1uah3w.info","42","ebury_dga_d241998a"
"a2q3lft1mau3d.net","43","ebury_dga_d241998a"
"e9x8tff1eav3z.biz","44","ebury_dga_d241998a"
"b2jeafk1zaf3v.info","45","ebury_dga_d241998a"
"ndz3z0l2qao3s.net","46","ebury_dga_d241998a"
"dao9m0y2fag3q.biz","47","ebury_dga_d241998a"
"i9gfb0h2ial3c.info","48","ebury_dga_d241998a"
"vaw5k1l2qao3d.net","49","ebury_dga_d241998a"
"edfbu1b2vaz3p.biz","50","ebury_dga_d241998a"
"k2p2t2x2eav3a.info","51","ebury_dga_d241998a"
"x9o8f2o2xab3w.net","52","ebury_dga_d241998a"
"j2hfk2p2way3b.biz","53","ebury_dga_d241998a"
"idp5l3t2lac3g.info","54","ebury_dga_d241998a"
"aapcy3r2yan3l.net","55","ebury_dga_d241998a"
"h9j3a4z2hat3s.biz","56","ebury_dga_d241998a"
"baiam4t2lac3a.info","57","ebury_dga_d241998a"
"xdc1j5j2baw3m.net","58","ebury_dga_d241998a"
"q2r9o5o2xab3k.biz","59","ebury_dga_d241998a"
"o9m0u6c2oaj3p.info","60","ebury_dga_d241998a"
"d2m8t6m2par3j.net","61","ebury_dga_d241998a"
"hdqfx6f2tas3n.biz","62","ebury_dga_d241998a"
"kac7v7u2rai3t.info","63","ebury_dga_d241998a"
"z9ifp7w2zaf3g.net","64","ebury_dga_d241998a"
"jae7o8f2tas3k.biz","65","ebury_dga_d241998a"
"odvfz8d2jap3e.info","66","ebury_dga_d241998a"
"l2c8g9c2oaj3q.net","67","ebury_dga_d241998a"
"c9e0eas2cad3m.biz","68","ebury_dga_d241998a"
"a2f9zae2mau3d.info","69","ebury_dga_d241998a"
"zdp1pby2fag3i.net","70","ebury_dga_d241998a"
"qamaxbv2uah3f.biz","71","ebury_dga_d241998a"
"w9a3hcp2way3n.info","72","ebury_dga_d241998a"
"dawclcy2fag3q.net","73","ebury_dga_d241998a"
"cdi5nda2dam3x.biz","74","ebury_dga_d241998a"
"t2xfyds2cad3l.info","75","ebury_dga_d241998a"
"s9g8ceg2saa3e.net","76","ebury_dga_d241998a"
"k2p2tfx2eav3a.biz","77","ebury_dga_d241998a"
"wdqbxfr2yan3h.info","78","ebury_dga_d241998a"
"las5c0n3vaz3y.net","79","ebury_dga_d241998a"
"p9zfk0t3par3i.biz","80","ebury_dga_d241998a"
"aac9f1c3yan3l.info","81","ebury_dga_d241998a"
"sdi3h2w3aae3o.net","82","ebury_dga_d241998a"
"f2yeu2b3saa3t.biz","83","ebury_dga_d241998a"
"g9n8g3j3gak3x.info","84","ebury_dga_d241998a"
"q2t3y4r3xab3k.net","85","ebury_dga_d241998a"
"pdtdc4s3rai3z.biz","86","ebury_dga_d241998a"
"taj8j5i3baw3r.info","87","ebury_dga_d241998a"
"m9q3f6f3mau3h.net","88","ebury_dga_d241998a"
"kaees6s3rai3t.biz","89","ebury_dga_d241998a"
"gdp9l7p3kax3c.info","90","ebury_dga_d241998a"
"y2v5d8j3gak3f.net","91","ebury_dga_d241998a"
"n9c0z9d3naq3o.biz","92","ebury_dga_d241998a"
"l2lcg9u3oaj3q.info","93","ebury_dga_d241998a"
"mds7fag3uah3w.net","94","ebury_dga_d241998a"
"fag3sbh3jap3u.biz","95","ebury_dga_d241998a"
"e9pfqby3eav3z.info","96","ebury_dga_d241998a"
"qatbycg3uah3f.net","97","ebury_dga_d241998a"
"ndp7zdm3qao3s.biz","98","ebury_dga_d241998a"
"r2g4ged3naq3y.info","99","ebury_dga_d241998a"
"i9s0jfa3ial3c.net","100","ebury_dga_d241998a"
"t2edrfv3cad3l.biz","101","ebury_dga_d241998a"
"edn9c0j4vaz3p.info","102","ebury_dga_d241998a"
"yad6j1k4dam3v.net","103","ebury_dga_d241998a"
"x9t3f2c4xab3w.biz","104","ebury_dga_d241998a"
"lay0v3j4vaz3y.info","105","ebury_dga_d241998a"
"idadl3f4lac3g.net","106","ebury_dga_d241998a"
"u2cbd4z4ial3r.biz","107","ebury_dga_d241998a"
"h9z8z5w4hat3s.info","108","ebury_dga_d241998a"
"f2s6b6n4saa3t.net","109","ebury_dga_d241998a"
"xds3d7d4baw3m.biz","110","ebury_dga_d241998a"
"ran1p8q4aae3b.info","111","ebury_dga_d241998a"
"o9efv8s4oaj3p.net","112","ebury_dga_d241998a"
"tarda9d4baw3r.biz","113","ebury_dga_d241998a"
"hdabkay4tas3n.info","114","ebury_dga_d241998a"
"v2uabbw4hat3u.net","115","ebury_dga_d241998a"
"z9w8icp4zaf3g.biz","116","ebury_dga_d241998a"
"y2b7udi4gak3f.info","117","ebury_dga_d241998a"
"odn5bea4jap3e.net","118","ebury_dga_d241998a"
"uaa4zfl4kax3j.biz","119","ebury_dga_d241998a"
"c9y3y0b5cad3m.info","120","ebury_dga_d241998a"
"fav2b1z5jap3u.net","121","ebury_dga_d241998a"
"zdp1e2c5fag3i.biz","122","ebury_dga_d241998a"
"b2j1z3l5zaf3v.info","123","ebury_dga_d241998a"
"w9i0q4t5way3n.net","124","ebury_dga_d241998a"
"r2c0i5a5naq3y.biz","125","ebury_dga_d241998a"
"cdbfa5w5dam3x.info","126","ebury_dga_d241998a"
"vaafm6e5qao3d.net","127","ebury_dga_d241998a"
"s9ofn7j5saa3e.biz","128","ebury_dga_d241998a"
"yabfw8w5dam3v.info","129","ebury_dga_d241998a"
"wdtfv9s5yan3h.net","130","ebury_dga_d241998a"
"j2i0dbt5way3b.biz","131","ebury_dga_d241998a"
"p9h0zcf5par3i.info","132","ebury_dga_d241998a"
"u2v1bdk5ial3r.net","133","ebury_dga_d241998a"
"sdn1dep5aae3o.biz","134","ebury_dga_d241998a"
"bak2pfx5lac3a.info","135","ebury_dga_d241998a"
"g9u3u0h6gak3x.net","136","ebury_dga_d241998a"
"rad4d1l6aae3b.biz","137","ebury_dga_d241998a"
"pdo5o2b6rai3z.info","138","ebury_dga_d241998a"
"d2l7p3x6par3j.net","139","ebury_dga_d241998a"
"m9e8t4o6mau3h.biz","140","ebury_dga_d241998a"
"v2uaz5p6hat3u.info","141","ebury_dga_d241998a"
"gdbbp6t6kax3c.net","142","ebury_dga_d241998a"
"jakdy7r6tas3k.biz","143","ebury_dga_d241998a"
"n9sfa8z6naq3o.info","144","ebury_dga_d241998a"
"uai1jat6kax3j.net","145","ebury_dga_d241998a"
"mdo3xbj6uah3w.biz","146","ebury_dga_d241998a"
"a2m6wco6mau3d.info","147","ebury_dga_d241998a"
"e9x8ldc6eav3z.net","148","ebury_dga_d241998a"
"b2gbhem6zaf3v.biz","149","ebury_dga_d241998a"
"ndddwff6qao3s.info","150","ebury_dga_d241998a"
"daq0t1s7fag3q.net","151","ebury_dga_d241998a"
"i9b3j2q7ial3c.biz","152","ebury_dga_d241998a"
"vaq6q3x7qao3d.info","153","ebury_dga_d241998a"
"edn9g4h7vaz3p.net","154","ebury_dga_d241998a"
"k2wdx5u7eav3a.biz","155","ebury_dga_d241998a"
"x9p0c7v7xab3w.info","156","ebury_dga_d241998a"
"j2z4t8f7way3b.net","157","ebury_dga_d241998a"
"idm7y9o7lac3g.biz","158","ebury_dga_d241998a"
"aaqblag7yan3l.info","159","ebury_dga_d241998a"
"h9nfbbl7hat3s.net","160","ebury_dga_d241998a"
"baw3wdo7lac3a.biz","161","ebury_dga_d241998a"
"xdn7vez7baw3m.info","162","ebury_dga_d241998a"
"q2qcffv7xab3k.net","163","ebury_dga_d241998a"
"o9m0x1n8oaj3p.biz","164","ebury_dga_d241998a"
"d2q5q2o8par3j.info","165","ebury_dga_d241998a"
"hdx9t3u8tas3n.net","166","ebury_dga_d241998a"
"kaeec4j8rai3t.biz","167","ebury_dga_d241998a"
"z9d3q6e8zaf3g.info","168","ebury_dga_d241998a"
"jaf8y7u8tas3k.net","169","ebury_dga_d241998a"
"odudz8q8jap3e.biz","170","ebury_dga_d241998a"
"l2f3man8oaj3q.info","171","ebury_dga_d241998a"
"c9s8fbi8cad3m.net","172","ebury_dga_d241998a"
"a2kewcc8mau3d.biz","173","ebury_dga_d241998a"
"zdm3tev8fag3i.info","174","ebury_dga_d241998a"
"qag9cfd8uah3f.net","175","ebury_dga_d241998a"
"w9hfa0y9way3n.biz","176","ebury_dga_d241998a"
"dae5e2g9fag3q.info","177","ebury_dga_d241998a"
"cdubd3m9dam3x.net","178","ebury_dga_d241998a"
"t2x2s5d9cad3l.biz","179","ebury_dga_d241998a"
"s9g8b6a9saa3e.info","180","ebury_dga_d241998a"
"k2pfo7v9eav3a.net","181","ebury_dga_d241998a"
"wdx5v9n9yan3h.biz","182","ebury_dga_d241998a"
"laxcyaz9vaz3y.info","183","ebury_dga_d241998a"
"p9k3zcr9par3i.net","184","ebury_dga_d241998a"
"aawaedn9yan3l.biz","185","ebury_dga_d241998a"
"sdn1hfe9aae3o.info","186","ebury_dga_d241998a"
"f2b9r0rasaa3t.net","187","ebury_dga_d241998a"
"g9o0v2uagak3x.biz","188","ebury_dga_d241998a"
"q2o8x3taxab3k.info","189","ebury_dga_d241998a"
"pdffc4xarai3z.net","190","ebury_dga_d241998a"
"tan7i6sabaw3r.biz","191","ebury_dga_d241998a"
"m9wfx7qamau3h.info","192","ebury_dga_d241998a"
"kac7b9xarai3t.net","193","ebury_dga_d241998a"
"gddfjahakax3c.biz","194","ebury_dga_d241998a"
"y2n8ccuagak3f.info","195","ebury_dga_d241998a"
"n9c0gevanaq3o.net","196","ebury_dga_d241998a"
"l2u9yffaoaj3q.biz","197","ebury_dga_d241998a"
"mdx1r1rbuah3w.info","198","ebury_dga_d241998a"
"faoan2bbjap3u.net","199","ebury_dga_d241998a"
"e9l3f4mbeav3z.biz","200","ebury_dga_d241998a"
"qaecv5rbuah3f.info","201","ebury_dga_d241998a"
"ndw5t7kbqao3s.net","202","ebury_dga_d241998a"
"r2sfa8gbnaq3y.biz","203","ebury_dga_d241998a"
"i9h8sanbial3c.info","204","ebury_dga_d241998a"
"t2x2xcobcad3l.net","205","ebury_dga_d241998a"
"edfbcdubvaz3p.biz","206","ebury_dga_d241998a"
"yai5ifjbdam3v.info","207","ebury_dga_d241998a"
"x9mft0fcxab3w.net","208","ebury_dga_d241998a"
"lan9s2scvaz3y.biz","209","ebury_dga_d241998a"
"idw3m4pclac3g.info","210","ebury_dga_d241998a"
"u2veh5jcial3r.net","211","ebury_dga_d241998a"
"h9z8w7dchat3s.biz","212","ebury_dga_d241998a"
"f2r3i9ucsaa3t.info","213","ebury_dga_d241998a"
"xdrdragcbaw3m.net","214","ebury_dga_d241998a"
"rak8jchcaae3b.biz","215","ebury_dga_d241998a"
"o9f3xeycoaj3p.info","216","ebury_dga_d241998a"
"tacegfgcbaw3r.net","217","ebury_dga_d241998a"
"hdx9l1tdtas3n.biz","218","ebury_dga_d241998a"
"v2d5h3hdhat3u.info","219","ebury_dga_d241998a"
"z9n0w5zdzaf3g.net","220","ebury_dga_d241998a"
"y2ycj6gdgak3f.biz","221","ebury_dga_d241998a"
"odi7z8jdjap3e.info","222","ebury_dga_d241998a"
"uah3jakdkax3j.net","223","ebury_dga_d241998a"
"c9xffbcdcad3m.biz","224","ebury_dga_d241998a"
"farbgdjdjap3u.info","225","ebury_dga_d241998a"
"zdx7effdfag3i.net","226","ebury_dga_d241998a"
"b2h4h1kezaf3v.biz","227","ebury_dga_d241998a"
"w9i0w3qeway3n.info","228","ebury_dga_d241998a"
"r2cdj4jenaq3y.net","229","ebury_dga_d241998a"
"cdz9z6hedam3x.biz","230","ebury_dga_d241998a"
"vaq6e8peqao3d.info","231","ebury_dga_d241998a"
"s9r3xavesaa3e.net","232","ebury_dga_d241998a"
"yav0bchedam3v.biz","233","ebury_dga_d241998a"
"wdldedoeyan3h.info","234","ebury_dga_d241998a"
"j2nbkfqeway3b.net","235","ebury_dga_d241998a"
"p9m8w1mfpar3i.biz","236","ebury_dga_d241998a"
"u2i6i3hfial3r.info","237","ebury_dga_d241998a"
"sdi3k5kfaae3o.net","238","ebury_dga_d241998a"
"baz1f7tflac3a.biz","239","ebury_dga_d241998a"
"g9cfd8nfgak3x.info","240","ebury_dga_d241998a"
"rabdbakfaae3b.net","241","ebury_dga_d241998a"
"pdlbfcufrai3z.biz","242","ebury_dga_d241998a"
"d2jawemfpar3j.info","243","ebury_dga_d241998a"
"m9e8q0m0tbu3h.net","244","ebury_dga_d241998a"
"v2a7d2h0abt3u.biz","245","ebury_dga_d241998a"
"gdz5w4k0wbx3c.info","246","ebury_dga_d241998a"
"jal4x6t0ebs3k.net","247","ebury_dga_d241998a"
"n9v3a8n0jbq3o.biz","248","ebury_dga_d241998a"
"uad2jak0wbx3j.info","249","ebury_dga_d241998a"
"mdx1ycu0sbh3w.net","250","ebury_dga_d241998a"
"a2k1pem0tbu3d.biz","251","ebury_dga_d241998a"
"e9w0l0f1fbv3z.info","252","ebury_dga_d241998a"
"b2n0a2k1kbf3v.net","253","ebury_dga_d241998a"
"ndafq3p1pbo3s.biz","254","ebury_dga_d241998a"
"dalfy5x1xbg3q.info","255","ebury_dga_d241998a"
"i9gfz7d1dbl3c.net","256","ebury_dga_d241998a"
"vaaff9p1pbo3d.biz","257","ebury_dga_d241998a"
"edrfobg1gbz3p.info","258","ebury_dga_d241998a"
"k2w0mef1fbv3a.net","259","ebury_dga_d241998a"
"x9p0t0o2ybb3w.biz","260","ebury_dga_d241998a"
"j2d1k2p2qby3b.info","261","ebury_dga_d241998a"
"idz1m4t2mbc3g.net","262","ebury_dga_d241998a"
"aat2c6r2obn3l.biz","263","ebury_dga_d241998a"
"h9j3q8z2abt3s.info","264","ebury_dga_d241998a"
"baq4aat2mbc3a.net","265","ebury_dga_d241998a"
"xdg5ucj2nbw3m.biz","266","ebury_dga_d241998a"
"q2y7eeo2ybb3k.info","267","ebury_dga_d241998a"
"o9c8f0u3rbj3p.net","268","ebury_dga_d241998a"
"d2jaq2t3lbr3j.biz","269","ebury_dga_d241998a"
"hdabe4x3ebs3n.info","270","ebury_dga_d241998a"
"katds6s3cbi3t.net","271","ebury_dga_d241998a"
"z9ifl8q3kbf3g.biz","272","ebury_dga_d241998a"
"jaw1wbx3ebs3k.info","273","ebury_dga_d241998a"
"odg3gdh3ibp3e.net","274","ebury_dga_d241998a"
"l2o6yfu3rbj3q.biz","275","ebury_dga_d241998a"
"c9s8o1g4ubd3m.info","276","ebury_dga_d241998a"
"a2hbm3x4tbu3d.net","277","ebury_dga_d241998a"
"zdqdy5r4xbg3i.biz","278","ebury_dga_d241998a"
"qaf0n8b4sbh3f.info","279","ebury_dga_d241998a"
"w9a3iam4qby3n.net","280","ebury_dga_d241998a"
"daf6lcr4xbg3q.biz","281","ebury_dga_d241998a"
"cdz9jek4hbm3x.info","282","ebury_dga_d241998a"
"t2edy0b5ubd3l.net","283","ebury_dga_d241998a"
"s9x0s3j5vba3e.biz","284","ebury_dga_d241998a"
"k2m4x5r5fbv3a.info","285","ebury_dga_d241998a"
"wdo7u7s5obn3h.net","286","ebury_dga_d241998a"
"lafbd9i5gbz3y.biz","287","ebury_dga_d241998a"
"p9zfabf5lbr3i.info","288","ebury_dga_d241998a"
"aae3fes5obn3l.net","289","ebury_dga_d241998a"
"sdz7i0l6zbe3o.biz","290","ebury_dga_d241998a"
"f2fcu2i6vba3t.info","291","ebury_dga_d241998a"
"g9o0n5h6bbk3x.net","292","ebury_dga_d241998a"
"q2f5c7s6ybb3k.biz","293","ebury_dga_d241998a"
"pds9b9b6cbi3z.info","294","ebury_dga_d241998a"
"tacecba6nbw3r.net","295","ebury_dga_d241998a"
"m9q3peo6tbu3h.biz","296","ebury_dga_d241998a"
"kau8x0n7cbi3t.info","297","ebury_dga_d241998a"
"gdjdz2e7wbx3c.net","298","ebury_dga_d241998a"
"y2u3n5a7bbk3f.biz","299","ebury_dga_d241998a"
"n9i8h7k7jbq3o.info","300","ebury_dga_d241998a"
"l2teg9b7rbj3q.net","301","ebury_dga_d241998a"
"mdo3yci7sbh3w.biz","302","ebury_dga_d241998a"
"fah9bew7ibp3u.info","303","ebury_dga_d241998a"
"e9pfl0s8fbv3z.net","304","ebury_dga_d241998a"
"qac5u3d8sbh3f.biz","305","ebury_dga_d241998a"
"ndjbl5y8pbo3s.info","306","ebury_dga_d241998a"
"r2s2a8w8jbq3y.net","307","ebury_dga_d241998a"
"i9h8sap8dbl3c.biz","308","ebury_dga_d241998a"
"t2xfxci8ubd3l.info","309","ebury_dga_d241998a"
"eds5sfa8gbz3p.net","310","ebury_dga_d241998a"
"yascj1m9hbm3v.biz","311","ebury_dga_d241998a"
"x9t3y4b9ybb3w.info","312","ebury_dga_d241998a"
"laean6z9gbz3y.net","313","ebury_dga_d241998a"
"idz1y9c9mbc3g.biz","314","ebury_dga_d241998a"
"u2a9vbl9dbl3r.info","315","ebury_dga_d241998a"
"h9g0iet9abt3s.net","316","ebury_dga_d241998a"
"f2g8r0ravba3t.biz","317","ebury_dga_d241998a"
"xdufg2sanbw3m.info","318","ebury_dga_d241998a"
"raz7k5iazbe3b.net","319","ebury_dga_d241998a"
"o9efs7farbj3p.biz","320","ebury_dga_d241998a"
"tan7rasanbw3r.info","321","ebury_dga_d241998a"
"hdqfqcpaebs3n.net","322","ebury_dga_d241998a"
"v2z8dfjaabt3u.biz","323","ebury_dga_d241998a"
"z9n0a2hbkbf3g.info","324","ebury_dga_d241998a"
"y2j9b4sbbbk3f.net","325","ebury_dga_d241998a"
"ods1a7bbibp3e.biz","326","ebury_dga_d241998a"
"uagat9abwbx3j.info","327","ebury_dga_d241998a"
"c9y3xcobubd3m.net","328","ebury_dga_d241998a"
"faccbebbibp3u.biz","329","ebury_dga_d241998a"
"zde5t1ecxbg3i.info","330","ebury_dga_d241998a"
"b2ifz3ackbf3v.net","331","ebury_dga_d241998a"
"w9p8l6kcqby3n.biz","332","ebury_dga_d241998a"
"r2s2z9bcjbq3y.info","333","ebury_dga_d241998a"
"cdubgbichbm3x.net","334","ebury_dga_d241998a"
"vaw5kewcpbo3d.biz","335","ebury_dga_d241998a"
"s9ofr0sdvba3e.info","336","ebury_dga_d241998a"
"yaz9d3ddhbm3v.net","337","ebury_dga_d241998a"
"wde3c6ydobn3h.biz","338","ebury_dga_d241998a"
"j2det8wdqby3b.info","339","ebury_dga_d241998a"
"p9m8abpdlbr3i.net","340","ebury_dga_d241998a"
"u2b3neiddbl3r.biz","341","ebury_dga_d241998a"
"sdbdi0zezbe3o.info","342","ebury_dga_d241998a"
"bat8l3membc3a.net","343","ebury_dga_d241998a"
"g9u3j6bebbk3x.biz","344","ebury_dga_d241998a"
"ranep8zezbe3b.info","345","ebury_dga_d241998a"
"pds9ebcecbi3z.net","346","ebury_dga_d241998a"
"d2q5welelbr3j.biz","347","ebury_dga_d241998a"
"m9z0p1eftbu3h.info","348","ebury_dga_d241998a"
"v2vch3zfabt3u.net","349","ebury_dga_d241998a"
"gdw7p6qfwbx3c.biz","350","ebury_dga_d241998a"
"jap3r9ffebs3k.info","351","ebury_dga_d241998a"
"n9sfubifjbq3o.net","352","ebury_dga_d241998a"
"uabbaeqfwbx3j.biz","353","ebury_dga_d241998a"
"mds7r1u0vch3w.info","354","ebury_dga_d241998a"
"a2p4t4m0ecu3d.net","355","ebury_dga_d241998a"
"e9w0o7e0xcv3z.biz","356","ebury_dga_d241998a"
"b2ndm9z0wcf3v.info","357","ebury_dga_d241998a"
"ndm9acq0lco3s.net","358","ebury_dga_d241998a"
"daf6eff0ycg3q.biz","359","ebury_dga_d241998a"
"i9b3j2d1hcl3c.info","360","ebury_dga_d241998a"
"vad0l5p1lco3d.net","361","ebury_dga_d241998a"
"edydj7g1bcz3p.biz","362","ebury_dga_d241998a"
"k2zbwaf1xcv3a.info","363","ebury_dga_d241998a"
"x9o8tdy1ocb3w.net","364","ebury_dga_d241998a"
"j2w6a0p2pcy3b.biz","365","ebury_dga_d241998a"
"idw3l3t2tcc3g.info","366","ebury_dga_d241998a"
"aam1c6r2rcn3l.net","367","ebury_dga_d241998a"
"h9nfq8z2zct3s.biz","368","ebury_dga_d241998a"
"baadzbt2tcc3a.info","369","ebury_dga_d241998a"
"xdybvej2jcw3m.net","370","ebury_dga_d241998a"
"q2kae1r3ocb3k.biz","371","ebury_dga_d241998a"
"o9c8r4u3ccj3p.info","372","ebury_dga_d241998a"
"d2l7e7t3mcr3j.net","373","ebury_dga_d241998a"
"hdm5kax3fcs3n.biz","374","ebury_dga_d241998a"
"kay4xds3uci3t.info","375","ebury_dga_d241998a"
"z9d3d0p4wcf3g.net","376","ebury_dga_d241998a"
"jaq2t3y4fcs3k.biz","377","ebury_dga_d241998a"
"ods1h6a4dcp3e.info","378","ebury_dga_d241998a"
"l2t1g9s4ccj3q.net","379","ebury_dga_d241998a"
"c9e0xcg4scd3m.biz","380","ebury_dga_d241998a"
"a2z0lfx4ecu3d.info","381","ebury_dga_d241998a"
"zdlft1c5ycg3i.net","382","ebury_dga_d241998a"
"qayfs4n5vch3f.biz","383","ebury_dga_d241998a"
"w9hfm7t5pcy3n.info","384","ebury_dga_d241998a"
"dalfqac5ycg3q.net","385","ebury_dga_d241998a"
"cdbfndw5acm3x.biz","386","ebury_dga_d241998a"
"t2e0o1n6scd3l.info","387","ebury_dga_d241998a"
"s9x0v4i6gca3e.net","388","ebury_dga_d241998a"
"k2q1o7c6xcv3a.biz","389","ebury_dga_d241998a"
"wdm1lav6rcn3h.info","390","ebury_dga_d241998a"
"lar2cdd6bcz3y.net","391","ebury_dga_d241998a"
"p9k3k0y7mcr3i.biz","392","ebury_dga_d241998a"
"aaf4y3g7rcn3l.info","393","ebury_dga_d241998a"
"sdh5w6m7kce3o.net","394","ebury_dga_d241998a"
"f2v7i9d7gca3t.biz","395","ebury_dga_d241998a"
"g9n8cca7nck3x.info","396","ebury_dga_d241998a"
"q2kaffv7ocb3k.net","397","ebury_dga_d241998a"
"pdlbo2j8uci3z.biz","398","ebury_dga_d241998a"
"tardj5k8jcw3r.info","399","ebury_dga_d241998a"
"m9wfy8c8ecu3h.net","400","ebury_dga_d241998a"
"kae1fcj8uci3t.biz","401","ebury_dga_d241998a"
"gdh3zff8qcx3c.info","402","ebury_dga_d241998a"
"y2g6v2k9nck3f.net","403","ebury_dga_d241998a"
"n9i8i5q9icq3o.biz","404","ebury_dga_d241998a"
"l2pbv8j9ccj3q.info","405","ebury_dga_d241998a"
"mdfdxbh9vch3w.net","406","ebury_dga_d241998a"
"fau0nfp9dcp3u.biz","407","ebury_dga_d241998a"
"e9l3t2laxcv3z.info","408","ebury_dga_d241998a"
"qau6v5oavch3f.net","409","ebury_dga_d241998a"
"ndm9e8zalco3s.biz","410","ebury_dga_d241998a"
"r2cdubvaicq3y.info","411","ebury_dga_d241998a"
"i9s0jfbahcl3c.net","412","ebury_dga_d241998a"
"t2o4r2obscd3l.biz","413","ebury_dga_d241998a"
"edg7b5ubbcz3p.info","414","ebury_dga_d241998a"
"yaubw8jbacm3v.net","415","ebury_dga_d241998a"
"x9mflbebocb3w.biz","416","ebury_dga_d241998a"
"lac3sfubbcz3y.info","417","ebury_dga_d241998a"
"idm7p2pctcc3g.net","418","ebury_dga_d241998a"
"u2uch5jchcl3r.biz","419","ebury_dga_d241998a"
"h9g0p9dczct3s.info","420","ebury_dga_d241998a"
"f2u5ocucgca3t.net","421","ebury_dga_d241998a"
"xdi9gfgcjcw3m.biz","422","ebury_dga_d241998a"
"raneh2adkce3b.info","423","ebury_dga_d241998a"
"o9f3u6odccj3p.net","424","ebury_dga_d241998a"
"taj8a9bdjcw3r.biz","425","ebury_dga_d241998a"
"hdkdqctdfcs3n.info","426","ebury_dga_d241998a"
"v2j3j0aezct3u.net","427","ebury_dga_d241998a"
"z9w8z3kewcf3g.biz","428","ebury_dga_d241998a"
"y2rej6benck3f.info","429","ebury_dga_d241998a"
"odg3uaiedcp3e.net","430","ebury_dga_d241998a"
"uap9hdweqcx3j.biz","431","ebury_dga_d241998a"
"c9xfy0sfscd3m.info","432","ebury_dga_d241998a"
"fan5i4dfdcp3u.net","433","ebury_dga_d241998a"
"zdkbr7yfycg3i.biz","434","ebury_dga_d241998a"
"b2i2jbwfwcf3v.info","435","ebury_dga_d241998a"
"w9p8zepfpcy3n.net","436","ebury_dga_d241998a"
"r2sfg1n0ddq3y.biz","437","ebury_dga_d241998a"
"cdi5a5d0zdm3x.info","438","ebury_dga_d241998a"
"vaice8q0mdo3d.net","439","ebury_dga_d241998a"
"s9r3ocs0bda3e.biz","440","ebury_dga_d241998a"
"yacaifd0zdm3v.info","441","ebury_dga_d241998a"
"wdm1y3o1cdn3h.net","442","ebury_dga_d241998a"
"j2l9l6q1ldy3b.biz","443","ebury_dga_d241998a"
"p9h0hal1tdr3i.info","444","ebury_dga_d241998a"
"u2h8bdd1adl3r.net","445","ebury_dga_d241998a"
"sdjfi0k2wde3o.biz","446","ebury_dga_d241998a"
"bam7m4t2edc3a.info","447","ebury_dga_d241998a"
"g9cfi7n2jdk3x.net","448","ebury_dga_d241998a"
"raz7nbk2wde3b.biz","449","ebury_dga_d241998a"
"pdffyeu2sdi3z.info","450","ebury_dga_d241998a"
"d2m8q2t3tdr3j.net","451","ebury_dga_d241998a"
"m9z0f6f3fdu3h.biz","452","ebury_dga_d241998a"
"v2k9p9k3kdt3u.info","453","ebury_dga_d241998a"
"gdi1hdp3pdx3c.net","454","ebury_dga_d241998a"
"jahap0y4xds3k.biz","455","ebury_dga_d241998a"
"n9v3j4h4ddq3o.info","456","ebury_dga_d241998a"
"uancl7l4pdx3j.net","457","ebury_dga_d241998a"
"mdc5xbb4gdh3w.biz","458","ebury_dga_d241998a"
"a2wfpex4fdu3d.info","459","ebury_dga_d241998a"
"e9x8t2r5ydv3z.net","460","ebury_dga_d241998a"
"b2i2q6l5qdf3v.biz","461","ebury_dga_d241998a"
"ndjbf9e5mdo3s.info","462","ebury_dga_d241998a"
"dae5mdc5odg3q.net","463","ebury_dga_d241998a"
"i9gfb0w6adl3c.biz","464","ebury_dga_d241998a"
"vam9p4f6mdo3d.info","465","ebury_dga_d241998a"
"edc3i8d6ndz3p.net","466","ebury_dga_d241998a"
"k2qeqbc6ydv3a.biz","467","ebury_dga_d241998a"
"x9o8ffs6rdb3w.info","468","ebury_dga_d241998a"
"j2a3w3f7ldy3b.net","469","ebury_dga_d241998a"
"idade6o7edc3g.biz","470","ebury_dga_d241998a"
"aar8lag7cdn3l.info","471","ebury_dga_d241998a"
"h9j3iel7kdt3s.net","472","ebury_dga_d241998a"
"bazeq1r8edc3a.biz","473","ebury_dga_d241998a"
"xdi9j5k8idw3m.info","474","ebury_dga_d241998a"
"q2f5s9g8rdb3k.net","475","ebury_dga_d241998a"
"o9m0fdn8udj3p.biz","476","ebury_dga_d241998a"
"d2dck0r9tdr3j.info","477","ebury_dga_d241998a"
"hde7e4s9xds3n.net","478","ebury_dga_d241998a"
"kax3g8i9sdi3t.biz","479","ebury_dga_d241998a"
"z9ifjbf9qdf3g.info","480","ebury_dga_d241998a"
"jaabmfs9xds3k.net","481","ebury_dga_d241998a"
"odi7j3gahdp3e.biz","482","ebury_dga_d241998a"
"l2x4s7faudj3q.info","483","ebury_dga_d241998a"
"c9e0fbyavdd3m.net","484","ebury_dga_d241998a"
"a2zdpeqafdu3d.biz","485","ebury_dga_d241998a"
"zdo9e2tbodg3i.info","486","ebury_dga_d241998a"
"qau6g6rbgdh3f.net","487","ebury_dga_d241998a"
"w9a3iazbldy3n.biz","488","ebury_dga_d241998a"
"daq0tetbodg3q.info","489","ebury_dga_d241998a"
"cdvdj1iczdm3x.net","490","ebury_dga_d241998a"
"t2mbs5rcvdd3l.biz","491","ebury_dga_d241998a"
"s9g8i9ucbda3e.info","492","ebury_dga_d241998a"
"k2e6ldtcydv3a.net","493","ebury_dga_d241998a"
"wde3f1ydcdn3h.biz","494","ebury_dga_d241998a"
"lao1b5vdndz3y.info","495","ebury_dga_d241998a"
"p9zff8pdtdr3i.net","496","ebury_dga_d241998a"
"aaldtcydcdn3l.biz","497","ebury_dga_d241998a"
"sdvbi0zewde3o.info","498","ebury_dga_d241998a"
"f2tav4vebda3t.net","499","ebury_dga_d241998a"
"g9n8d8bejdk3x.biz","500","ebury_dga_d241998a"
"q2y7mcyerdb3k.info","501","ebury_dga_d241998a"
"pdo5x0ufsdi3z.net","502","ebury_dga_d241998a"
"tav4n4jfidw3r.biz","503","ebury_dga_d241998a"
"m9q3y8effdu3h.info","504","ebury_dga_d241998a"
"kaf2fcufsdi3t.net","505","ebury_dga_d241998a"
"gdi1h0k0lex3c.biz","506","ebury_dga_d241998a"
"y2r1b4g0iek3f.info","507","ebury_dga_d241998a"
"n9c0a8n0heq3o.net","508","ebury_dga_d241998a"
"l2m0eco0sej3q.biz","509","ebury_dga_d241998a"
"mdyfcfu0beh3w.info","510","ebury_dga_d241998a"
"favfj3i1aep3u.net","511","ebury_dga_d241998a"
"e9pfo7f1oev3z.biz","512","ebury_dga_d241998a"
"qayfxbs1beh3f.info","513","ebury_dga_d241998a"
"ndafwfp1teo3s.net","514","ebury_dga_d241998a"
"r2c0j4i2heq3y.biz","515","ebury_dga_d241998a"
"i9s0k8h2zel3c.info","516","ebury_dga_d241998a"
"t2f1xcs2ged3l.net","517","ebury_dga_d241998a"
"edo1c0n3jez3p.biz","518","ebury_dga_d241998a"
"yab2h4z3kem3v.info","519","ebury_dga_d241998a"
"x9t3u8r3ceb3w.net","520","ebury_dga_d241998a"
"lau4rcn3jez3y.biz","521","ebury_dga_d241998a"
"idp5w0f4fec3g.info","522","ebury_dga_d241998a"
"u2d7d4z4zel3r.net","523","ebury_dga_d241998a"
"h9z8q8w4wet3s.biz","524","ebury_dga_d241998a"
"f2taocn4nea3t.info","525","ebury_dga_d241998a"
"xdybs0h5dew3m.net","526","ebury_dga_d241998a"
"rabdz4p5qee3b.biz","527","ebury_dga_d241998a"
"o9efv8v5sej3p.info","528","ebury_dga_d241998a"
"tac1sdh5dew3r.net","529","ebury_dga_d241998a"
"hdp3l1r6yes3n.biz","530","ebury_dga_d241998a"
"v2h6z5p6wet3u.info","531","ebury_dga_d241998a"
"z9w8m9m6pef3g.net","532","ebury_dga_d241998a"
"y2xbudh6iek3f.biz","533","ebury_dga_d241998a"
"odudb1w7aep3e.info","534","ebury_dga_d241998a"
"uaj0p6e7lex3j.net","535","ebury_dga_d241998a"
"c9y3eaj7ged3m.biz","536","ebury_dga_d241998a"
"faj6bew7aep3u.info","537","ebury_dga_d241998a"
"zdo9e2v8reg3i.net","538","ebury_dga_d241998a"
"b2ndq6e8pef3v.biz","539","ebury_dga_d241998a"
"w9i0dbx8mey3n.info","540","ebury_dga_d241998a"
"r2g4bfw8heq3y.net","541","ebury_dga_d241998a"
"cdh7d3m9kem3x.biz","542","ebury_dga_d241998a"
"vajbt7o9teo3d.info","543","ebury_dga_d241998a"
"s9ofyba9nea3e.net","544","ebury_dga_d241998a"
"yan3n0nakem3v.biz","545","ebury_dga_d241998a"
"wdo7o4eauen3h.info","546","ebury_dga_d241998a"
"j2jct8aamey3b.net","547","ebury_dga_d241998a"
"p9h0kdkaeer3i.biz","548","ebury_dga_d241998a"
"u2j5n1nbzel3r.info","549","ebury_dga_d241998a"
"sdw9k5dbqee3o.net","550","ebury_dga_d241998a"
"bazey9qbfec3a.biz","551","ebury_dga_d241998a"
"g9u3sesbiek3x.info","552","ebury_dga_d241998a"
"rak8h2hcqee3b.net","553","ebury_dga_d241998a"
"pdtds6ocvei3z.biz","554","ebury_dga_d241998a"
"d2k3abqceer3j.info","555","ebury_dga_d241998a"
"m9e8lflcxeu3h.net","556","ebury_dga_d241998a"
"v2beh3hdwet3u.biz","557","ebury_dga_d241998a"
"gdh3m8kdlex3c.info","558","ebury_dga_d241998a"
"jax9qctdyes3k.net","559","ebury_dga_d241998a"
"n9sfv0jeheq3o.biz","560","ebury_dga_d241998a"
"uaz5q5welex3j.info","561","ebury_dga_d241998a"
"mdtbj9sebeh3w.net","562","ebury_dga_d241998a"
"a2w2petexeu3d.biz","563","ebury_dga_d241998a"
"e9x8t2xfoev3z.info","564","ebury_dga_d241998a"
"b2ifq6wfpef3v.net","565","ebury_dga_d241998a"
"ndw5hblfteo3s.biz","566","ebury_dga_d241998a"
"dawcefyfreg3q.info","567","ebury_dga_d241998a"
"i9b3d4i0kfl3c.net","568","ebury_dga_d241998a"
"vanae8q0efo3d.biz","569","ebury_dga_d241998a"
"edo1cdv0ifz3p.info","570","ebury_dga_d241998a"
"k2y9m1f1rfv3a.net","571","ebury_dga_d241998a"
"x9p0r6y1ufb3w.biz","572","ebury_dga_d241998a"
"j2p8iaq1tfy3b.info","573","ebury_dga_d241998a"
"idkfqem1xfc3g.net","574","ebury_dga_d241998a"
"aao7y3r2sfn3l.biz","575","ebury_dga_d241998a"
"h9nfw7z2qft3s.info","576","ebury_dga_d241998a"
"bam7kct2xfc3a.net","577","ebury_dga_d241998a"
"xdufs0i3hfw3m.biz","578","ebury_dga_d241998a"
"q2o8o5r3ufb3k.info","579","ebury_dga_d241998a"
"o9m0mau3vfj3p.net","580","ebury_dga_d241998a"
"d2t9wet3ffr3j.biz","581","ebury_dga_d241998a"
"hdw1t3y4ofs3n.info","582","ebury_dga_d241998a"
"kapav7v4gfi3t.net","583","ebury_dga_d241998a"
"z9d3icp4lff3g.biz","584","ebury_dga_d241998a"
"jazcp0o5ofs3k.info","585","ebury_dga_d241998a"
"odn5d5z5zfp3e.net","586","ebury_dga_d241998a"
"l2efg9v5vfj3q.biz","587","ebury_dga_d241998a"
"c9s8oeb5bfd3m.info","588","ebury_dga_d241998a"
"a2w2m3o6yfu3d.net","589","ebury_dga_d241998a"
"zdkbr7u6cfg3i.biz","590","ebury_dga_d241998a"
"qac5ycj6nfh3f.info","591","ebury_dga_d241998a"
"w9hfa0f7tfy3n.net","592","ebury_dga_d241998a"
"dao9y5s7cfg3q.biz","593","ebury_dga_d241998a"
"cdn3vap7wfm3x.info","594","ebury_dga_d241998a"
"t2feoej7bfd3l.net","595","ebury_dga_d241998a"
"s9g8s3h8jfa3e.biz","596","ebury_dga_d241998a"
"k2l3r8s8rfv3a.info","597","ebury_dga_d241998a"
"wdldtcb8sfn3h.net","598","ebury_dga_d241998a"
"lab8u1z9ifz3y.biz","599","ebury_dga_d241998a"
"p9k3t6r9ffr3i.info","600","ebury_dga_d241998a"
"aamelan9sfn3l.net","601","ebury_dga_d241998a"
"sdw9hfe9pfe3o.biz","602","ebury_dga_d241998a"
"f2u5v4rajfa3t.info","603","ebury_dga_d241998a"
"g9o0h9uadfk3x.net","604","ebury_dga_d241998a"
"q2qctdtaufb3k.biz","605","ebury_dga_d241998a"
"pdc7o2ybgfi3z.info","606","ebury_dga_d241998a"
"tas3d7vbhfw3r.net","607","ebury_dga_d241998a"
"m9wfkbpbyfu3h.biz","608","ebury_dga_d241998a"
"kalbx0ocgfi3t.info","609","ebury_dga_d241998a"
"gdw7q5zcmfx3c.net","610","ebury_dga_d241998a"
"y2s4oavcdfk3f.biz","611","ebury_dga_d241998a"
"n9c0bfbcafq3o.info","612","ebury_dga_d241998a"
"l2mdo3odvfj3q.net","613","ebury_dga_d241998a"
"mdg9n8udnfh3w.biz","614","ebury_dga_d241998a"
"faj6gdjdzfp3u.info","615","ebury_dga_d241998a"
"e9l3t2ferfv3z.net","616","ebury_dga_d241998a"
"qaf0b7senfh3f.biz","617","ebury_dga_d241998a"
"ndddhbpeefo3s.info","618","ebury_dga_d241998a"
"r2obv0ifafq3y.net","619","ebury_dga_d241998a"
"i9h8h5hfkfl3c.biz","620","ebury_dga_d241998a"
"t2c6easfbfd3l.info","621","ebury_dga_d241998a"
"edc3sfbfifz3p.net","622","ebury_dga_d241998a"
"yag1h4d0z0t4v.biz","623","ebury_dga_d241998a"
"x9mfu8x0r0n4w.info","624","ebury_dga_d241998a"
"laydcdv0n0k4y.net","625","ebury_dga_d241998a"
"iddbp2m1e0u4g.biz","626","ebury_dga_d241998a"
"u2raz7d1a0m4r.info","627","ebury_dga_d241998a"
"h9z8nca1k0e4s.net","628","ebury_dga_d241998a"
"f2v7c1g2b0z4t.biz","629","ebury_dga_d241998a"
"xdg5i6j2i0q4m.info","630","ebury_dga_d241998a"
"rad4nbk2w0f4b.net","631","ebury_dga_d241998a"
"o9f3f0u3u0i4p.biz","632","ebury_dga_d241998a"
"tau2j5i3i0q4r.info","633","ebury_dga_d241998a"
"hdw1kax3x0v4n.net","634","ebury_dga_d241998a"
"v2b1dfk3k0e4u.biz","635","ebury_dga_d241998a"
"z9n0k4p4q0x4g.info","636","ebury_dga_d241998a"
"y2o0h9i4j0w4f.net","637","ebury_dga_d241998a"
"odvfgda4h0l4e.biz","638","ebury_dga_d241998a"
"uadfz2m5p0y4j.info","639","ebury_dga_d241998a"
"c9xfg7b5v0h4m.net","640","ebury_dga_d241998a"
"favfvcz5h0l4u.biz","641","ebury_dga_d241998a"
"zdlft1u6o0b4i.info","642","ebury_dga_d241998a"
"b2n0p7m6q0x4v.net","643","ebury_dga_d241998a"
"w9i0hce6l0o4n.biz","644","ebury_dga_d241998a"
"r2u1g1k7d0p4y.info","645","ebury_dga_d241998a"
"cdg1z6p7z0t4x.net","646","ebury_dga_d241998a"
"vaa2hbx7m0r4d.biz","647","ebury_dga_d241998a"
"s9r3r0h8b0z4e.info","648","ebury_dga_d241998a"
"yaj4a5l8z0t4v.net","649","ebury_dga_d241998a"
"wdx5lab8c0j4h.biz","650","ebury_dga_d241998a"
"j2q7kfx8l0o4b.info","651","ebury_dga_d241998a"
"p9m8l4r9t0c4i.net","652","ebury_dga_d241998a"
"u2raw9l9a0m4r.biz","653","ebury_dga_d241998a"
"sdvbdee9w0f4o.info","654","ebury_dga_d241998a"
"baadl3wae0u4a.net","655","ebury_dga_d241998a"
"g9cfd8uaj0w4x.biz","656","ebury_dga_d241998a"
"ran1deiaw0f4b.info","657","ebury_dga_d241998a"
"pdx3r3ybs0d4z.net","658","ebury_dga_d241998a"
"d2p6f8wbt0c4j.biz","659","ebury_dga_d241998a"
"m9e8qdpbf0s4h.info","660","ebury_dga_d241998a"
"v2sbd2dck0e4u.net","661","ebury_dga_d241998a"
"gdjdl7zcp0y4c.biz","662","ebury_dga_d241998a"
"jak0pdmcx0v4k.info","663","ebury_dga_d241998a"
"n9v3b2ndd0p4o.net","664","ebury_dga_d241998a"
"uak6l7kdp0y4j.biz","665","ebury_dga_d241998a"
"mdg9ycudg0a4w.info","666","ebury_dga_d241998a"
"a2zdp1tef0s4d.net","667","ebury_dga_d241998a"
"e9w0o7fey0g4z.biz","668","ebury_dga_d241998a"
"b2h4ickeq0x4v.info","669","ebury_dga_d241998a"
"ndp7k1lfm0r4s.net","670","ebury_dga_d241998a"
"dakbo6yfo0b4q.biz","671","ebury_dga_d241998a"
"i9gfvbhfa0m4c.info","672","ebury_dga_d241998a"
"vaz3k1q0t1r4d.net","673","ebury_dga_d241998a"
"edg7n6v0j1k4p.biz","674","ebury_dga_d241998a"
"k2kcqbe0o1g4a.info","675","ebury_dga_d241998a"
"x9p0e1y1c1n4w.net","676","ebury_dga_d241998a"
"j2k5l6q1m1o4b.biz","677","ebury_dga_d241998a"
"ide9zbm1f1u4g.info","678","ebury_dga_d241998a"
"aamee0r2u1j4l.net","679","ebury_dga_d241998a"
"h9j3k6z2w1e4s.biz","680","ebury_dga_d241998a"
"bat8zbt2f1u4a.info","681","ebury_dga_d241998a"
"xdrds0i3d1q4m.net","682","ebury_dga_d241998a"
"q2t3r6r3c1n4k.biz","683","ebury_dga_d241998a"
"o9c8tbu3s1i4p.info","684","ebury_dga_d241998a"
"d2aek0e4e1c4j.net","685","ebury_dga_d241998a"
"hdp3x6y4y1v4n.biz","686","ebury_dga_d241998a"
"kas9ebv4v1d4t.info","687","ebury_dga_d241998a"
"z9ifd0l5p1x4g.net","688","ebury_dga_d241998a"
"jam5x6o5y1v4k.biz","689","ebury_dga_d241998a"
"odrbsbz5a1l4e.info","690","ebury_dga_d241998a"
"l2e2x1g6s1i4q.net","691","ebury_dga_d241998a"
"c9s8v6n6g1h4m.biz","692","ebury_dga_d241998a"
"a2wfkbo6x1s4d.info","693","ebury_dga_d241998a"
"zde5t1s7r1b4i.net","694","ebury_dga_d241998a"
"qaecg6i7b1a4f.biz","695","ebury_dga_d241998a"
"w9a3hcf7m1o4n.info","696","ebury_dga_d241998a"
"dazat1v8r1b4q.net","697","ebury_dga_d241998a"
"cdg1k7l8k1t4x.biz","698","ebury_dga_d241998a"
"t2v9xci8g1h4l.info","699","ebury_dga_d241998a"
"s9x0u2a9n1z4e.net","700","ebury_dga_d241998a"
"k2x8o7v9o1g4a.biz","701","ebury_dga_d241998a"
"wdtftcn9u1j4h.info","702","ebury_dga_d241998a"
"lag7s2caj1k4y.net","703","ebury_dga_d241998a"
"p9zfe7kae1c4i.biz","704","ebury_dga_d241998a"
"aao7edeau1j4l.info","705","ebury_dga_d241998a"
"sdjfh2dbq1f4o.net","706","ebury_dga_d241998a"
"f2g8j8cbn1z4t.biz","707","ebury_dga_d241998a"
"g9o0sesbi1w4x.info","708","ebury_dga_d241998a"
"q2r9x3fcc1n4k.net","709","ebury_dga_d241998a"
"pde1b9ocv1d4z.biz","710","ebury_dga_d241998a"
"taxavegcd1q4r.info","711","ebury_dga_d241998a"
"m9q3t4mdx1s4h.net","712","ebury_dga_d241998a"
"kamcb9rdv1d4t.biz","713","ebury_dga_d241998a"
"gdz5zfkdl1y4c.info","714","ebury_dga_d241998a"
"y2cfb4bei1w4f.net","715","ebury_dga_d241998a"
"n9i8cajeh1p4o.biz","716","ebury_dga_d241998a"
"l2e2f0cfs1i4q.info","717","ebury_dga_d241998a"
"mdtbv5vfb1a4w.net","718","ebury_dga_d241998a"
"fan5sbdfa1l4u.biz","719","ebury_dga_d241998a"
"e9pfl0e0r2g4z.info","720","ebury_dga_d241998a"
"qag9g6u0n2a4f.net","721","ebury_dga_d241998a"
"ndz3acq0e2r4s.biz","722","ebury_dga_d241998a"
"r2ueg1j1a2p4y.info","723","ebury_dga_d241998a"
"i9h8z7d1k2m4c.net","724","ebury_dga_d241998a"
"t2y3ydu1b2h4l.biz","725","ebury_dga_d241998a"
"edyds2b2i2k4p.info","726","ebury_dga_d241998a"
"yaa8w8a2w2t4v.net","727","ebury_dga_d241998a"
"x9t3eeo2u2n4w.biz","728","ebury_dga_d241998a"
"laoev3n3i2k4y.info","729","ebury_dga_d241998a"
"ide9y9e3x2u4g.net","730","ebury_dga_d241998a"
"u2j5jfa3k2m4r.biz","731","ebury_dga_d241998a"
"h9g0z5w4q2e4s.info","732","ebury_dga_d241998a"
"f2fcxan4j2z4t.net","733","ebury_dga_d241998a"
"xdn7s0h5h2q4m.biz","734","ebury_dga_d241998a"
"rai3w6p5p2f4b.info","735","ebury_dga_d241998a"
"o9eftbv5v2i4p.net","736","ebury_dga_d241998a"
"taybv1a6h2q4r.biz","737","ebury_dga_d241998a"
"hde7y7r6o2v4n.info","738","ebury_dga_d241998a"
"v2i4jdp6q2e4u.net","739","ebury_dga_d241998a"
"z9n0z3t7l2x4g.biz","740","ebury_dga_d241998a"
"y2odd8a7d2w4f.info","741","ebury_dga_d241998a"
"odh9bew7z2l4e.net","742","ebury_dga_d241998a"
"uak6w4f8m2y4j.biz","743","ebury_dga_d241998a"
"c9y3eai8b2h4m.info","744","ebury_dga_d241998a"
"fau0g0p9z2l4u.net","745","ebury_dga_d241998a"
"zdqdy5g9c2b4i.biz","746","ebury_dga_d241998a"
"b2gbjbf9l2x4v.info","747","ebury_dga_d241998a"
"w9p8z1aat2o4n.net","748","ebury_dga_d241998a"
"r2n6h7vaa2p4y.biz","749","ebury_dga_d241998a"
"cdn3ndnaw2t4x.info","750","ebury_dga_d241998a"
"vah1q3kbe2r4d.net","751","ebury_dga_d241998a"
"s9ofj8cbj2z4e.biz","752","ebury_dga_d241998a"
"yavdjejbw2t4v.info","753","ebury_dga_d241998a"
"wdqbo4xcs2j4h.net","754","ebury_dga_d241998a"
"j2baiakct2o4b.biz","755","ebury_dga_d241998a"
"p9m8k0pdf2c4i.info","756","ebury_dga_d241998a"
"u2d7a6idk2m4r.net","757","ebury_dga_d241998a"
"sdh5jcadp2f4o.biz","758","ebury_dga_d241998a"
"baq4p2mex2u4a.info","759","ebury_dga_d241998a"
"g9u3d8bed2w4x.net","760","ebury_dga_d241998a"
"raj2dezep2f4b.biz","761","ebury_dga_d241998a"
"pde1c4ufg2d4z.info","762","ebury_dga_d241998a"
"d2a1hamff2c4j.net","763","ebury_dga_d241998a"
"m9z0q0m0o3s4h.biz","764","ebury_dga_d241998a"
"v2g0k6h0p3e4u.info","765","ebury_dga_d241998a"
"gddfibk0t3y4c.net","766","ebury_dga_d241998a"
"jaqfl1e1r3v4k.biz","767","ebury_dga_d241998a"
"n9sfh7j1z3p4o.info","768","ebury_dga_d241998a"
"uadfhdw1t3y4j.net","769","ebury_dga_d241998a"
"mdyfu3v2j3a4w.biz","770","ebury_dga_d241998a"
"a2z0zae2o3s4d.info","771","ebury_dga_d241998a"
"e9w0l0y3c3g4z.net","772","ebury_dga_d241998a"
"b2j1q6q3m3x4v.biz","773","ebury_dga_d241998a"
"ndh1acm3f3r4s.info","774","ebury_dga_d241998a"
"dal2e2r4u3b4q.net","775","ebury_dga_d241998a"
"i9b3k8z4w3m4c.biz","776","ebury_dga_d241998a"
"vak4ket4f3r4d.info","777","ebury_dga_d241998a"
"eds5g4i5d3k4p.net","778","ebury_dga_d241998a"
"k2f7war5c3g4a.biz","779","ebury_dga_d241998a"
"x9o8t0s6s3n4w.info","780","ebury_dga_d241998a"
"j2bal6e6e3o4b.net","781","ebury_dga_d241998a"
"iddbkcy6y3u4g.biz","782","ebury_dga_d241998a"
"aaldx2g7v3j4l.info","783","ebury_dga_d241998a"
"h9nfq8l7p3e4s.net","784","ebury_dga_d241998a"
"baz1pfo7y3u4a.biz","785","ebury_dga_d241998a"
"xds3j5k8a3q4m.info","786","ebury_dga_d241998a"
"q2x6lbg8s3n4k.net","787","ebury_dga_d241998a"
"o9c8x1j9g3i4p.biz","788","ebury_dga_d241998a"
"d2ibe7r9x3c4j.info","789","ebury_dga_d241998a"
"hdkdpds9r3v4n.net","790","ebury_dga_d241998a"
"kat0c4xab3d4t.biz","791","ebury_dga_d241998a"
"z9d3nadam3x4g.info","792","ebury_dga_d241998a"
"jat6p0lbr3v4k.net","793","ebury_dga_d241998a"
"odh9h6bbk3l4e.biz","794","ebury_dga_d241998a"
"l2mdecxbg3i4q.info","795","ebury_dga_d241998a"
"c9e0c3rcn3h4m.net","796","ebury_dga_d241998a"
"a2p4o9lco3s4d.biz","797","ebury_dga_d241998a"
"zdx7efecu3b4i.info","798","ebury_dga_d241998a"
"qatbv5udj3a4f.net","799","ebury_dga_d241998a"
"w9hfdbwde3o4n.biz","800","ebury_dga_d241998a"
"dam3e2xeu3b4q.info","801","ebury_dga_d241998a"
"cdh7w8heq3t4x.net","802","ebury_dga_d241998a"
"t2tcoeuen3h4l.biz","803","ebury_dga_d241998a"
"s9x0g5gfi3z4e.info","804","ebury_dga_d241998a"
"k2t5qbxfc3g4a.net","805","ebury_dga_d241998a"
"wdc9f1y0g4j4h.biz","806","ebury_dga_d241998a"
"laoej7v0h4k4y.info","807","ebury_dga_d241998a"
"p9k3wep0y4c4i.net","808","ebury_dga_d241998a"
"aar8o4o1g4j4l.biz","809","ebury_dga_d241998a"
"sdbdbaz1m4f4o.info","810","ebury_dga_d241998a"
"f2r3c1g2d4z4t.net","811","ebury_dga_d241998a"
"g9n8i7n2a4w4x.biz","812","ebury_dga_d241998a"
"q2letdo2v4n4k.info","813","ebury_dga_d241998a"
"pdx3c4s3n4d4z.net","814","ebury_dga_d241998a"
"tai9rai3z4q4r.biz","815","ebury_dga_d241998a"
"m9wfq0x4r4s4h.info","816","ebury_dga_d241998a"
"kao5v7v4n4d4t.net","817","ebury_dga_d241998a"
"gdbbhdl4e4y4c.biz","818","ebury_dga_d241998a"
"y2c2b4d5a4w4f.info","819","ebury_dga_d241998a"
"n9i8caa5k4p4o.net","820","ebury_dga_d241998a"
"l2eff0g6b4i4q.biz","821","ebury_dga_d241998a"
"mdc5b7j6i4a4w.info","822","ebury_dga_d241998a"
"faccgdk6w4l4u.net","823","ebury_dga_d241998a"
"e9l3f4u7u4g4z.biz","824","ebury_dga_d241998a"
"qamafai7i4a4f.info","825","ebury_dga_d241998a"
"ndh1k1y8x4r4s.net","826","ebury_dga_d241998a"
"r2d9h7w8k4p4y.biz","827","ebury_dga_d241998a"
"i9s0nep8q4m4c.info","828","ebury_dga_d241998a"
"t2s8u4d9j4h4l.net","829","ebury_dga_d241998a"
"edrfyaz9h4k4p.biz","830","ebury_dga_d241998a"
"yah7j1nap4t4v.info","831","ebury_dga_d241998a"
"x9mfc7tav4n4w.net","832","ebury_dga_d241998a"
"lag7uecah4k4y.biz","833","ebury_dga_d241998a"
"idkfm4qbo4u4g.info","834","ebury_dga_d241998a"
"u2h8vbnbq4m4r.net","835","ebury_dga_d241998a"
"h9g0d2dcl4e4s.biz","836","ebury_dga_d241998a"
"f2b9j8ucd4z4t.info","837","ebury_dga_d241998a"
"xdc1gfgcz4q4m.net","838","ebury_dga_d241998a"
"rasak5adm4f4b.biz","839","ebury_dga_d241998a"
"o9f3ecodb4i4p.info","840","ebury_dga_d241998a"
"taocg2nez4q4r.net","841","ebury_dga_d241998a"
"hdm5r9eec4v4n.biz","842","ebury_dga_d241998a"
"v2nfdfael4e4u.info","843","ebury_dga_d241998a"
"z9w8q6wft4x4g.net","844","ebury_dga_d241998a"
"y2c2udnfa4w4f.biz","845","ebury_dga_d241998a"
"odrbj3j0q5l4e.info","846","ebury_dga_d241998a"
"uaz5jak0f5y4j.net","847","ebury_dga_d241998a"
"c9xfy0u1i5h4m.biz","848","ebury_dga_d241998a"
"fah9a7i1q5l4u.info","849","ebury_dga_d241998a"
"zdm3tex1v5b4i.net","850","ebury_dga_d241998a"
"b2jek4w2e5x4v.biz","851","ebury_dga_d241998a"
"w9p8dbp2x5o4n.info","852","ebury_dga_d241998a"
"r2v3b2d3w5p4y.net","853","ebury_dga_d241998a"
"cdvdw8z3l5t4x.biz","854","ebury_dga_d241998a"
"val8wfm3y5r4d.info","855","ebury_dga_d241998a"
"s9r3b6n4h5z4e.net","856","ebury_dga_d241998a"
"yagebck4l5t4v.biz","857","ebury_dga_d241998a"
"wdc9y3s5b5j4h.info","858","ebury_dga_d241998a"
"j2k5iat5x5o4b.net","859","ebury_dga_d241998a"
"p9h0w1x6o5c4i.biz","860","ebury_dga_d241998a"
"u2ucz7w6p5m4r.info","861","ebury_dga_d241998a"
"sdz7del6t5f4o.net","862","ebury_dga_d241998a"
"baw3t5o7r5u4a.biz","863","ebury_dga_d241998a"
"g9cfrba7z5w4x.info","864","ebury_dga_d241998a"
"ravbh2t8t5f4b.net","865","ebury_dga_d241998a"
"pdc7b9j8j5d4z.biz","866","ebury_dga_d241998a"
"d2w4k0r9o5c4j.info","867","ebury_dga_d241998a"
"m9z0x7u9c5s4h.net","868","ebury_dga_d241998a"
"v2gdjdt9m5e4u.biz","869","ebury_dga_d241998a"
"gdp9w4haf5y4c.info","870","ebury_dga_d241998a"
"jat6wbpau5v4k.net","871","ebury_dga_d241998a"
"n9v3b2gbw5p4o.biz","872","ebury_dga_d241998a"
"uaj0t9abf5y4j.info","873","ebury_dga_d241998a"
"mdfdcfrbd5a4w.net","874","ebury_dga_d241998a"
"a2hbf6lcc5s4d.biz","875","ebury_dga_d241998a"
"e9x8ldtcs5g4z.info","876","ebury_dga_d241998a"
"b2z6k4zde5x4v.net","877","ebury_dga_d241998a"
"ndz3hbqdy5r4s.biz","878","ebury_dga_d241998a"
"dap1e2xev5b4q.info","879","ebury_dga_d241998a"
"i9gfk8dep5m4c.net","880","ebury_dga_d241998a"
"vaddwfpey5r4d.biz","881","ebury_dga_d241998a"
"edfbn6bfa5k4p.info","882","ebury_dga_d241998a"
"k2aaldxfs5g4a.net","883","ebury_dga_d241998a"
"x9o8y4x0b6n4w.biz","884","ebury_dga_d241998a"
"j2q7dbw0y6o4b.info","885","ebury_dga_d241998a"
"idp5p2m1c6u4g.net","886","ebury_dga_d241998a"
"aaf4v9o1n6j4l.biz","887","ebury_dga_d241998a"
"h9j3j0z2t6e4s.info","888","ebury_dga_d241998a"
"bak2f7t2c6u4a.net","889","ebury_dga_d241998a"
"xdc1vej2w6q4m.biz","890","ebury_dga_d241998a"
"q2l1o5r3b6n4k.info","891","ebury_dga_d241998a"
"o9m0ecu3j6i4p.net","892","ebury_dga_d241998a"
"d2h0p3e4r6c4j.biz","893","ebury_dga_d241998a"
"hdqfr9y4s6v4n.info","894","ebury_dga_d241998a"
"kaffx0g5i6d4t.net","895","ebury_dga_d241998a"
"z9ifp7l5f6x4g.biz","896","ebury_dga_d241998a"
"jaqfleo5s6v4k.info","897","ebury_dga_d241998a"
"odvfd5k6p6l4e.net","898","ebury_dga_d241998a"
"l2m0fdg6j6i4q.biz","899","ebury_dga_d241998a"
"c9e0u4j7d6h4m.info","900","ebury_dga_d241998a"
"a2k1kbr7u6s4d.net","901","ebury_dga_d241998a"
"zdp1e2v8g6b4i.biz","902","ebury_dga_d241998a"
"qay2j9d8h6a4f.info","903","ebury_dga_d241998a"
"w9a3a0y9y6o4n.net","904","ebury_dga_d241998a"
"dat4r7g9g6b4q.biz","905","ebury_dga_d241998a"
"cdi5jem9m6t4x.info","906","ebury_dga_d241998a"
"t2u7s5yad6h4l.net","907","ebury_dga_d241998a"
"s9g8ocraa6z4e.biz","908","ebury_dga_d241998a"
"k2aae3mbv6g4a.info","909","ebury_dga_d241998a"
"wdqblafbn6j4h.net","910","ebury_dga_d241998a"
"laydu1scz6k4y.biz","911","ebury_dga_d241998a"
"p9zff8qcr6c4i.info","912","ebury_dga_d241998a"
"aam1e0ydn6j4l.net","913","ebury_dga_d241998a"
"sdi3q7ade6f4o.biz","914","ebury_dga_d241998a"
"f2s6cesda6z4t.info","915","ebury_dga_d241998a"
"g9n8n5bek6w4x.net","916","ebury_dga_d241998a"
"q2wbmcyeb6n4k.biz","917","ebury_dga_d241998a"
"pdtdr3ufi6d4z.info","918","ebury_dga_d241998a"
"tar0cbjfw6q4r.net","919","ebury_dga_d241998a"
"m9q3l2m0s7s4h.biz","920","ebury_dga_d241998a"
"kar6b9r0d7d4t.info","921","ebury_dga_d241998a"
"gdp9h0w1y7y4c.net","922","ebury_dga_d241998a"
"y2odi7b1w7w4f.biz","923","ebury_dga_d241998a"
"n9c0bfj1p7p4o.info","924","ebury_dga_d241998a"
"l2x4u6c2i7i4q.net","925","ebury_dga_d241998a"
"mds7odv2a7a4w.biz","926","ebury_dga_d241998a"
"farbi4h3l7l4u.info","927","ebury_dga_d241998a"
"e9pfqby3g7g4z.net","928","ebury_dga_d241998a"
"qao3u3b4a7a4f.biz","929","ebury_dga_d241998a"
"ndp7dat4r7r4s.info","930","ebury_dga_d241998a"
"r2rcg1a5p7p4y.net","931","ebury_dga_d241998a"
"i9s0w9k5m7m4c.biz","932","ebury_dga_d241998a"
"t2r5y0n6h7h4l.info","933","ebury_dga_d241998a"
"edn9j7d6k7k4p.net","934","ebury_dga_d241998a"
"yagejeq6t7t4v.biz","935","ebury_dga_d241998a"
"x9t3r6v7n7n4w.info","936","ebury_dga_d241998a"
"lab8cdh7k7k4y.net","937","ebury_dga_d241998a"
"idadm4r8u7u4g.biz","938","ebury_dga_d241998a"
"u2b3gcp8m7m4r.info","939","ebury_dga_d241998a"
"h9z8h3t9e7e4s.net","940","ebury_dga_d241998a"
"f2yexaa9z7z4t.biz","941","ebury_dga_d241998a"
"xds3g2saq7q4m.info","942","ebury_dga_d241998a"
"raw9l9iaf7f4b.net","943","ebury_dga_d241998a"
"o9eff0xbi7i4p.biz","944","ebury_dga_d241998a"
"tag5h8vbq7q4r.info","945","ebury_dga_d241998a"
"hdabmflbv7v4n.net","946","ebury_dga_d241998a"
"v2n2w7dce7e4u.biz","947","ebury_dga_d241998a"
"z9w8heacx7x4g.info","948","ebury_dga_d241998a"
"y2cfn5gdw7w4f.net","949","ebury_dga_d241998a"
"odn5gdjdl7l4e.biz","950","ebury_dga_d241998a"
"uancw4wey7y4j.info","951","ebury_dga_d241998a"
"c9y3xcueh7h4m.net","952","ebury_dga_d241998a"
"faoaj3dfl7l4u.biz","953","ebury_dga_d241998a"
"zdp1pbyfb7b4i.info","954","ebury_dga_d241998a"
"b2q9a2z0y8x4v.net","955","ebury_dga_d241998a"
"w9i0iaw0r8o4n.biz","956","ebury_dga_d241998a"
"r2i8g1j1l8p4y.info","957","ebury_dga_d241998a"
"cdbfw8h1e8t4x.net","958","ebury_dga_d241998a"
"vap7z0l2c8r4d.biz","959","ebury_dga_d241998a"
"s9ofn7g2k8z4e.info","960","ebury_dga_d241998a"
"yah7ifa2e8t4v.net","961","ebury_dga_d241998a"
"wdtfc6c3i8j4h.biz","962","ebury_dga_d241998a"
"j2p8zel3r8o4b.info","963","ebury_dga_d241998a"
"p9h0t6e4u8c4i.net","964","ebury_dga_d241998a"
"u2a9bdz4t8m4r.biz","965","ebury_dga_d241998a"
"sdn1k5p5x8f4o.info","966","ebury_dga_d241998a"
"baiakcx5s8u4a.net","967","ebury_dga_d241998a"
"g9u3b4h6q8w4x.biz","968","ebury_dga_d241998a"
"ragcnbl6x8f4b.info","969","ebury_dga_d241998a"
"pdo5r3n7h8d4z.net","970","ebury_dga_d241998a"
"d2zfhay7u8c4j.biz","971","ebury_dga_d241998a"
"m9e8l2c8v8s4h.info","972","ebury_dga_d241998a"
"v2n2gam8f8e4u.net","973","ebury_dga_d241998a"
"gdbba1x9o8y4c.biz","974","ebury_dga_d241998a"
"jam5r9s9g8v4k.info","975","ebury_dga_d241998a"
"n9sfv0val8p4o.net","976","ebury_dga_d241998a"
"uap9m8hao8y4j.biz","977","ebury_dga_d241998a"
"mdo3o0rbz8a4w.info","978","ebury_dga_d241998a"
"a2kex7pbv8s4d.net","979","ebury_dga_d241998a"
"e9x8tfmbb8g4z.biz","980","ebury_dga_d241998a"
"b2d3p7acy8x4v.info","981","ebury_dga_d241998a"
"ndddkewcc8r4s.net","982","ebury_dga_d241998a"
"day8o6fdn8b4q.biz","983","ebury_dga_d241998a"
"i9b3neidt8m4c.info","984","ebury_dga_d241998a"
"vahel5pec8r4d.net","985","ebury_dga_d241998a"
"edn9cdgew8k4p.biz","986","ebury_dga_d241998a"
"k2t5x5xfb8g4a.info","987","ebury_dga_d241998a"
"x9p0tdofj8n4w.net","988","ebury_dga_d241998a"
"j2jcq4w0c9o4b.biz","989","ebury_dga_d241998a"
"idm7kcl0v9u4g.info","990","ebury_dga_d241998a"
"aae3o4o1d9j4l.net","991","ebury_dga_d241998a"
"h9nfbba1x9e4s.biz","992","ebury_dga_d241998a"
"badbl3t2v9u4a.info","993","ebury_dga_d241998a"
"xdn7cbj2l9q4m.net","994","ebury_dga_d241998a"
"q2e4x3r3i9n4k.biz","995","ebury_dga_d241998a"
"o9m0tbu3h9i4p.info","996","ebury_dga_d241998a"
"d2hdq2e4s9c4j.net","997","ebury_dga_d241998a"
"hdx9kay4b9v4n.biz","998","ebury_dga_d241998a"
"kar6o2g5a9d4t.info","999","ebury_dga_d241998a"
