"ngdvmtwodjjuovsnfj.ru","0","feodo_dga_6f499a51"
"rdjdykfceprrqihpcm.ru","1","feodo_dga_6f499a51"
"jfhxihwykiuwfknoni.ru","2","feodo_dga_6f499a51"
"acamacookldaurglbh.ru","3","feodo_dga_6f499a51"
"hngajjkuknzwdliqfj.ru","4","feodo_dga_6f499a51"
"ciasamkbnavtknxiko.ru","5","feodo_dga_6f499a51"
"hdylanfzmfngwbwxnc.ru","6","feodo_dga_6f499a51"
"vaopxjiaphevkfpqdo.ru","7","feodo_dga_6f499a51"
"yhbyqwmrtqxvmpryon.ru","8","feodo_dga_6f499a51"
"kblqegxrumlsrefvmb.ru","9","feodo_dga_6f499a51"
"rgglvwyzevqeijgnvm.ru","10","feodo_dga_6f499a51"
"gizosuxwpeujnykjye.ru","11","feodo_dga_6f499a51"
"mvkrxumvbedbouiyfh.ru","12","feodo_dga_6f499a51"
"jbznsadolgrgrlaewo.ru","13","feodo_dga_6f499a51"
"aecgrgbjgaofrilwyg.ru","14","feodo_dga_6f499a51"
"vhaygrpumrlmymcwkh.ru","15","feodo_dga_6f499a51"
"anidgwelnidmzueoyl.ru","16","feodo_dga_6f499a51"
"jlkjsxdsvtkygouiix.ru","17","feodo_dga_6f499a51"
"jwxqqbaowfuzkjykbu.ru","18","feodo_dga_6f499a51"
"bgadkfnoywgtkwqrzv.ru","19","feodo_dga_6f499a51"
"jshxuvlexinjevgcdf.ru","20","feodo_dga_6f499a51"
"ddgrctkhjkqhomcmap.ru","21","feodo_dga_6f499a51"
"iuigjtnafzcnuyiqrr.ru","22","feodo_dga_6f499a51"
"kriwexgsismxsdvyfu.ru","23","feodo_dga_6f499a51"
"aopltfxjzsppylfhau.ru","24","feodo_dga_6f499a51"
"vqjghelyqwtfsunoaz.ru","25","feodo_dga_6f499a51"
"tytswxyccnkjufwagt.ru","26","feodo_dga_6f499a51"
"lyyptrzfugnwoqbboo.ru","27","feodo_dga_6f499a51"
"fsbhqgqpckpmgcdlsi.ru","28","feodo_dga_6f499a51"
"dwsdnolwzyzsqkhjkq.ru","29","feodo_dga_6f499a51"
"homcmapiuigjtnafzc.ru","30","feodo_dga_6f499a51"
"nuyiqrrkriwexgsism.ru","31","feodo_dga_6f499a51"
"xsdvyfuaopltfxjzsp.ru","32","feodo_dga_6f499a51"
"pylfhauvqjghelyqwt.ru","33","feodo_dga_6f499a51"
"fsunoaztytswxyccnk.ru","34","feodo_dga_6f499a51"
"jufwagtlyyptrzfugn.ru","35","feodo_dga_6f499a51"
"woqbboofsbhqgqpckp.ru","36","feodo_dga_6f499a51"
"mgcdlsidwsdnolwzyz.ru","37","feodo_dga_6f499a51"
"sqkhjkqhomcmapiuig.ru","38","feodo_dga_6f499a51"
"jtnafzcnuyiqrrkriw.ru","39","feodo_dga_6f499a51"
"exgsismxsdvyfuaopl.ru","40","feodo_dga_6f499a51"
"tfxjzsppylfhauvqjg.ru","41","feodo_dga_6f499a51"
"helyqwtfsunoaztyts.ru","42","feodo_dga_6f499a51"
"wxyccnkjufwagtlyyp.ru","43","feodo_dga_6f499a51"
"trzfugnwoqbboofsbh.ru","44","feodo_dga_6f499a51"
"qgqpckpmgcdlsidwsd.ru","45","feodo_dga_6f499a51"
"nolwzyzsqkhjkqhomc.ru","46","feodo_dga_6f499a51"
"mapiuigjtnafzcnuyi.ru","47","feodo_dga_6f499a51"
"qrrkriwexgsismxsdv.ru","48","feodo_dga_6f499a51"
"yfuaopltfxjzsppylf.ru","49","feodo_dga_6f499a51"
"hauvqjghelyqwtfsun.ru","50","feodo_dga_6f499a51"
"oaztytswxyccnkjufw.ru","51","feodo_dga_6f499a51"
"agtlyyptrzfugnwoqb.ru","52","feodo_dga_6f499a51"
"boofsbhqgqpckpmgcd.ru","53","feodo_dga_6f499a51"
"lsidwsdnolwzyzsqkh.ru","54","feodo_dga_6f499a51"
"jkqhomcmapiuigjtna.ru","55","feodo_dga_6f499a51"
"fzcnuyiqrrkriwexgs.ru","56","feodo_dga_6f499a51"
"ismxsdvyfuaopltfxj.ru","57","feodo_dga_6f499a51"
"zsppylfhauvqjghely.ru","58","feodo_dga_6f499a51"
"qwtfsunoaztytswxyc.ru","59","feodo_dga_6f499a51"
"cnkjufwagtlyyptrzf.ru","60","feodo_dga_6f499a51"
"ugnwoqbboofsbhqgqp.ru","61","feodo_dga_6f499a51"
"ckpmgcdlsidwsdnolw.ru","62","feodo_dga_6f499a51"
"zyzsqkhjkqhomcmapi.ru","63","feodo_dga_6f499a51"
"usepaxvulfdtnwiwwk.ru","0","feodo_dga_93cfa9ba"
"vjkinewgycbhbirjhc.ru","1","feodo_dga_93cfa9ba"
"nsuiwgtrqaxwiyyfbr.ru","2","feodo_dga_93cfa9ba"
"askytvsskjwysujlpe.ru","3","feodo_dga_93cfa9ba"
"dxxsllzngllvmrbwdc.ru","4","feodo_dga_93cfa9ba"
"phataqlftbbztqnyng.ru","5","feodo_dga_93cfa9ba"
"qvzhpiaswhqlswkjit.ru","6","feodo_dga_93cfa9ba"
"wyzxhwpluclcqcjxkw.ru","7","feodo_dga_93cfa9ba"
"jkbfpftrtdcrfqtdln.ru","8","feodo_dga_93cfa9ba"
"xbqfohcpwftvjcuiqe.ru","9","feodo_dga_93cfa9ba"
"cxaomkytbmceglkuyh.ru","10","feodo_dga_93cfa9ba"
"zvzjxbjwbgguucrbkr.ru","11","feodo_dga_93cfa9ba"
"kjftneoicszuwkjskh.ru","12","feodo_dga_93cfa9ba"
"vkimjlutogeawadmry.ru","13","feodo_dga_93cfa9ba"
"aqntckhiedetxhdyqo.ru","14","feodo_dga_93cfa9ba"
"hnubbhwjtzihdkaste.ru","15","feodo_dga_93cfa9ba"
"gqpjuvwqvlmvjkzyim.ru","16","feodo_dga_93cfa9ba"
"lghktuuzzgzwyggrgr.ru","17","feodo_dga_93cfa9ba"
"laewoaecgrgbjgaofr.ru","18","feodo_dga_93cfa9ba"
"ilwygvhaygrpumrlmy.ru","19","feodo_dga_93cfa9ba"
"mcwkhanidgwelnidmz.ru","20","feodo_dga_93cfa9ba"
"ueoyljlkjsxdsvtkyg.ru","21","feodo_dga_93cfa9ba"
"ouiixjwxqqbaowfuzk.ru","22","feodo_dga_93cfa9ba"
"jykbubgadkfnoywgtk.ru","23","feodo_dga_93cfa9ba"
"wqrzvjshxuvlexinje.ru","24","feodo_dga_93cfa9ba"
"vgcdfddgrctkhjkqho.ru","25","feodo_dga_93cfa9ba"
"mcmapiuigjtnafzcnu.ru","26","feodo_dga_93cfa9ba"
"yiqrrkriwexgsismxs.ru","27","feodo_dga_93cfa9ba"
"dvyfuaopltfxjzsppy.ru","28","feodo_dga_93cfa9ba"
"lfhauvqjghelyqwtfs.ru","29","feodo_dga_93cfa9ba"
"unoaztytswxyccnkju.ru","30","feodo_dga_93cfa9ba"
"fwagtlyyptrzfugnwo.ru","31","feodo_dga_93cfa9ba"
"qbboofsbhqgqpckpmg.ru","32","feodo_dga_93cfa9ba"
"cdlsidwsdnolwzyzsq.ru","33","feodo_dga_93cfa9ba"
"khjkqhomcmapiuigjt.ru","34","feodo_dga_93cfa9ba"
"nafzcnuyiqrrkriwex.ru","35","feodo_dga_93cfa9ba"
"gsismxsdvyfuaopltf.ru","36","feodo_dga_93cfa9ba"
"xjzsppylfhauvqjghe.ru","37","feodo_dga_93cfa9ba"
"lyqwtfsunoaztytswx.ru","38","feodo_dga_93cfa9ba"
"yccnkjufwagtlyyptr.ru","39","feodo_dga_93cfa9ba"
"zfugnwoqbboofsbhqg.ru","40","feodo_dga_93cfa9ba"
"qpckpmgcdlsidwsdno.ru","41","feodo_dga_93cfa9ba"
"lwzyzsqkhjkqhomcma.ru","42","feodo_dga_93cfa9ba"
"piuigjtnafzcnuyiqr.ru","43","feodo_dga_93cfa9ba"
"rkriwexgsismxsdvyf.ru","44","feodo_dga_93cfa9ba"
"uaopltfxjzsppylfha.ru","45","feodo_dga_93cfa9ba"
"uvqjghelyqwtfsunoa.ru","46","feodo_dga_93cfa9ba"
"ztytswxyccnkjufwag.ru","47","feodo_dga_93cfa9ba"
"tlyyptrzfugnwoqbbo.ru","48","feodo_dga_93cfa9ba"
"ofsbhqgqpckpmgcdls.ru","49","feodo_dga_93cfa9ba"
"idwsdnolwzyzsqkhjk.ru","50","feodo_dga_93cfa9ba"
"qhomcmapiuigjtnafz.ru","51","feodo_dga_93cfa9ba"
"cnuyiqrrkriwexgsis.ru","52","feodo_dga_93cfa9ba"
"mxsdvyfuaopltfxjzs.ru","53","feodo_dga_93cfa9ba"
"ppylfhauvqjghelyqw.ru","54","feodo_dga_93cfa9ba"
"tfsunoaztytswxyccn.ru","55","feodo_dga_93cfa9ba"
"kjufwagtlyyptrzfug.ru","56","feodo_dga_93cfa9ba"
"nwoqbboofsbhqgqpck.ru","57","feodo_dga_93cfa9ba"
"pmgcdlsidwsdnolwzy.ru","58","feodo_dga_93cfa9ba"
"zsqkhjkqhomcmapiui.ru","59","feodo_dga_93cfa9ba"
"gjtnafzcnuyiqrrkri.ru","60","feodo_dga_93cfa9ba"
"wexgsismxsdvyfuaop.ru","61","feodo_dga_93cfa9ba"
"ltfxjzsppylfhauvqj.ru","62","feodo_dga_93cfa9ba"
"ghelyqwtfsunoaztyt.ru","63","feodo_dga_93cfa9ba"
"hmvmgywkvayilcwh.ru","0","feodo_dga_2264ef7b"
"xvmzegestulhtvqz.ru","1","feodo_dga_2264ef7b"
"hjpyvexsutdctjol.ru","2","feodo_dga_2264ef7b"
"wfyusepaxvulfdtn.ru","3","feodo_dga_2264ef7b"
"wiwwkvjkinewgycb.ru","4","feodo_dga_2264ef7b"
"hbirjhcnsuiwgtrq.ru","5","feodo_dga_2264ef7b"
"axwiyyfbraskytvs.ru","6","feodo_dga_2264ef7b"
"skjwysujlpedxxsl.ru","7","feodo_dga_2264ef7b"
"lzngllvmrbwdcpha.ru","8","feodo_dga_2264ef7b"
"taqlftbbztqnyngq.ru","9","feodo_dga_2264ef7b"
"vzhpiaswhqlswkji.ru","10","feodo_dga_2264ef7b"
"twyzxhwpluclcqcj.ru","11","feodo_dga_2264ef7b"
"xkwjkbfpftrtdcrf.ru","12","feodo_dga_2264ef7b"
"qtdlnxbqfohcpwft.ru","13","feodo_dga_2264ef7b"
"vjcuiqecxaomkytb.ru","14","feodo_dga_2264ef7b"
"mceglkuyhzvzjxbj.ru","15","feodo_dga_2264ef7b"
"wbgguucrbkrkjftn.ru","16","feodo_dga_2264ef7b"
"eoicszuwkjskhvki.ru","17","feodo_dga_2264ef7b"
"mjlutogeawadmrya.ru","18","feodo_dga_2264ef7b"
"qntckhiedetxhdyq.ru","19","feodo_dga_2264ef7b"
"ohnubbhwjtzihdka.ru","20","feodo_dga_2264ef7b"
"stegqpjuvwqvlmvj.ru","21","feodo_dga_2264ef7b"
"kzyimlghktuuzzgz.ru","22","feodo_dga_2264ef7b"
"wyggrgrlaewoaecg.ru","23","feodo_dga_2264ef7b"
"rgbjgaofrilwygvh.ru","24","feodo_dga_2264ef7b"
"aygrpumrlmymcwkh.ru","25","feodo_dga_2264ef7b"
"anidgwelnidmzueo.ru","26","feodo_dga_2264ef7b"
"yljlkjsxdsvtkygo.ru","27","feodo_dga_2264ef7b"
"uiixjwxqqbaowfuz.ru","28","feodo_dga_2264ef7b"
"kjykbubgadkfnoyw.ru","29","feodo_dga_2264ef7b"
"gtkwqrzvjshxuvle.ru","30","feodo_dga_2264ef7b"
"xinjevgcdfddgrct.ru","31","feodo_dga_2264ef7b"
"khjkqhomcmapiuig.ru","32","feodo_dga_2264ef7b"
"jtnafzcnuyiqrrkr.ru","33","feodo_dga_2264ef7b"
"iwexgsismxsdvyfu.ru","34","feodo_dga_2264ef7b"
"aopltfxjzsppylfh.ru","35","feodo_dga_2264ef7b"
"auvqjghelyqwtfsu.ru","36","feodo_dga_2264ef7b"
"noaztytswxyccnkj.ru","37","feodo_dga_2264ef7b"
"ufwagtlyyptrzfug.ru","38","feodo_dga_2264ef7b"
"nwoqbboofsbhqgqp.ru","39","feodo_dga_2264ef7b"
"ckpmgcdlsidwsdno.ru","40","feodo_dga_2264ef7b"
"lwzyzsqkhjkqhomc.ru","41","feodo_dga_2264ef7b"
"mapiuigjtnafzcnu.ru","42","feodo_dga_2264ef7b"
"yiqrrkriwexgsism.ru","43","feodo_dga_2264ef7b"
"xsdvyfuaopltfxjz.ru","44","feodo_dga_2264ef7b"
"sppylfhauvqjghel.ru","45","feodo_dga_2264ef7b"
"yqwtfsunoaztytsw.ru","46","feodo_dga_2264ef7b"
"xyccnkjufwagtlyy.ru","47","feodo_dga_2264ef7b"
"ptrzfugnwoqbboof.ru","48","feodo_dga_2264ef7b"
"sbhqgqpckpmgcdls.ru","49","feodo_dga_2264ef7b"
"idwsdnolwzyzsqkh.ru","50","feodo_dga_2264ef7b"
"jkqhomcmapiuigjt.ru","51","feodo_dga_2264ef7b"
"nafzcnuyiqrrkriw.ru","52","feodo_dga_2264ef7b"
"exgsismxsdvyfuao.ru","53","feodo_dga_2264ef7b"
"pltfxjzsppylfhau.ru","54","feodo_dga_2264ef7b"
"vqjghelyqwtfsuno.ru","55","feodo_dga_2264ef7b"
"aztytswxyccnkjuf.ru","56","feodo_dga_2264ef7b"
"wagtlyyptrzfugnw.ru","57","feodo_dga_2264ef7b"
"oqbboofsbhqgqpck.ru","58","feodo_dga_2264ef7b"
"pmgcdlsidwsdnolw.ru","59","feodo_dga_2264ef7b"
"zyzsqkhjkqhomcma.ru","60","feodo_dga_2264ef7b"
"piuigjtnafzcnuyi.ru","61","feodo_dga_2264ef7b"
"qrrkriwexgsismxs.ru","62","feodo_dga_2264ef7b"
"dvyfuaopltfxjzsp.ru","63","feodo_dga_2264ef7b"
