"drohppbkxj.com","0","fobber_dga_7bea27e0"
"gbjtyyhrhk.com","1","fobber_dga_7bea27e0"
"suogzzicvq.com","2","fobber_dga_7bea27e0"
"satcqmazby.com","3","fobber_dga_7bea27e0"
"sdcbiszvch.com","4","fobber_dga_7bea27e0"
"zjnmamdejw.com","5","fobber_dga_7bea27e0"
"slfvsokuzt.com","6","fobber_dga_7bea27e0"
"yhsfoslvey.com","7","fobber_dga_7bea27e0"
"kadlypferg.com","8","fobber_dga_7bea27e0"
"nmemhsouhl.com","9","fobber_dga_7bea27e0"
"qwvppuvwmy.com","10","fobber_dga_7bea27e0"
"lwawnlzhei.com","11","fobber_dga_7bea27e0"
"ftjxlqjgav.com","12","fobber_dga_7bea27e0"
"ubzqaxtprc.com","13","fobber_dga_7bea27e0"
"duurmwgtbt.com","14","fobber_dga_7bea27e0"
"gysaaonrpp.com","15","fobber_dga_7bea27e0"
"lqsssehadt.com","16","fobber_dga_7bea27e0"
"ykxctypfrw.com","17","fobber_dga_7bea27e0"
"mshybnszzf.com","18","fobber_dga_7bea27e0"
"ezxugszcag.com","19","fobber_dga_7bea27e0"
"dlbbqxpqaa.com","20","fobber_dga_7bea27e0"
"vkmkpcuxzv.com","21","fobber_dga_7bea27e0"
"jegdsqvxes.com","22","fobber_dga_7bea27e0"
"aornqyeptf.com","23","fobber_dga_7bea27e0"
"kafffhusfe.com","24","fobber_dga_7bea27e0"
"zhboeqxmjd.com","25","fobber_dga_7bea27e0"
"ypdqfvqosj.com","26","fobber_dga_7bea27e0"
"gqliwxbmvw.com","27","fobber_dga_7bea27e0"
"inqduvhqfo.com","28","fobber_dga_7bea27e0"
"ggwudkvxzn.com","29","fobber_dga_7bea27e0"
"jkogdmdsla.com","30","fobber_dga_7bea27e0"
"kpyxrrnozx.com","31","fobber_dga_7bea27e0"
"fhdeesvfyb.com","32","fobber_dga_7bea27e0"
"yszhthgzjp.com","33","fobber_dga_7bea27e0"
"uzofueqeuk.com","34","fobber_dga_7bea27e0"
"acjcvwrekp.com","35","fobber_dga_7bea27e0"
"naplddjqyq.com","36","fobber_dga_7bea27e0"
"zdixlevhva.com","37","fobber_dga_7bea27e0"
"actnmseebo.com","38","fobber_dga_7bea27e0"
"vwprlvvosb.com","39","fobber_dga_7bea27e0"
"tqwaksxugf.com","40","fobber_dga_7bea27e0"
"hjjnrcxvqn.com","41","fobber_dga_7bea27e0"
"yqkktqdzii.com","42","fobber_dga_7bea27e0"
"vhqjrucxsh.com","43","fobber_dga_7bea27e0"
"rpxmmujmck.com","44","fobber_dga_7bea27e0"
"aybenhohnv.com","45","fobber_dga_7bea27e0"
"hdoblqnvax.com","46","fobber_dga_7bea27e0"
"wpashxmcvi.com","47","fobber_dga_7bea27e0"
"syldkiacft.com","48","fobber_dga_7bea27e0"
"twnqppqeao.com","49","fobber_dga_7bea27e0"
"eufsiqktow.com","50","fobber_dga_7bea27e0"
"hstkemchzh.com","51","fobber_dga_7bea27e0"
"mnqcbijlti.com","52","fobber_dga_7bea27e0"
"xgdlstwyof.com","53","fobber_dga_7bea27e0"
"mdltlljvsl.com","54","fobber_dga_7bea27e0"
"ztqwunuzmm.com","55","fobber_dga_7bea27e0"
"ombhrhbnuq.com","56","fobber_dga_7bea27e0"
"wdkdqqapla.com","57","fobber_dga_7bea27e0"
"jxsqmgkmko.com","58","fobber_dga_7bea27e0"
"giupanwuxz.com","59","fobber_dga_7bea27e0"
"qrwpwnepuu.com","60","fobber_dga_7bea27e0"
"pxnjcvccpj.com","61","fobber_dga_7bea27e0"
"gakdsusrqx.com","62","fobber_dga_7bea27e0"
"klexrwgiqw.com","63","fobber_dga_7bea27e0"
"aersmoctlg.com","64","fobber_dga_7bea27e0"
"bzcrgfdoee.com","65","fobber_dga_7bea27e0"
"xjbofglgme.com","66","fobber_dga_7bea27e0"
"edykcyxcok.com","67","fobber_dga_7bea27e0"
"wdrofbiyqp.com","68","fobber_dga_7bea27e0"
"lxsarslhbj.com","69","fobber_dga_7bea27e0"
"hkfirirjja.com","70","fobber_dga_7bea27e0"
"bjjexjyuok.com","71","fobber_dga_7bea27e0"
"vyyaoaktzr.com","72","fobber_dga_7bea27e0"
"spckuqizjg.com","73","fobber_dga_7bea27e0"
"koawdfqxsf.com","74","fobber_dga_7bea27e0"
"hynbvfggds.com","75","fobber_dga_7bea27e0"
"jlonnjjbdf.com","76","fobber_dga_7bea27e0"
"oeoxnbmjtk.com","77","fobber_dga_7bea27e0"
"qemhavzcbd.com","78","fobber_dga_7bea27e0"
"rdqxhnkase.com","79","fobber_dga_7bea27e0"
"jzjvefgnzj.com","80","fobber_dga_7bea27e0"
"uhmcmevlqe.com","81","fobber_dga_7bea27e0"
"gixxtpikzg.com","82","fobber_dga_7bea27e0"
"zarofmmmxt.com","83","fobber_dga_7bea27e0"
"oauaitvtdy.com","84","fobber_dga_7bea27e0"
"tlgaloeipb.com","85","fobber_dga_7bea27e0"
"afobxhbgji.com","86","fobber_dga_7bea27e0"
"ccinztcibj.com","87","fobber_dga_7bea27e0"
"gtmyhbltoj.com","88","fobber_dga_7bea27e0"
"cfgwskhegl.com","89","fobber_dga_7bea27e0"
"euztkyxxyp.com","90","fobber_dga_7bea27e0"
"bbbtpwyrbm.com","91","fobber_dga_7bea27e0"
"ahlstotyjn.com","92","fobber_dga_7bea27e0"
"agmgwtmgze.com","93","fobber_dga_7bea27e0"
"qpesarxuei.com","94","fobber_dga_7bea27e0"
"xvofogmnas.com","95","fobber_dga_7bea27e0"
"hndwyfhiwe.com","96","fobber_dga_7bea27e0"
"igsipzwqpc.com","97","fobber_dga_7bea27e0"
"cdflsctkcb.com","98","fobber_dga_7bea27e0"
"pnwnnvovnv.com","99","fobber_dga_7bea27e0"
"lxdacbcfrb.com","100","fobber_dga_7bea27e0"
"yhembkwghn.com","101","fobber_dga_7bea27e0"
"dgtvebftge.com","102","fobber_dga_7bea27e0"
"vxvbcxrnbu.com","103","fobber_dga_7bea27e0"
"zjthzprqsi.com","104","fobber_dga_7bea27e0"
"hyxtqxfarv.com","105","fobber_dga_7bea27e0"
"tcqzhatxky.com","106","fobber_dga_7bea27e0"
"eyvksbuhkg.com","107","fobber_dga_7bea27e0"
"xhjygxinga.com","108","fobber_dga_7bea27e0"
"resghmnalt.com","109","fobber_dga_7bea27e0"
"msatmyclbe.com","110","fobber_dga_7bea27e0"
"gecjcrgqel.com","111","fobber_dga_7bea27e0"
"oquqokzrwv.com","112","fobber_dga_7bea27e0"
"zpxkvojhsn.com","113","fobber_dga_7bea27e0"
"cowzgdkjhw.com","114","fobber_dga_7bea27e0"
"oihfgytakd.com","115","fobber_dga_7bea27e0"
"qvzuqokulb.com","116","fobber_dga_7bea27e0"
"fnnkthibgo.com","117","fobber_dga_7bea27e0"
"ajtazcjvce.com","118","fobber_dga_7bea27e0"
"khlnfrlxep.com","119","fobber_dga_7bea27e0"
"juvlvvwodx.com","120","fobber_dga_7bea27e0"
"zajcuaqfrk.com","121","fobber_dga_7bea27e0"
"mbbnzozyaq.com","122","fobber_dga_7bea27e0"
"rwpgjznrst.com","123","fobber_dga_7bea27e0"
"qxpaeddywu.com","124","fobber_dga_7bea27e0"
"drovvlbdrb.com","125","fobber_dga_7bea27e0"
"gazwuxmohl.com","126","fobber_dga_7bea27e0"
"znqhatmfvt.com","127","fobber_dga_7bea27e0"
"ztdsujziac.com","128","fobber_dga_7bea27e0"
"tmpbhicbkw.com","129","fobber_dga_7bea27e0"
"gezrynfcss.com","130","fobber_dga_7bea27e0"
"dgdkrrpuhn.com","131","fobber_dga_7bea27e0"
"qeruezfgbj.com","132","fobber_dga_7bea27e0"
"mebqiwruvg.com","133","fobber_dga_7bea27e0"
"ybyzthnfln.com","134","fobber_dga_7bea27e0"
"wkbekxdhwo.com","135","fobber_dga_7bea27e0"
"txdxfiwwtw.com","136","fobber_dga_7bea27e0"
"qakeygxert.com","137","fobber_dga_7bea27e0"
"xfcpzfbmjn.com","138","fobber_dga_7bea27e0"
"nqietkrebr.com","139","fobber_dga_7bea27e0"
"vhkbcwtamp.com","140","fobber_dga_7bea27e0"
"odbtiwoqnz.com","141","fobber_dga_7bea27e0"
"aanvskaafg.com","142","fobber_dga_7bea27e0"
"fibnyyssre.com","143","fobber_dga_7bea27e0"
"hcxvfpyswu.com","144","fobber_dga_7bea27e0"
"bbhzthlfll.com","145","fobber_dga_7bea27e0"
"vlnpejzhmy.com","146","fobber_dga_7bea27e0"
"rqpgszxfhx.com","147","fobber_dga_7bea27e0"
"yqabkiokye.com","148","fobber_dga_7bea27e0"
"qkulkcmkqt.com","149","fobber_dga_7bea27e0"
"gxwebuhzlj.com","150","fobber_dga_7bea27e0"
"bvsfkioizt.com","151","fobber_dga_7bea27e0"
"ildayoxkee.com","152","fobber_dga_7bea27e0"
"kvrbgmrsef.com","153","fobber_dga_7bea27e0"
"aophgxqdgh.com","154","fobber_dga_7bea27e0"
"eyvlnugozh.com","155","fobber_dga_7bea27e0"
"mdfgqbxrmf.com","156","fobber_dga_7bea27e0"
"cyoulwofwl.com","157","fobber_dga_7bea27e0"
"cplahavwni.com","158","fobber_dga_7bea27e0"
"ttkfwcledq.com","159","fobber_dga_7bea27e0"
"meifvvsxiu.com","160","fobber_dga_7bea27e0"
"ioheopmsbd.com","161","fobber_dga_7bea27e0"
"resebqpcdc.com","162","fobber_dga_7bea27e0"
"hrnjfragxd.com","163","fobber_dga_7bea27e0"
"ujrpeliajw.com","164","fobber_dga_7bea27e0"
"nycelxccle.com","165","fobber_dga_7bea27e0"
"adboidqlrw.com","166","fobber_dga_7bea27e0"
"jattyxcofj.com","167","fobber_dga_7bea27e0"
"ckzyrkbqbv.com","168","fobber_dga_7bea27e0"
"vjbifeirmb.com","169","fobber_dga_7bea27e0"
"bivhksdzrf.com","170","fobber_dga_7bea27e0"
"tihoxwdtvi.com","171","fobber_dga_7bea27e0"
"vnuwxzrngn.com","172","fobber_dga_7bea27e0"
"bkkrnvfefr.com","173","fobber_dga_7bea27e0"
"dtocnkuaaf.com","174","fobber_dga_7bea27e0"
"aajywwtpxk.com","175","fobber_dga_7bea27e0"
"wagwefczzb.com","176","fobber_dga_7bea27e0"
"ynxomlgmab.com","177","fobber_dga_7bea27e0"
"fobxhjrsyw.com","178","fobber_dga_7bea27e0"
"tolzhfjqlv.com","179","fobber_dga_7bea27e0"
"pihvlfdqrh.com","180","fobber_dga_7bea27e0"
"katwkvxmfm.com","181","fobber_dga_7bea27e0"
"xorjlllefz.com","182","fobber_dga_7bea27e0"
"yhcqrdkzgi.com","183","fobber_dga_7bea27e0"
"ryhufpsosw.com","184","fobber_dga_7bea27e0"
"jhpaulzvxq.com","185","fobber_dga_7bea27e0"
"wupdndnraj.com","186","fobber_dga_7bea27e0"
"zumcjylnoc.com","187","fobber_dga_7bea27e0"
"brszxupldf.com","188","fobber_dga_7bea27e0"
"ogprnnsiaa.com","189","fobber_dga_7bea27e0"
"twwrqowgnn.com","190","fobber_dga_7bea27e0"
"faxpdetxhf.com","191","fobber_dga_7bea27e0"
"fvuhtaskwl.com","192","fobber_dga_7bea27e0"
"hqfbacjzsk.com","193","fobber_dga_7bea27e0"
"xvdffemguz.com","194","fobber_dga_7bea27e0"
"hdjzcckwel.com","195","fobber_dga_7bea27e0"
"vpzsbgocrz.com","196","fobber_dga_7bea27e0"
"jzfuvuvytg.com","197","fobber_dga_7bea27e0"
"dkukbzonfd.com","198","fobber_dga_7bea27e0"
"rundvcunpe.com","199","fobber_dga_7bea27e0"
"zbxatmpjda.com","200","fobber_dga_7bea27e0"
"davbsoiprm.com","201","fobber_dga_7bea27e0"
"tjjxxfvaao.com","202","fobber_dga_7bea27e0"
"boxkogmljk.com","203","fobber_dga_7bea27e0"
"mrbbrhkofo.com","204","fobber_dga_7bea27e0"
"gfxwvfifyx.com","205","fobber_dga_7bea27e0"
"ijdgcxfyla.com","206","fobber_dga_7bea27e0"
"ndxcmtisfy.com","207","fobber_dga_7bea27e0"
"znkrjptvmc.com","208","fobber_dga_7bea27e0"
"qelgbgoqtr.com","209","fobber_dga_7bea27e0"
"mrvxdjgwkk.com","210","fobber_dga_7bea27e0"
"nqwcjotcwh.com","211","fobber_dga_7bea27e0"
"xwtikeoomj.com","212","fobber_dga_7bea27e0"
"phtatognxg.com","213","fobber_dga_7bea27e0"
"dagpfmetjk.com","214","fobber_dga_7bea27e0"
"oygzjffgdi.com","215","fobber_dga_7bea27e0"
"mueksaogvb.com","216","fobber_dga_7bea27e0"
"lyoyhplroc.com","217","fobber_dga_7bea27e0"
"bcpxsjqlhm.com","218","fobber_dga_7bea27e0"
"tgpjdoidkf.com","219","fobber_dga_7bea27e0"
"prtmwdwhie.com","220","fobber_dga_7bea27e0"
"tihxnlcgxs.com","221","fobber_dga_7bea27e0"
"clcpjmfant.com","222","fobber_dga_7bea27e0"
"otwacbqukg.com","223","fobber_dga_7bea27e0"
"aksjlhbvwj.com","224","fobber_dga_7bea27e0"
"ievldxjkbv.com","225","fobber_dga_7bea27e0"
"ktnfkkqdba.com","226","fobber_dga_7bea27e0"
"cfwokyjzxj.com","227","fobber_dga_7bea27e0"
"txlkeinvgo.com","228","fobber_dga_7bea27e0"
"azwpmwqiil.com","229","fobber_dga_7bea27e0"
"sxdotrasbd.com","230","fobber_dga_7bea27e0"
"egkeswntln.com","231","fobber_dga_7bea27e0"
"hzfdfedrgv.com","232","fobber_dga_7bea27e0"
"poapyuihye.com","233","fobber_dga_7bea27e0"
"eczczijirg.com","234","fobber_dga_7bea27e0"
"rqoyshfrzk.com","235","fobber_dga_7bea27e0"
"cdwlsxgsif.com","236","fobber_dga_7bea27e0"
"tsuzgvcgkz.com","237","fobber_dga_7bea27e0"
"gdjrispird.com","238","fobber_dga_7bea27e0"
"wqetxakxvc.com","239","fobber_dga_7bea27e0"
"lzthbdmyka.com","240","fobber_dga_7bea27e0"
"ttqactcrct.com","241","fobber_dga_7bea27e0"
"wgperrblrd.com","242","fobber_dga_7bea27e0"
"tcookcsnuu.com","243","fobber_dga_7bea27e0"
"vbjujibtzl.com","244","fobber_dga_7bea27e0"
"piopzmexxz.com","245","fobber_dga_7bea27e0"
"zrjuexfivr.com","246","fobber_dga_7bea27e0"
"ojytfyqmzr.com","247","fobber_dga_7bea27e0"
"drmeutrjxi.com","248","fobber_dga_7bea27e0"
"zdhzlakxjy.com","249","fobber_dga_7bea27e0"
"avxuukcaxc.com","250","fobber_dga_7bea27e0"
"otkiewekta.com","251","fobber_dga_7bea27e0"
"mqikwsomlv.com","252","fobber_dga_7bea27e0"
"fjbwlpxlrr.com","253","fobber_dga_7bea27e0"
"mnzwcmtabq.com","254","fobber_dga_7bea27e0"
"ondjftktan.com","255","fobber_dga_7bea27e0"
"zpapirdrrb.com","256","fobber_dga_7bea27e0"
"iasbxgbwgj.com","257","fobber_dga_7bea27e0"
"ofqppuhqrh.com","258","fobber_dga_7bea27e0"
"fogsdeknvt.com","259","fobber_dga_7bea27e0"
"osugecqnmp.com","260","fobber_dga_7bea27e0"
"grrjwrfiqn.com","261","fobber_dga_7bea27e0"
"qgubtezfcu.com","262","fobber_dga_7bea27e0"
"vhfcdxydyp.com","263","fobber_dga_7bea27e0"
"imkulmtrdh.com","264","fobber_dga_7bea27e0"
"riqnpwzuxm.com","265","fobber_dga_7bea27e0"
"wseghteufj.com","266","fobber_dga_7bea27e0"
"igpxojrqln.com","267","fobber_dga_7bea27e0"
"xfwyrkxuze.com","268","fobber_dga_7bea27e0"
"cqomtykqok.com","269","fobber_dga_7bea27e0"
"nyggkgngqd.com","270","fobber_dga_7bea27e0"
"zkbdydflwz.com","271","fobber_dga_7bea27e0"
"kjvzzyztxa.com","272","fobber_dga_7bea27e0"
"gqvelajgtn.com","273","fobber_dga_7bea27e0"
"fmrehxdqmf.com","274","fobber_dga_7bea27e0"
"iofcbzpvfh.com","275","fobber_dga_7bea27e0"
"khcbcsyxva.com","276","fobber_dga_7bea27e0"
"aplowfpsos.com","277","fobber_dga_7bea27e0"
"hgipczuhdp.com","278","fobber_dga_7bea27e0"
"tfzobygiux.com","279","fobber_dga_7bea27e0"
"aqihsbqhwl.com","280","fobber_dga_7bea27e0"
"npblaejcrv.com","281","fobber_dga_7bea27e0"
"ueenicbkiy.com","282","fobber_dga_7bea27e0"
"tovhgidsrr.com","283","fobber_dga_7bea27e0"
"aujrryffuh.com","284","fobber_dga_7bea27e0"
"sxtolapbbm.com","285","fobber_dga_7bea27e0"
"ztdgsjvhbw.com","286","fobber_dga_7bea27e0"
"csbutqdzdu.com","287","fobber_dga_7bea27e0"
"xzjmmkizlj.com","288","fobber_dga_7bea27e0"
"yukqbteklw.com","289","fobber_dga_7bea27e0"
"zvgicldvvk.com","290","fobber_dga_7bea27e0"
"gpnamxzbfb.com","291","fobber_dga_7bea27e0"
"twkijygesd.com","292","fobber_dga_7bea27e0"
"lquhxyvomr.com","293","fobber_dga_7bea27e0"
"xvymmdfguo.com","294","fobber_dga_7bea27e0"
"lgbmafmsdk.com","295","fobber_dga_7bea27e0"
"zpqbvbbccb.com","296","fobber_dga_7bea27e0"
"ebnbzjznjr.com","297","fobber_dga_7bea27e0"
"bfgagzlnsr.com","298","fobber_dga_7bea27e0"
"ylbphjjdjs.com","299","fobber_dga_7bea27e0"
"xquyxkgqzn.com","300","fobber_dga_7bea27e0"
"ildecgdmoo.com","301","fobber_dga_7bea27e0"
"zvclulujeq.com","302","fobber_dga_7bea27e0"
"yfnvuneweo.com","303","fobber_dga_7bea27e0"
"aicobklxdb.com","304","fobber_dga_7bea27e0"
"lvnmtnsaay.com","305","fobber_dga_7bea27e0"
"htwloonznz.com","306","fobber_dga_7bea27e0"
"bacqjxtflj.com","307","fobber_dga_7bea27e0"
"wizfqtcyzp.com","308","fobber_dga_7bea27e0"
"mywkolvdlz.com","309","fobber_dga_7bea27e0"
"echdwehjyh.com","310","fobber_dga_7bea27e0"
"bvizbfjykr.com","311","fobber_dga_7bea27e0"
"iojoussxra.com","312","fobber_dga_7bea27e0"
"hsivrvmjdc.com","313","fobber_dga_7bea27e0"
"qqiskrfete.com","314","fobber_dga_7bea27e0"
"equsnlfcxa.com","315","fobber_dga_7bea27e0"
"czmwiiqswb.com","316","fobber_dga_7bea27e0"
"obeleqtnbf.com","317","fobber_dga_7bea27e0"
"eolnryvbgu.com","318","fobber_dga_7bea27e0"
"rjeppserut.com","319","fobber_dga_7bea27e0"
"ixhubqdakd.com","320","fobber_dga_7bea27e0"
"fuwftukwvq.com","321","fobber_dga_7bea27e0"
"srfkzgqbem.com","322","fobber_dga_7bea27e0"
"djqtmfnxcg.com","323","fobber_dga_7bea27e0"
"yxmvthivrm.com","324","fobber_dga_7bea27e0"
"sdqwkvthyo.com","325","fobber_dga_7bea27e0"
"gohwkdkhkh.com","326","fobber_dga_7bea27e0"
"zcsunonnwe.com","327","fobber_dga_7bea27e0"
"yjttaqguzs.com","328","fobber_dga_7bea27e0"
"zqxkclryca.com","329","fobber_dga_7bea27e0"
"uhgwwsouyt.com","330","fobber_dga_7bea27e0"
"glupxsajoz.com","331","fobber_dga_7bea27e0"
"bnlrcbrmxk.com","332","fobber_dga_7bea27e0"
"gyzuhzjavj.com","333","fobber_dga_7bea27e0"
"vnhljnjgmm.com","334","fobber_dga_7bea27e0"
"yhossaumei.com","335","fobber_dga_7bea27e0"
"eejwdlatpn.com","336","fobber_dga_7bea27e0"
"jknsikvzbx.com","337","fobber_dga_7bea27e0"
"kxjrjcyime.com","338","fobber_dga_7bea27e0"
"xqcrumrxxv.com","339","fobber_dga_7bea27e0"
"qpadoyvonj.com","340","fobber_dga_7bea27e0"
"gcttbqvdzu.com","341","fobber_dga_7bea27e0"
"yycnvjciyg.com","342","fobber_dga_7bea27e0"
"trpqbznbha.com","343","fobber_dga_7bea27e0"
"rylcesktek.com","344","fobber_dga_7bea27e0"
"pnlpnusoir.com","345","fobber_dga_7bea27e0"
"exbhslkvhu.com","346","fobber_dga_7bea27e0"
"dvxhsowcjn.com","347","fobber_dga_7bea27e0"
"umpqzjciaa.com","348","fobber_dga_7bea27e0"
"povswgikxk.com","349","fobber_dga_7bea27e0"
"isyhqdgijj.com","350","fobber_dga_7bea27e0"
"jsnsyjddfg.com","351","fobber_dga_7bea27e0"
"ptjrfsuuex.com","352","fobber_dga_7bea27e0"
"bqhujhobga.com","353","fobber_dga_7bea27e0"
"rpurhguimz.com","354","fobber_dga_7bea27e0"
"lfizqhebzt.com","355","fobber_dga_7bea27e0"
"kpgnytyukw.com","356","fobber_dga_7bea27e0"
"qianhnyswy.com","357","fobber_dga_7bea27e0"
"obtegcezgi.com","358","fobber_dga_7bea27e0"
"fcgppqgcni.com","359","fobber_dga_7bea27e0"
"dwtofjqhbw.com","360","fobber_dga_7bea27e0"
"xxkfucpple.com","361","fobber_dga_7bea27e0"
"hjlxmkipdb.com","362","fobber_dga_7bea27e0"
"zgbjypznnb.com","363","fobber_dga_7bea27e0"
"orygmpahhm.com","364","fobber_dga_7bea27e0"
"naltksnhol.com","365","fobber_dga_7bea27e0"
"uecuuuglzd.com","366","fobber_dga_7bea27e0"
"tntezwihzu.com","367","fobber_dga_7bea27e0"
"yijqcuxwfu.com","368","fobber_dga_7bea27e0"
"clpmawahqu.com","369","fobber_dga_7bea27e0"
"smooevyygz.com","370","fobber_dga_7bea27e0"
"aubaypqcei.com","371","fobber_dga_7bea27e0"
"bvtoqcwkyd.com","372","fobber_dga_7bea27e0"
"kqydepjjfb.com","373","fobber_dga_7bea27e0"
"mgjusmrvtn.com","374","fobber_dga_7bea27e0"
"mibilyyqje.com","375","fobber_dga_7bea27e0"
"nptjhvykwn.com","376","fobber_dga_7bea27e0"
"pdmxcqrvrw.com","377","fobber_dga_7bea27e0"
"ewghyxwgjb.com","378","fobber_dga_7bea27e0"
"yfdwoansih.com","379","fobber_dga_7bea27e0"
"nnatsqymph.com","380","fobber_dga_7bea27e0"
"nhmbjpjjmn.com","381","fobber_dga_7bea27e0"
"txylekoqhh.com","382","fobber_dga_7bea27e0"
"biabiceowu.com","383","fobber_dga_7bea27e0"
"czbfrxqlct.com","384","fobber_dga_7bea27e0"
"gyuyhysqut.com","385","fobber_dga_7bea27e0"
"nbkohyiiwr.com","386","fobber_dga_7bea27e0"
"ymcklywkrh.com","387","fobber_dga_7bea27e0"
"fxwbucxdnp.com","388","fobber_dga_7bea27e0"
"tkewurtoba.com","389","fobber_dga_7bea27e0"
"mcnbqonajn.com","390","fobber_dga_7bea27e0"
"dnvuzqrejs.com","391","fobber_dga_7bea27e0"
"cjnomnstsg.com","392","fobber_dga_7bea27e0"
"zsgmoqpipv.com","393","fobber_dga_7bea27e0"
"kgxtoqwrui.com","394","fobber_dga_7bea27e0"
"rujfqbdxhx.com","395","fobber_dga_7bea27e0"
"cbsudenceg.com","396","fobber_dga_7bea27e0"
"cbgogwkaye.com","397","fobber_dga_7bea27e0"
"qkurqbrouu.com","398","fobber_dga_7bea27e0"
"wcsfqgsdsi.com","399","fobber_dga_7bea27e0"
"onfjcnjvwc.com","400","fobber_dga_7bea27e0"
"goetndodfh.com","401","fobber_dga_7bea27e0"
"jfxiexcrhx.com","402","fobber_dga_7bea27e0"
"hpctihdocp.com","403","fobber_dga_7bea27e0"
"xkvcmghaaq.com","404","fobber_dga_7bea27e0"
"tqlvwmvonf.com","405","fobber_dga_7bea27e0"
"febjopjnwf.com","406","fobber_dga_7bea27e0"
"plcujoryaw.com","407","fobber_dga_7bea27e0"
"ogphkcoyyy.com","408","fobber_dga_7bea27e0"
"dnqovkhmau.com","409","fobber_dga_7bea27e0"
"itwkgtzurh.com","410","fobber_dga_7bea27e0"
"rwgqiiuthf.com","411","fobber_dga_7bea27e0"
"nygpuifcyi.com","412","fobber_dga_7bea27e0"
"krimbrbtpx.com","413","fobber_dga_7bea27e0"
"idbsmxqqiq.com","414","fobber_dga_7bea27e0"
"hokzllyely.com","415","fobber_dga_7bea27e0"
"cyxaexlmum.com","416","fobber_dga_7bea27e0"
"lssuvtecdg.com","417","fobber_dga_7bea27e0"
"slucmlpebq.com","418","fobber_dga_7bea27e0"
"yrgpgioczg.com","419","fobber_dga_7bea27e0"
"vzhmputpzr.com","420","fobber_dga_7bea27e0"
"msriczalbv.com","421","fobber_dga_7bea27e0"
"iramoygfgi.com","422","fobber_dga_7bea27e0"
"ldtqurtkjd.com","423","fobber_dga_7bea27e0"
"trhxtqpwbd.com","424","fobber_dga_7bea27e0"
"hfpkydgoot.com","425","fobber_dga_7bea27e0"
"ztydwcawkc.com","426","fobber_dga_7bea27e0"
"cgbezjewpo.com","427","fobber_dga_7bea27e0"
"naxrlojhhk.com","428","fobber_dga_7bea27e0"
"bmufrcfskd.com","429","fobber_dga_7bea27e0"
"evfgpussga.com","430","fobber_dga_7bea27e0"
"bskuvtzkjg.com","431","fobber_dga_7bea27e0"
"giopxzwofu.com","432","fobber_dga_7bea27e0"
"cakhigblrm.com","433","fobber_dga_7bea27e0"
"xsejncnzvc.com","434","fobber_dga_7bea27e0"
"mwjdcqunwx.com","435","fobber_dga_7bea27e0"
"oiyhgxxrkx.com","436","fobber_dga_7bea27e0"
"tvuezkfcok.com","437","fobber_dga_7bea27e0"
"jniygvctyu.com","438","fobber_dga_7bea27e0"
"ksxabvliod.com","439","fobber_dga_7bea27e0"
"hzwqyesubr.com","440","fobber_dga_7bea27e0"
"xstwrcpnls.com","441","fobber_dga_7bea27e0"
"ngkvyiwnip.com","442","fobber_dga_7bea27e0"
"hkzptbacqc.com","443","fobber_dga_7bea27e0"
"tcoflrkzdx.com","444","fobber_dga_7bea27e0"
"laxnjotmlo.com","445","fobber_dga_7bea27e0"
"esdhwvrljy.com","446","fobber_dga_7bea27e0"
"djpusdcbof.com","447","fobber_dga_7bea27e0"
"psxiehhlgk.com","448","fobber_dga_7bea27e0"
"yecxmbnsiz.com","449","fobber_dga_7bea27e0"
"gqsnryngwd.com","450","fobber_dga_7bea27e0"
"axjdkruvuz.com","451","fobber_dga_7bea27e0"
"xqvfmrhylz.com","452","fobber_dga_7bea27e0"
"uxuxrkoxxu.com","453","fobber_dga_7bea27e0"
"dvjhstgngp.com","454","fobber_dga_7bea27e0"
"rzgfohtbtl.com","455","fobber_dga_7bea27e0"
"fpwltvbkjd.com","456","fobber_dga_7bea27e0"
"dizlnofxro.com","457","fobber_dga_7bea27e0"
"lqpcuagyin.com","458","fobber_dga_7bea27e0"
"jnrjvxhxjp.com","459","fobber_dga_7bea27e0"
"abdvjelpve.com","460","fobber_dga_7bea27e0"
"bothoshepo.com","461","fobber_dga_7bea27e0"
"rzfucsfwft.com","462","fobber_dga_7bea27e0"
"jmllnwytcs.com","463","fobber_dga_7bea27e0"
"jrgjkrjlwb.com","464","fobber_dga_7bea27e0"
"xsgmgqpsvq.com","465","fobber_dga_7bea27e0"
"vegljnxjpf.com","466","fobber_dga_7bea27e0"
"esmesmlbto.com","467","fobber_dga_7bea27e0"
"cjgrtgrtoo.com","468","fobber_dga_7bea27e0"
"ksakcytndu.com","469","fobber_dga_7bea27e0"
"hhrvxagopp.com","470","fobber_dga_7bea27e0"
"kkpfsxokwq.com","471","fobber_dga_7bea27e0"
"ffuzxecglm.com","472","fobber_dga_7bea27e0"
"ufrxmxwqym.com","473","fobber_dga_7bea27e0"
"cgpujgvtki.com","474","fobber_dga_7bea27e0"
"idgoaacqvt.com","475","fobber_dga_7bea27e0"
"vqigxddndu.com","476","fobber_dga_7bea27e0"
"thmgjsvgdr.com","477","fobber_dga_7bea27e0"
"omygljjepo.com","478","fobber_dga_7bea27e0"
"rygohttkxd.com","479","fobber_dga_7bea27e0"
"nlnzykhbwv.com","480","fobber_dga_7bea27e0"
"gepmredcbo.com","481","fobber_dga_7bea27e0"
"elieoluuvg.com","482","fobber_dga_7bea27e0"
"pyheacvlbh.com","483","fobber_dga_7bea27e0"
"knfbssbizl.com","484","fobber_dga_7bea27e0"
"dmzndmyswh.com","485","fobber_dga_7bea27e0"
"djuwkqwrel.com","486","fobber_dga_7bea27e0"
"lyudvpeqak.com","487","fobber_dga_7bea27e0"
"uekcqsmgch.com","488","fobber_dga_7bea27e0"
"qhvopzwqmu.com","489","fobber_dga_7bea27e0"
"pflsgkxytn.com","490","fobber_dga_7bea27e0"
"xfwrauuwkm.com","491","fobber_dga_7bea27e0"
"teolwanhqf.com","492","fobber_dga_7bea27e0"
"clpehaqoyt.com","493","fobber_dga_7bea27e0"
"pokrwwevlq.com","494","fobber_dga_7bea27e0"
"pfvzhicypi.com","495","fobber_dga_7bea27e0"
"fxtkqxxmch.com","496","fobber_dga_7bea27e0"
"mhdhgnotvy.com","497","fobber_dga_7bea27e0"
"bxseahoray.com","498","fobber_dga_7bea27e0"
"uxfbgezfsn.com","499","fobber_dga_7bea27e0"
"jjtbuwzhly.com","500","fobber_dga_7bea27e0"
"ehtpzanqur.com","501","fobber_dga_7bea27e0"
"tsgowtqjxg.com","502","fobber_dga_7bea27e0"
"ujgannvwfh.com","503","fobber_dga_7bea27e0"
"dqszumzfzm.com","504","fobber_dga_7bea27e0"
"hyholfacvw.com","505","fobber_dga_7bea27e0"
"hfjltjwrgy.com","506","fobber_dga_7bea27e0"
"tjbbkdhluf.com","507","fobber_dga_7bea27e0"
"ryxmagmgkl.com","508","fobber_dga_7bea27e0"
"jigblilpqg.com","509","fobber_dga_7bea27e0"
"fcbrazhgjm.com","510","fobber_dga_7bea27e0"
"yanorsnoej.com","511","fobber_dga_7bea27e0"
"mkydsfkxyl.com","512","fobber_dga_7bea27e0"
"hjynvnseaq.com","513","fobber_dga_7bea27e0"
"tawerarcaa.com","514","fobber_dga_7bea27e0"
"gjywbzgmko.com","515","fobber_dga_7bea27e0"
"poyjpiwuih.com","516","fobber_dga_7bea27e0"
"lddtzhnkvp.com","517","fobber_dga_7bea27e0"
"jzzimudhpc.com","518","fobber_dga_7bea27e0"
"frexngffus.com","519","fobber_dga_7bea27e0"
"wbwywppmbn.com","520","fobber_dga_7bea27e0"
"mwtyrytxmv.com","521","fobber_dga_7bea27e0"
"xkbpupbjae.com","522","fobber_dga_7bea27e0"
"bfntpdzkpm.com","523","fobber_dga_7bea27e0"
"zpgsftvuwg.com","524","fobber_dga_7bea27e0"
"jotwbuscqm.com","525","fobber_dga_7bea27e0"
"mgmlmzozzt.com","526","fobber_dga_7bea27e0"
"uloothgalv.com","527","fobber_dga_7bea27e0"
"ntlarlqjif.com","528","fobber_dga_7bea27e0"
"qrhntqqkzm.com","529","fobber_dga_7bea27e0"
"nlougedfjl.com","530","fobber_dga_7bea27e0"
"qiiyxlxwgf.com","531","fobber_dga_7bea27e0"
"exyljrdtiz.com","532","fobber_dga_7bea27e0"
"tdrtyeicdu.com","533","fobber_dga_7bea27e0"
"fsvskdebjw.com","534","fobber_dga_7bea27e0"
"entbrknzdf.com","535","fobber_dga_7bea27e0"
"rrailsufwj.com","536","fobber_dga_7bea27e0"
"ccmomuhgdj.com","537","fobber_dga_7bea27e0"
"knmpcahkxt.com","538","fobber_dga_7bea27e0"
"cidlhqkijc.com","539","fobber_dga_7bea27e0"
"clwxdiswny.com","540","fobber_dga_7bea27e0"
"fcirmvxzsq.com","541","fobber_dga_7bea27e0"
"fodyztkgdl.com","542","fobber_dga_7bea27e0"
"gacjwkapnp.com","543","fobber_dga_7bea27e0"
"zkpajmxvba.com","544","fobber_dga_7bea27e0"
"pddfbckfzu.com","545","fobber_dga_7bea27e0"
"onztqskgse.com","546","fobber_dga_7bea27e0"
"bsnfxmnzgp.com","547","fobber_dga_7bea27e0"
"fxsqpcuyzu.com","548","fobber_dga_7bea27e0"
"zaszqabtpr.com","549","fobber_dga_7bea27e0"
"tmcajbapyb.com","550","fobber_dga_7bea27e0"
"pujijskhfj.com","551","fobber_dga_7bea27e0"
"mucmusbhgl.com","552","fobber_dga_7bea27e0"
"hzijtnbiom.com","553","fobber_dga_7bea27e0"
"bokogcwezu.com","554","fobber_dga_7bea27e0"
"vrybzjwkaq.com","555","fobber_dga_7bea27e0"
"hwvtyvjypu.com","556","fobber_dga_7bea27e0"
"zabtqrizkd.com","557","fobber_dga_7bea27e0"
"fmgxiqncop.com","558","fobber_dga_7bea27e0"
"kqqdjnkzbu.com","559","fobber_dga_7bea27e0"
"osqyiuibwa.com","560","fobber_dga_7bea27e0"
"brfydwdzdz.com","561","fobber_dga_7bea27e0"
"nufxavetlc.com","562","fobber_dga_7bea27e0"
"wsqetflsbp.com","563","fobber_dga_7bea27e0"
"mohtbunomm.com","564","fobber_dga_7bea27e0"
"kqdihzfcse.com","565","fobber_dga_7bea27e0"
"urqocsqvdp.com","566","fobber_dga_7bea27e0"
"ecushlnnrs.com","567","fobber_dga_7bea27e0"
"uywbqgxuaf.com","568","fobber_dga_7bea27e0"
"whouirzioy.com","569","fobber_dga_7bea27e0"
"frdensaoso.com","570","fobber_dga_7bea27e0"
"sewnxcjnhw.com","571","fobber_dga_7bea27e0"
"xzcmikgehq.com","572","fobber_dga_7bea27e0"
"lzzprrodiu.com","573","fobber_dga_7bea27e0"
"pczsllqbra.com","574","fobber_dga_7bea27e0"
"wlkdgsoosh.com","575","fobber_dga_7bea27e0"
"dgvlktmqbd.com","576","fobber_dga_7bea27e0"
"negrvhidre.com","577","fobber_dga_7bea27e0"
"vixolvpojc.com","578","fobber_dga_7bea27e0"
"ygexludtvo.com","579","fobber_dga_7bea27e0"
"usxlkxdboj.com","580","fobber_dga_7bea27e0"
"dfxgsvzrpa.com","581","fobber_dga_7bea27e0"
"tgmuqegley.com","582","fobber_dga_7bea27e0"
"uusohjmahq.com","583","fobber_dga_7bea27e0"
"qtxlsqmpbn.com","584","fobber_dga_7bea27e0"
"umkbbsgntg.com","585","fobber_dga_7bea27e0"
"lldulaonlx.com","586","fobber_dga_7bea27e0"
"bfboefenyh.com","587","fobber_dga_7bea27e0"
"wiaswnrvsn.com","588","fobber_dga_7bea27e0"
"zmpzfutafw.com","589","fobber_dga_7bea27e0"
"zainqjwsui.com","590","fobber_dga_7bea27e0"
"mfuqonfmfw.com","591","fobber_dga_7bea27e0"
"cvtyciqamm.com","592","fobber_dga_7bea27e0"
"cksbriikul.com","593","fobber_dga_7bea27e0"
"bavdqqvhhu.com","594","fobber_dga_7bea27e0"
"bfhrwxngwh.com","595","fobber_dga_7bea27e0"
"lypktrlohm.com","596","fobber_dga_7bea27e0"
"qwxsrwztkj.com","597","fobber_dga_7bea27e0"
"uqnvqnzqyk.com","598","fobber_dga_7bea27e0"
"rgmungzkzt.com","599","fobber_dga_7bea27e0"
"jthitcxcaf.com","600","fobber_dga_7bea27e0"
"imtmckmylz.com","601","fobber_dga_7bea27e0"
"ssnomtorgx.com","602","fobber_dga_7bea27e0"
"oeqzwkblgs.com","603","fobber_dga_7bea27e0"
"ugxrfkxowk.com","604","fobber_dga_7bea27e0"
"tljnsxgnqd.com","605","fobber_dga_7bea27e0"
"rxjmbwrnup.com","606","fobber_dga_7bea27e0"
"bceeoyktiy.com","607","fobber_dga_7bea27e0"
"huzwhkccoe.com","608","fobber_dga_7bea27e0"
"izjlvhygbg.com","609","fobber_dga_7bea27e0"
"iwrhaxcvkf.com","610","fobber_dga_7bea27e0"
"joaejytauu.com","611","fobber_dga_7bea27e0"
"fsajjbkupx.com","612","fobber_dga_7bea27e0"
"ivvagxdrfa.com","613","fobber_dga_7bea27e0"
"tcqfjltgji.com","614","fobber_dga_7bea27e0"
"qgesednysn.com","615","fobber_dga_7bea27e0"
"krsmpqirca.com","616","fobber_dga_7bea27e0"
"ejunuoddfc.com","617","fobber_dga_7bea27e0"
"epxdrinaot.com","618","fobber_dga_7bea27e0"
"welwfdxjqo.com","619","fobber_dga_7bea27e0"
"zanuwmiydb.com","620","fobber_dga_7bea27e0"
"zoyvyzabcr.com","621","fobber_dga_7bea27e0"
"uthihucjrs.com","622","fobber_dga_7bea27e0"
"gprheegcpa.com","623","fobber_dga_7bea27e0"
"whhnvtdliw.com","624","fobber_dga_7bea27e0"
"obbhmohmmj.com","625","fobber_dga_7bea27e0"
"akmnctefam.com","626","fobber_dga_7bea27e0"
"prupdlovsu.com","627","fobber_dga_7bea27e0"
"szhamdqboa.com","628","fobber_dga_7bea27e0"
"vzrahqeope.com","629","fobber_dga_7bea27e0"
"oszjnynnue.com","630","fobber_dga_7bea27e0"
"bxaeszqeif.com","631","fobber_dga_7bea27e0"
"npsslvdpek.com","632","fobber_dga_7bea27e0"
"tfvirigsyk.com","633","fobber_dga_7bea27e0"
"katmwkybbd.com","634","fobber_dga_7bea27e0"
"zszrckegpe.com","635","fobber_dga_7bea27e0"
"evqtzftmgp.com","636","fobber_dga_7bea27e0"
"aeqcnmvcsv.com","637","fobber_dga_7bea27e0"
"rddpptmsbp.com","638","fobber_dga_7bea27e0"
"zmmnmelajy.com","639","fobber_dga_7bea27e0"
"psededstyr.com","640","fobber_dga_7bea27e0"
"emslalupfi.com","641","fobber_dga_7bea27e0"
"rdqdvosxbp.com","642","fobber_dga_7bea27e0"
"dyfrdwptqf.com","643","fobber_dga_7bea27e0"
"uhurebaydz.com","644","fobber_dga_7bea27e0"
"wsjlgdlhec.com","645","fobber_dga_7bea27e0"
"nfgerrqspx.com","646","fobber_dga_7bea27e0"
"yzdjrrkwin.com","647","fobber_dga_7bea27e0"
"juzcjhyyxl.com","648","fobber_dga_7bea27e0"
"sbuwrppmlk.com","649","fobber_dga_7bea27e0"
"sjoevdufmi.com","650","fobber_dga_7bea27e0"
"xpyyiamela.com","651","fobber_dga_7bea27e0"
"cyymsmnjsk.com","652","fobber_dga_7bea27e0"
"wqgrwjafdo.com","653","fobber_dga_7bea27e0"
"bvzrhxwskt.com","654","fobber_dga_7bea27e0"
"ofbdrbgxmc.com","655","fobber_dga_7bea27e0"
"gbqqtnsesj.com","656","fobber_dga_7bea27e0"
"reeoxdpkxh.com","657","fobber_dga_7bea27e0"
"gkpmqnfpkr.com","658","fobber_dga_7bea27e0"
"gwzpvrocpn.com","659","fobber_dga_7bea27e0"
"gmraxsikci.com","660","fobber_dga_7bea27e0"
"tuowblldaj.com","661","fobber_dga_7bea27e0"
"fqdjubiepw.com","662","fobber_dga_7bea27e0"
"uchsganigi.com","663","fobber_dga_7bea27e0"
"sjxurohhsa.com","664","fobber_dga_7bea27e0"
"vdoionpqym.com","665","fobber_dga_7bea27e0"
"hsemxbtdkv.com","666","fobber_dga_7bea27e0"
"hdnckhlrwi.com","667","fobber_dga_7bea27e0"
"wucsjlsomp.com","668","fobber_dga_7bea27e0"
"yflbytzmkc.com","669","fobber_dga_7bea27e0"
"clpajibfuc.com","670","fobber_dga_7bea27e0"
"kksdvruatr.com","671","fobber_dga_7bea27e0"
"lohoeqbxmx.com","672","fobber_dga_7bea27e0"
"jyzxxsypdz.com","673","fobber_dga_7bea27e0"
"lsqrhbvmnt.com","674","fobber_dga_7bea27e0"
"vwbjfjhyhd.com","675","fobber_dga_7bea27e0"
"xyglktvcul.com","676","fobber_dga_7bea27e0"
"chtyptmluu.com","677","fobber_dga_7bea27e0"
"jtvqqhjpfw.com","678","fobber_dga_7bea27e0"
"kmnjrgqspf.com","679","fobber_dga_7bea27e0"
"wexqdicuzh.com","680","fobber_dga_7bea27e0"
"levtwhutna.com","681","fobber_dga_7bea27e0"
"eamdgsxrce.com","682","fobber_dga_7bea27e0"
"emlqbvezvi.com","683","fobber_dga_7bea27e0"
"izlsnyvpzo.com","684","fobber_dga_7bea27e0"
"clhpvoifni.com","685","fobber_dga_7bea27e0"
"daevnokdjp.com","686","fobber_dga_7bea27e0"
"zidrksqvir.com","687","fobber_dga_7bea27e0"
"ltgbfsjfce.com","688","fobber_dga_7bea27e0"
"efucoewzgj.com","689","fobber_dga_7bea27e0"
"eqereobtgb.com","690","fobber_dga_7bea27e0"
"xttfsppocn.com","691","fobber_dga_7bea27e0"
"iykasodhpe.com","692","fobber_dga_7bea27e0"
"mvabtbztpf.com","693","fobber_dga_7bea27e0"
"oibqiarqdi.com","694","fobber_dga_7bea27e0"
"ewozjtuqzy.com","695","fobber_dga_7bea27e0"
"lhyevmwgfv.com","696","fobber_dga_7bea27e0"
"tlexqywnkn.com","697","fobber_dga_7bea27e0"
"nyjrtbqsjs.com","698","fobber_dga_7bea27e0"
"gwjxjtijco.com","699","fobber_dga_7bea27e0"
"sciaomrkey.com","700","fobber_dga_7bea27e0"
"hngipdksgs.com","701","fobber_dga_7bea27e0"
"kwsluvxchp.com","702","fobber_dga_7bea27e0"
"ktuqzwaiyx.com","703","fobber_dga_7bea27e0"
"laepruyknp.com","704","fobber_dga_7bea27e0"
"yyqeocznpt.com","705","fobber_dga_7bea27e0"
"wobrgszjfk.com","706","fobber_dga_7bea27e0"
"fiezqibqmc.com","707","fobber_dga_7bea27e0"
"ixoocupqlk.com","708","fobber_dga_7bea27e0"
"zzwkaktwvq.com","709","fobber_dga_7bea27e0"
"zscovoagda.com","710","fobber_dga_7bea27e0"
"xtphnjwcvf.com","711","fobber_dga_7bea27e0"
"glagggdrdf.com","712","fobber_dga_7bea27e0"
"rgocfiqwpu.com","713","fobber_dga_7bea27e0"
"tmevkgcycn.com","714","fobber_dga_7bea27e0"
"fqjahlepfu.com","715","fobber_dga_7bea27e0"
"jhwcjoanli.com","716","fobber_dga_7bea27e0"
"ttkbsuxuud.com","717","fobber_dga_7bea27e0"
"svrkriucvz.com","718","fobber_dga_7bea27e0"
"nvqyzozzqh.com","719","fobber_dga_7bea27e0"
"ihewpbbeyc.com","720","fobber_dga_7bea27e0"
"qzvuamdbdm.com","721","fobber_dga_7bea27e0"
"yrmiocrouu.com","722","fobber_dga_7bea27e0"
"nzcfotuoll.com","723","fobber_dga_7bea27e0"
"rhoppxfhve.com","724","fobber_dga_7bea27e0"
"cwszbgbynf.com","725","fobber_dga_7bea27e0"
"zwpinhjsvk.com","726","fobber_dga_7bea27e0"
"ghbtqyqepx.com","727","fobber_dga_7bea27e0"
"aaolordtdf.com","728","fobber_dga_7bea27e0"
"ccfpzphhzj.com","729","fobber_dga_7bea27e0"
"gdvcbaljvi.com","730","fobber_dga_7bea27e0"
"xovoyndazp.com","731","fobber_dga_7bea27e0"
"mmfabbucaq.com","732","fobber_dga_7bea27e0"
"voeomnbtdp.com","733","fobber_dga_7bea27e0"
"bqeebfwhdv.com","734","fobber_dga_7bea27e0"
"vgexxwqral.com","735","fobber_dga_7bea27e0"
"jhxjbnypxj.com","736","fobber_dga_7bea27e0"
"exbsvhfsxu.com","737","fobber_dga_7bea27e0"
"qcmzskdsyq.com","738","fobber_dga_7bea27e0"
"dncettbogn.com","739","fobber_dga_7bea27e0"
"xtzclydzjs.com","740","fobber_dga_7bea27e0"
"lsogijexiq.com","741","fobber_dga_7bea27e0"
"npzbhjboqj.com","742","fobber_dga_7bea27e0"
"xusbhfohci.com","743","fobber_dga_7bea27e0"
"urydqaurcf.com","744","fobber_dga_7bea27e0"
"zcyvhinvuk.com","745","fobber_dga_7bea27e0"
"ofwdfbuzze.com","746","fobber_dga_7bea27e0"
"riftviznoy.com","747","fobber_dga_7bea27e0"
"fhsomhivbp.com","748","fobber_dga_7bea27e0"
"vjswxajcso.com","749","fobber_dga_7bea27e0"
"rcptbgiyvj.com","750","fobber_dga_7bea27e0"
"hsjecbauyf.com","751","fobber_dga_7bea27e0"
"lbiwlilfhv.com","752","fobber_dga_7bea27e0"
"cuqvntvclz.com","753","fobber_dga_7bea27e0"
"hprpiqiqph.com","754","fobber_dga_7bea27e0"
"tggahnyekn.com","755","fobber_dga_7bea27e0"
"wspmixszkg.com","756","fobber_dga_7bea27e0"
"tggwvhpsqt.com","757","fobber_dga_7bea27e0"
"morqcfwrsi.com","758","fobber_dga_7bea27e0"
"bvdjwvmpea.com","759","fobber_dga_7bea27e0"
"wnqhxnlzws.com","760","fobber_dga_7bea27e0"
"ddmiqmrfgm.com","761","fobber_dga_7bea27e0"
"awditfqjwv.com","762","fobber_dga_7bea27e0"
"rlshzwwvit.com","763","fobber_dga_7bea27e0"
"mrddfvoijg.com","764","fobber_dga_7bea27e0"
"kweuwujxum.com","765","fobber_dga_7bea27e0"
"lrsfforksp.com","766","fobber_dga_7bea27e0"
"lgdqrgjmxs.com","767","fobber_dga_7bea27e0"
"fnfiltmuiq.com","768","fobber_dga_7bea27e0"
"nmvzfnjjip.com","769","fobber_dga_7bea27e0"
"fghtcscphf.com","770","fobber_dga_7bea27e0"
"jjwoqttsmo.com","771","fobber_dga_7bea27e0"
"gjtftyavgl.com","772","fobber_dga_7bea27e0"
"ugufwtpvpl.com","773","fobber_dga_7bea27e0"
"omzzuucedq.com","774","fobber_dga_7bea27e0"
"inxpjfsvae.com","775","fobber_dga_7bea27e0"
"nwxkrymubm.com","776","fobber_dga_7bea27e0"
"wezhvjpjmy.com","777","fobber_dga_7bea27e0"
"mrjzkcrmcr.com","778","fobber_dga_7bea27e0"
"ovwphrxeom.com","779","fobber_dga_7bea27e0"
"yynicmksrk.com","780","fobber_dga_7bea27e0"
"iplflkdbre.com","781","fobber_dga_7bea27e0"
"uwruvutiua.com","782","fobber_dga_7bea27e0"
"zkyhqxnjsm.com","783","fobber_dga_7bea27e0"
"pnunbuvbks.com","784","fobber_dga_7bea27e0"
"huertfscpx.com","785","fobber_dga_7bea27e0"
"szfvapzdis.com","786","fobber_dga_7bea27e0"
"scvrrukskm.com","787","fobber_dga_7bea27e0"
"hkjzlbimox.com","788","fobber_dga_7bea27e0"
"ownvqvnanv.com","789","fobber_dga_7bea27e0"
"sqgydhrupn.com","790","fobber_dga_7bea27e0"
"rsndbalujc.com","791","fobber_dga_7bea27e0"
"rukdwnumcu.com","792","fobber_dga_7bea27e0"
"uqymzzbplm.com","793","fobber_dga_7bea27e0"
"uletozoyuw.com","794","fobber_dga_7bea27e0"
"fiwfhzgems.com","795","fobber_dga_7bea27e0"
"efcqxybyff.com","796","fobber_dga_7bea27e0"
"rcqwzbwkkv.com","797","fobber_dga_7bea27e0"
"nopdjodbie.com","798","fobber_dga_7bea27e0"
"xtpprnubwg.com","799","fobber_dga_7bea27e0"
"wkcatswpaz.com","800","fobber_dga_7bea27e0"
"bmlrpysjqu.com","801","fobber_dga_7bea27e0"
"hccddnrqgz.com","802","fobber_dga_7bea27e0"
"fwgtikdmoq.com","803","fobber_dga_7bea27e0"
"zdozvzecmg.com","804","fobber_dga_7bea27e0"
"bkqnbwbksv.com","805","fobber_dga_7bea27e0"
"zjvbuxltuh.com","806","fobber_dga_7bea27e0"
"vkrjhildqi.com","807","fobber_dga_7bea27e0"
"gwnkktemio.com","808","fobber_dga_7bea27e0"
"jbljlmrezt.com","809","fobber_dga_7bea27e0"
"tiowwluybs.com","810","fobber_dga_7bea27e0"
"fdpypbhoes.com","811","fobber_dga_7bea27e0"
"eiftpyjbuq.com","812","fobber_dga_7bea27e0"
"vtriulclpz.com","813","fobber_dga_7bea27e0"
"hjwqkchsyb.com","814","fobber_dga_7bea27e0"
"hmtwabeeru.com","815","fobber_dga_7bea27e0"
"spnhvurxdu.com","816","fobber_dga_7bea27e0"
"sadxjlsnwk.com","817","fobber_dga_7bea27e0"
"gccfcdpatd.com","818","fobber_dga_7bea27e0"
"ybguawkkub.com","819","fobber_dga_7bea27e0"
"ahmmpgmqef.com","820","fobber_dga_7bea27e0"
"kaugdmsncd.com","821","fobber_dga_7bea27e0"
"eeytfvzygm.com","822","fobber_dga_7bea27e0"
"wdlaxnvpir.com","823","fobber_dga_7bea27e0"
"zzqmhsrryy.com","824","fobber_dga_7bea27e0"
"jwldqtdljg.com","825","fobber_dga_7bea27e0"
"rycajgqclw.com","826","fobber_dga_7bea27e0"
"puieaqrvjg.com","827","fobber_dga_7bea27e0"
"ertbqdvrxr.com","828","fobber_dga_7bea27e0"
"ntorezflvx.com","829","fobber_dga_7bea27e0"
"hzbynbsxjr.com","830","fobber_dga_7bea27e0"
"ywvelwtnqg.com","831","fobber_dga_7bea27e0"
"isdireswlk.com","832","fobber_dga_7bea27e0"
"kfkgdbnkqk.com","833","fobber_dga_7bea27e0"
"pxbxpmosqm.com","834","fobber_dga_7bea27e0"
"ikxnsrhaij.com","835","fobber_dga_7bea27e0"
"cttmrslboc.com","836","fobber_dga_7bea27e0"
"suhdeexcjc.com","837","fobber_dga_7bea27e0"
"mjqlqjgoxb.com","838","fobber_dga_7bea27e0"
"arslnzmrhl.com","839","fobber_dga_7bea27e0"
"qvortkoycp.com","840","fobber_dga_7bea27e0"
"psthfoqcdv.com","841","fobber_dga_7bea27e0"
"stclfyhuay.com","842","fobber_dga_7bea27e0"
"mwvqkjwtui.com","843","fobber_dga_7bea27e0"
"phhwtckdcg.com","844","fobber_dga_7bea27e0"
"tpvronbfcu.com","845","fobber_dga_7bea27e0"
"bqkncifspb.com","846","fobber_dga_7bea27e0"
"acqsyhmmhs.com","847","fobber_dga_7bea27e0"
"bbbcdwcgno.com","848","fobber_dga_7bea27e0"
"hyflqsufhh.com","849","fobber_dga_7bea27e0"
"blvntejcyh.com","850","fobber_dga_7bea27e0"
"xdsqhyilat.com","851","fobber_dga_7bea27e0"
"xcjqfkrgmd.com","852","fobber_dga_7bea27e0"
"eehxwgxatf.com","853","fobber_dga_7bea27e0"
"isxxpnnxzf.com","854","fobber_dga_7bea27e0"
"mbccjozewi.com","855","fobber_dga_7bea27e0"
"agvwvzyjhe.com","856","fobber_dga_7bea27e0"
"lhsythshba.com","857","fobber_dga_7bea27e0"
"mjtcsnwbiu.com","858","fobber_dga_7bea27e0"
"jyzptseixc.com","859","fobber_dga_7bea27e0"
"rsgftalbly.com","860","fobber_dga_7bea27e0"
"jwzrzjabgk.com","861","fobber_dga_7bea27e0"
"xkdkxnojqn.com","862","fobber_dga_7bea27e0"
"tpjpcxslnz.com","863","fobber_dga_7bea27e0"
"ebiuetsbna.com","864","fobber_dga_7bea27e0"
"rgkahtcaza.com","865","fobber_dga_7bea27e0"
"ckyqvsvxvb.com","866","fobber_dga_7bea27e0"
"doiszsdomi.com","867","fobber_dga_7bea27e0"
"ambgkpsztf.com","868","fobber_dga_7bea27e0"
"wpnznxbuge.com","869","fobber_dga_7bea27e0"
"lxngzjuokc.com","870","fobber_dga_7bea27e0"
"gjtthnsewx.com","871","fobber_dga_7bea27e0"
"jhpdysoobf.com","872","fobber_dga_7bea27e0"
"dhprsdrtum.com","873","fobber_dga_7bea27e0"
"ufmytytzac.com","874","fobber_dga_7bea27e0"
"remuzkgmps.com","875","fobber_dga_7bea27e0"
"zigqltqfuq.com","876","fobber_dga_7bea27e0"
"ebudfllvci.com","877","fobber_dga_7bea27e0"
"ygcnpytefb.com","878","fobber_dga_7bea27e0"
"ezbwnhimta.com","879","fobber_dga_7bea27e0"
"kzleqyapcb.com","880","fobber_dga_7bea27e0"
"vemapbaype.com","881","fobber_dga_7bea27e0"
"yyaisefeqd.com","882","fobber_dga_7bea27e0"
"whqijsegxw.com","883","fobber_dga_7bea27e0"
"zrfhsghrwl.com","884","fobber_dga_7bea27e0"
"xgnaziwjeq.com","885","fobber_dga_7bea27e0"
"iggdxqszlr.com","886","fobber_dga_7bea27e0"
"pmsrhfvhec.com","887","fobber_dga_7bea27e0"
"nmvsdxiyag.com","888","fobber_dga_7bea27e0"
"qbhjzmgntv.com","889","fobber_dga_7bea27e0"
"ixbsmhnxhn.com","890","fobber_dga_7bea27e0"
"vsvpjrvvtm.com","891","fobber_dga_7bea27e0"
"kkbarcrmuo.com","892","fobber_dga_7bea27e0"
"nqzqgxtqxl.com","893","fobber_dga_7bea27e0"
"ftoykckwup.com","894","fobber_dga_7bea27e0"
"yvpdiqbrnp.com","895","fobber_dga_7bea27e0"
"jgiwhtylig.com","896","fobber_dga_7bea27e0"
"wqvbgaoczx.com","897","fobber_dga_7bea27e0"
"swnvhaypoc.com","898","fobber_dga_7bea27e0"
"qkujpnduqp.com","899","fobber_dga_7bea27e0"
"cgvmjepczy.com","900","fobber_dga_7bea27e0"
"kibayeianm.com","901","fobber_dga_7bea27e0"
"htjzcriomw.com","902","fobber_dga_7bea27e0"
"exhwwrxofq.com","903","fobber_dga_7bea27e0"
"mymbxadnlo.com","904","fobber_dga_7bea27e0"
"cqztswtgzk.com","905","fobber_dga_7bea27e0"
"abelphjlzb.com","906","fobber_dga_7bea27e0"
"nybicponpq.com","907","fobber_dga_7bea27e0"
"opbukuaqqz.com","908","fobber_dga_7bea27e0"
"ravbjyfiap.com","909","fobber_dga_7bea27e0"
"mzldzaupsn.com","910","fobber_dga_7bea27e0"
"jpxxrmjlkz.com","911","fobber_dga_7bea27e0"
"wksuiepjot.com","912","fobber_dga_7bea27e0"
"ujrhsddryu.com","913","fobber_dga_7bea27e0"
"svmmmsggal.com","914","fobber_dga_7bea27e0"
"haftaxbhdh.com","915","fobber_dga_7bea27e0"
"qzmcgsnzgv.com","916","fobber_dga_7bea27e0"
"rznmkyyxei.com","917","fobber_dga_7bea27e0"
"zjgcvhqqoy.com","918","fobber_dga_7bea27e0"
"ontapvrwwz.com","919","fobber_dga_7bea27e0"
"sjaoaofohv.com","920","fobber_dga_7bea27e0"
"rhdzcwuseb.com","921","fobber_dga_7bea27e0"
"zwpzabvsda.com","922","fobber_dga_7bea27e0"
"xgcdjuqtok.com","923","fobber_dga_7bea27e0"
"svulhcppby.com","924","fobber_dga_7bea27e0"
"ifobkuysaq.com","925","fobber_dga_7bea27e0"
"fhkjtbkqrt.com","926","fobber_dga_7bea27e0"
"uwqejkhqal.com","927","fobber_dga_7bea27e0"
"ekngtxbxkx.com","928","fobber_dga_7bea27e0"
"ohvtqdbeed.com","929","fobber_dga_7bea27e0"
"tdpulsvumr.com","930","fobber_dga_7bea27e0"
"bkphiztugz.com","931","fobber_dga_7bea27e0"
"sscaltlfaq.com","932","fobber_dga_7bea27e0"
"zaflkvisoc.com","933","fobber_dga_7bea27e0"
"ivxkkvuzpw.com","934","fobber_dga_7bea27e0"
"ddwcfdglzs.com","935","fobber_dga_7bea27e0"
"zeizxzsvgm.com","936","fobber_dga_7bea27e0"
"domcbipqft.com","937","fobber_dga_7bea27e0"
"qitkymokoe.com","938","fobber_dga_7bea27e0"
"mfaysmjenw.com","939","fobber_dga_7bea27e0"
"uuiauxikph.com","940","fobber_dga_7bea27e0"
"adpicwjrdj.com","941","fobber_dga_7bea27e0"
"lfytgixcua.com","942","fobber_dga_7bea27e0"
"ipmvauciti.com","943","fobber_dga_7bea27e0"
"ncuzpjtjcv.com","944","fobber_dga_7bea27e0"
"fxrljvuuer.com","945","fobber_dga_7bea27e0"
"dhyamokosw.com","946","fobber_dga_7bea27e0"
"zuwrzsdfia.com","947","fobber_dga_7bea27e0"
"kpmlpzauuf.com","948","fobber_dga_7bea27e0"
"xseefcaxzw.com","949","fobber_dga_7bea27e0"
"jliikoovkf.com","950","fobber_dga_7bea27e0"
"fofuvnahhx.com","951","fobber_dga_7bea27e0"
"wblxwkaujn.com","952","fobber_dga_7bea27e0"
"jylvsvqesw.com","953","fobber_dga_7bea27e0"
"vodgwzptqb.com","954","fobber_dga_7bea27e0"
"smgpocbqpd.com","955","fobber_dga_7bea27e0"
"hpntmwodee.com","956","fobber_dga_7bea27e0"
"bdgwobzdnb.com","957","fobber_dga_7bea27e0"
"scxkghcqbj.com","958","fobber_dga_7bea27e0"
"dpobgzagoo.com","959","fobber_dga_7bea27e0"
"jmylgojmch.com","960","fobber_dga_7bea27e0"
"tjdqvihkky.com","961","fobber_dga_7bea27e0"
"rlfkgoihgs.com","962","fobber_dga_7bea27e0"
"dlhxywatzh.com","963","fobber_dga_7bea27e0"
"tmrpctnaca.com","964","fobber_dga_7bea27e0"
"suijjdtcer.com","965","fobber_dga_7bea27e0"
"ykjuzfpouz.com","966","fobber_dga_7bea27e0"
"cvcwhmcerq.com","967","fobber_dga_7bea27e0"
"krllyksxzl.com","968","fobber_dga_7bea27e0"
"eqjcffgvxz.com","969","fobber_dga_7bea27e0"
"avypeamujp.com","970","fobber_dga_7bea27e0"
"hubmfmopju.com","971","fobber_dga_7bea27e0"
"mjzldptmpa.com","972","fobber_dga_7bea27e0"
"fehmejruih.com","973","fobber_dga_7bea27e0"
"seaxidjses.com","974","fobber_dga_7bea27e0"
"epvllbxxqw.com","975","fobber_dga_7bea27e0"
"goveurxylx.com","976","fobber_dga_7bea27e0"
"iontmxcnub.com","977","fobber_dga_7bea27e0"
"nkpmkzfqdh.com","978","fobber_dga_7bea27e0"
"rlbucbxqwh.com","979","fobber_dga_7bea27e0"
"mlsiyetsuz.com","980","fobber_dga_7bea27e0"
"kwirfnndov.com","981","fobber_dga_7bea27e0"
"fnuyyrazdl.com","982","fobber_dga_7bea27e0"
"wjrrhlrosc.com","983","fobber_dga_7bea27e0"
"iaaqifdxfd.com","984","fobber_dga_7bea27e0"
"gwryubfrzf.com","985","fobber_dga_7bea27e0"
"olqpplkfov.com","986","fobber_dga_7bea27e0"
"eghciwvunl.com","987","fobber_dga_7bea27e0"
"tdqcpbfbgb.com","988","fobber_dga_7bea27e0"
"msqioxjgzj.com","989","fobber_dga_7bea27e0"
"rxqipptmys.com","990","fobber_dga_7bea27e0"
"tolzghhqdd.com","991","fobber_dga_7bea27e0"
"tpgtzgzadj.com","992","fobber_dga_7bea27e0"
"fmeplrurnk.com","993","fobber_dga_7bea27e0"
"xxaiiighza.com","994","fobber_dga_7bea27e0"
"fydyxnrqls.com","995","fobber_dga_7bea27e0"
"eixtkbpllj.com","996","fobber_dga_7bea27e0"
"lwxusemxmr.com","997","fobber_dga_7bea27e0"
"tfzfbphdcr.com","998","fobber_dga_7bea27e0"
"mqbkjniafk.com","999","fobber_dga_7bea27e0"
"vhkintjtksyxgjrzz.net","0","fobber_dga_ff3fb728"
"btpnxlsfdqbhzazyx.net","1","fobber_dga_ff3fb728"
"ukfmknjdenthvktgc.net","2","fobber_dga_ff3fb728"
"qupxsrhrmuoinqrit.net","3","fobber_dga_ff3fb728"
"gjsbydmrpfzsmnfiu.net","4","fobber_dga_ff3fb728"
"indpstqbetcpcqprx.net","5","fobber_dga_ff3fb728"
"gwrdmhyjfcpcutmhp.net","6","fobber_dga_ff3fb728"
"bwnzcyypcbmnlpfsw.net","7","fobber_dga_ff3fb728"
"twkpwfuecvvzcincq.net","8","fobber_dga_ff3fb728"
"pdwfuxgnahmgsxhit.net","9","fobber_dga_ff3fb728"
"jyalcixnmcjafecuk.net","10","fobber_dga_ff3fb728"
"ocwhgfvoqhkdsrtjl.net","11","fobber_dga_ff3fb728"
"wfzuuinpiteusxqfo.net","12","fobber_dga_ff3fb728"
"xgsqljmoypxbflety.net","13","fobber_dga_ff3fb728"
"bnxnjmsuhiyvoclzi.net","14","fobber_dga_ff3fb728"
"zzwzzqmihkfdevymi.net","15","fobber_dga_ff3fb728"
"hxiwupwmcezqutijl.net","16","fobber_dga_ff3fb728"
"oasmavkjmcxctdkit.net","17","fobber_dga_ff3fb728"
"kazrkkpoctlrwosko.net","18","fobber_dga_ff3fb728"
"hnzxwfgzhsklpxfpi.net","19","fobber_dga_ff3fb728"
"xqpupbzusybgfgvvx.net","20","fobber_dga_ff3fb728"
"bbhyavqhajidcsbaw.net","21","fobber_dga_ff3fb728"
"ejwmitqbpslotdeti.net","22","fobber_dga_ff3fb728"
"kyebzahocfnbjqfop.net","23","fobber_dga_ff3fb728"
"wcestskyuqgccngso.net","24","fobber_dga_ff3fb728"
"eyvidvnoauypjemvu.net","25","fobber_dga_ff3fb728"
"xuofceqidwaywjakb.net","26","fobber_dga_ff3fb728"
"zkqjudemdkilrpkpl.net","27","fobber_dga_ff3fb728"
"skibtcahjusojmsco.net","28","fobber_dga_ff3fb728"
"yyepzaiorikkpqfrw.net","29","fobber_dga_ff3fb728"
"gawexrwnbmjyuydwd.net","30","fobber_dga_ff3fb728"
"olshysihdrvhdxejs.net","31","fobber_dga_ff3fb728"
"ylkbpbhugoyzxybkq.net","32","fobber_dga_ff3fb728"
"rxijmcnwxcmsqjtfe.net","33","fobber_dga_ff3fb728"
"lopqmutrecwilhzya.net","34","fobber_dga_ff3fb728"
"rlgobqspihlitgcwt.net","35","fobber_dga_ff3fb728"
"krycuzksjfdhzxvce.net","36","fobber_dga_ff3fb728"
"huqmvuhpympwxeepk.net","37","fobber_dga_ff3fb728"
"sxusokhgyabeenrsr.net","38","fobber_dga_ff3fb728"
"earikhmgbkzfyhbcz.net","39","fobber_dga_ff3fb728"
"nqdpwyfiwlejmpibl.net","40","fobber_dga_ff3fb728"
"hfuwlocyqngcsblek.net","41","fobber_dga_ff3fb728"
"rluleaowkokspaphp.net","42","fobber_dga_ff3fb728"
"udgvpggiwfygnupoi.net","43","fobber_dga_ff3fb728"
"bocwykwkemkxjrgaj.net","44","fobber_dga_ff3fb728"
"cnzznfaeyqjbgcpim.net","45","fobber_dga_ff3fb728"
"mfnstdvwsqdrrheod.net","46","fobber_dga_ff3fb728"
"wsdyrkavxcoglsccf.net","47","fobber_dga_ff3fb728"
"bjsebkduyxltfyzeo.net","48","fobber_dga_ff3fb728"
"yofyxitpppepnkmhp.net","49","fobber_dga_ff3fb728"
"xyypnmspbpkretqwy.net","50","fobber_dga_ff3fb728"
"rclcvcmhgaxeyeymc.net","51","fobber_dga_ff3fb728"
"eeosqcieuhtffrjaa.net","52","fobber_dga_ff3fb728"
"rvvxunhtmdxlglflr.net","53","fobber_dga_ff3fb728"
"esgdocrchkqcqkgah.net","54","fobber_dga_ff3fb728"
"nsqbbiwkvilifchal.net","55","fobber_dga_ff3fb728"
"hpxbzwvnzwbrdcoqi.net","56","fobber_dga_ff3fb728"
"spqrqgvkvijzktxgy.net","57","fobber_dga_ff3fb728"
"chxdxtpmkhtvqpiwu.net","58","fobber_dga_ff3fb728"
"zncnqbvqjdrcugowl.net","59","fobber_dga_ff3fb728"
"pjdhyhfvfoubfkkhb.net","60","fobber_dga_ff3fb728"
"mirxioqhbtnrfybsu.net","61","fobber_dga_ff3fb728"
"pfowknzscvigndsrn.net","62","fobber_dga_ff3fb728"
"higefgtismzjpicfv.net","63","fobber_dga_ff3fb728"
"jihkfowhhgczudsks.net","64","fobber_dga_ff3fb728"
"dzwaqprcaiyggchhh.net","65","fobber_dga_ff3fb728"
"qyyljhehdziswvmtg.net","66","fobber_dga_ff3fb728"
"vfzuxzvfggfksfnhp.net","67","fobber_dga_ff3fb728"
"jvzlwbvwebzcyinto.net","68","fobber_dga_ff3fb728"
"kmwgpvqkdjnazlfet.net","69","fobber_dga_ff3fb728"
"kyshkzrywomdwxavn.net","70","fobber_dga_ff3fb728"
"byxfppghcvyilbsye.net","71","fobber_dga_ff3fb728"
"modjanozwilxmcpjf.net","72","fobber_dga_ff3fb728"
"dipoivuunjnnmvogz.net","73","fobber_dga_ff3fb728"
"afspszuhaayetuyqb.net","74","fobber_dga_ff3fb728"
"fvfhyqhklwgwiodqw.net","75","fobber_dga_ff3fb728"
"xpndsvedrhcfswnxq.net","76","fobber_dga_ff3fb728"
"gmjopuorweeetwtnk.net","77","fobber_dga_ff3fb728"
"bomekvpgozudpjavt.net","78","fobber_dga_ff3fb728"
"aojprjumtushglzud.net","79","fobber_dga_ff3fb728"
"aaigvwqjqgvetozdw.net","80","fobber_dga_ff3fb728"
"oapuwvvkjhaickavs.net","81","fobber_dga_ff3fb728"
"ipemwjmehydqbezyr.net","82","fobber_dga_ff3fb728"
"stxblrfbspjbquwfz.net","83","fobber_dga_ff3fb728"
"irxjakljhgazxdkyb.net","84","fobber_dga_ff3fb728"
"sxrexqqppzfpvgnen.net","85","fobber_dga_ff3fb728"
"pmpwkcohnvjmphwvo.net","86","fobber_dga_ff3fb728"
"efzswngeqtqqlumic.net","87","fobber_dga_ff3fb728"
"bnpjzrxbvimnjggni.net","88","fobber_dga_ff3fb728"
"akcwxmqhkmelvktni.net","89","fobber_dga_ff3fb728"
"runezidldmvfwmpbb.net","90","fobber_dga_ff3fb728"
"cpieefprahrnadxwd.net","91","fobber_dga_ff3fb728"
"voamlofbhihesapjs.net","92","fobber_dga_ff3fb728"
"vupjvpafagvioioov.net","93","fobber_dga_ff3fb728"
"mdbvdcvuovfcejsek.net","94","fobber_dga_ff3fb728"
"qqiqugnqdjoahqdke.net","95","fobber_dga_ff3fb728"
"ryylwjmkwbeaajmvx.net","96","fobber_dga_ff3fb728"
"xtocrppzqroqtcnqe.net","97","fobber_dga_ff3fb728"
"zndoqnjvzlagxiiit.net","98","fobber_dga_ff3fb728"
"xchlgxadnujwsvpda.net","99","fobber_dga_ff3fb728"
"ftwiknztddqdtuxuc.net","100","fobber_dga_ff3fb728"
"cbmnushazjlmqezpv.net","101","fobber_dga_ff3fb728"
"twfaukbyawpbxksms.net","102","fobber_dga_ff3fb728"
"sxbfkpfnngudyqapd.net","103","fobber_dga_ff3fb728"
"snozdqpobevjiyumm.net","104","fobber_dga_ff3fb728"
"fhjrkmsricizgsfef.net","105","fobber_dga_ff3fb728"
"uslohivkmodsmxcnq.net","106","fobber_dga_ff3fb728"
"qdqcpphtzbietftvf.net","107","fobber_dga_ff3fb728"
"vrttzyjwfvodogvfo.net","108","fobber_dga_ff3fb728"
"wwqqgjugkplyfckfj.net","109","fobber_dga_ff3fb728"
"uipdyeshplmhqmodq.net","110","fobber_dga_ff3fb728"
"ffnqmeosxrgndqlss.net","111","fobber_dga_ff3fb728"
"racpizlymtqmnsisz.net","112","fobber_dga_ff3fb728"
"sqddhajtcqpgbxuzq.net","113","fobber_dga_ff3fb728"
"faxgklnkemobryxvj.net","114","fobber_dga_ff3fb728"
"rqvkpdsnmomxsihqe.net","115","fobber_dga_ff3fb728"
"dvxqzgkvvanrkdcjy.net","116","fobber_dga_ff3fb728"
"fzlkwtlxcnlgmktqo.net","117","fobber_dga_ff3fb728"
"pfpjpsdohqqkjuajg.net","118","fobber_dga_ff3fb728"
"ayppvfettvcxdosqu.net","119","fobber_dga_ff3fb728"
"quwznwlififjkbrhu.net","120","fobber_dga_ff3fb728"
"yjcsvfuwlhnlpiump.net","121","fobber_dga_ff3fb728"
"wjluspergnieusdqy.net","122","fobber_dga_ff3fb728"
"agrxjkeicnhlrkegx.net","123","fobber_dga_ff3fb728"
"xalkxchekclftmggn.net","124","fobber_dga_ff3fb728"
"gcuqvvignuujagtgm.net","125","fobber_dga_ff3fb728"
"dxxocpvxtgesowjwx.net","126","fobber_dga_ff3fb728"
"nmzrnfvmguuhqtwko.net","127","fobber_dga_ff3fb728"
"hfoghkhpszieqzlxt.net","128","fobber_dga_ff3fb728"
"zahtwdxjwkhakkrtm.net","129","fobber_dga_ff3fb728"
"ahtsvrcvjwwthtwhy.net","130","fobber_dga_ff3fb728"
"hgrwceibjfshvovop.net","131","fobber_dga_ff3fb728"
"aaibkbnkncaxyjiph.net","132","fobber_dga_ff3fb728"
"zqsvhefqxbzmdzwbi.net","133","fobber_dga_ff3fb728"
"czpplrevxhocanmtg.net","134","fobber_dga_ff3fb728"
"nfssvjxpsjbxnnnne.net","135","fobber_dga_ff3fb728"
"caopxcmamyjbmpdjx.net","136","fobber_dga_ff3fb728"
"iwapfmliiiynyupip.net","137","fobber_dga_ff3fb728"
"upfugycewskkkugbi.net","138","fobber_dga_ff3fb728"
"fcdwhvsvxtpsvvogi.net","139","fobber_dga_ff3fb728"
"jiucamipxerdtgbrx.net","140","fobber_dga_ff3fb728"
"vfyhsohxsaaqqvxbh.net","141","fobber_dga_ff3fb728"
"iupcfuynvevwxdmgn.net","142","fobber_dga_ff3fb728"
"twwuaaoqyfjpguhvs.net","143","fobber_dga_ff3fb728"
"htogunltchaotqhjp.net","144","fobber_dga_ff3fb728"
"nuxbrgcdcpogpfxuw.net","145","fobber_dga_ff3fb728"
"peajlgxrbqoeadpad.net","146","fobber_dga_ff3fb728"
"zezvqibtzqbcluoex.net","147","fobber_dga_ff3fb728"
"ziqaybvwtdwpbvmyv.net","148","fobber_dga_ff3fb728"
"jbaxggokstfkgctzs.net","149","fobber_dga_ff3fb728"
"xgrjtphhudgxqkmwu.net","150","fobber_dga_ff3fb728"
"asqxxkjukkywzxhwk.net","151","fobber_dga_ff3fb728"
"lxhzmwsplrnzhkxbw.net","152","fobber_dga_ff3fb728"
"mlukyfzkksbamulfs.net","153","fobber_dga_ff3fb728"
"mcbjoiwbhhnledflx.net","154","fobber_dga_ff3fb728"
"ltfsdzyufdyyridnx.net","155","fobber_dga_ff3fb728"
"dnbfgwiirpznywcmb.net","156","fobber_dga_ff3fb728"
"sqckhaalebvsuqbvv.net","157","fobber_dga_ff3fb728"
"plejrphenceowhzfa.net","158","fobber_dga_ff3fb728"
"sjqrrfbldqtupdpcc.net","159","fobber_dga_ff3fb728"
"xjjdaelbdmqdvzwxu.net","160","fobber_dga_ff3fb728"
"yvcuxfpidoirdvlcj.net","161","fobber_dga_ff3fb728"
"jqrujfrwqzyffgwnr.net","162","fobber_dga_ff3fb728"
"sqqeafgxqkgfdarwm.net","163","fobber_dga_ff3fb728"
"zoobnlxietowbwvru.net","164","fobber_dga_ff3fb728"
"dmjtbnshcfvxmlytj.net","165","fobber_dga_ff3fb728"
"qqbionhvmsklpjrwr.net","166","fobber_dga_ff3fb728"
"dfynklojexrpdagcs.net","167","fobber_dga_ff3fb728"
"zmifuyaiszgsdevky.net","168","fobber_dga_ff3fb728"
"sziaatpcelbbsjzyg.net","169","fobber_dga_ff3fb728"
"toulwebvrmzgeaovs.net","170","fobber_dga_ff3fb728"
"yqffqfmqzimpxccaf.net","171","fobber_dga_ff3fb728"
"nzqtdcuxxiwmxdrlq.net","172","fobber_dga_ff3fb728"
"jtacxyhwjgynyvyxh.net","173","fobber_dga_ff3fb728"
"mcnzpvmsmdumjexpu.net","174","fobber_dga_ff3fb728"
"xjbdxczikbupzkigr.net","175","fobber_dga_ff3fb728"
"ynhqecetcmpbfaymf.net","176","fobber_dga_ff3fb728"
"ylhjpgugvrmnsltcw.net","177","fobber_dga_ff3fb728"
"pkfodfbnlnmlouddu.net","178","fobber_dga_ff3fb728"
"gsjldoolhamvcdczq.net","179","fobber_dga_ff3fb728"
"alwtxhdrmbfkaqtuh.net","180","fobber_dga_ff3fb728"
"nwjhdzcyyrqavbxlf.net","181","fobber_dga_ff3fb728"
"hiwymketrprfrnszb.net","182","fobber_dga_ff3fb728"
"mjhybicsrokulojux.net","183","fobber_dga_ff3fb728"
"cmknxgxhqtqrrniri.net","184","fobber_dga_ff3fb728"
"yejidyddpgjfpjnuy.net","185","fobber_dga_ff3fb728"
"deqydieharyfjczuh.net","186","fobber_dga_ff3fb728"
"evgjdtfvhtvitxllc.net","187","fobber_dga_ff3fb728"
"mfalcyxqkphekcgjd.net","188","fobber_dga_ff3fb728"
"mobgpkqdnasiymbzd.net","189","fobber_dga_ff3fb728"
"yjbpmtmkirzdyddch.net","190","fobber_dga_ff3fb728"
"rskzstrrdvigduezw.net","191","fobber_dga_ff3fb728"
"gwgdgyyfdbqwisjtu.net","192","fobber_dga_ff3fb728"
"prdorofeqssdpqlob.net","193","fobber_dga_ff3fb728"
"jaxpfuzrswwdniolm.net","194","fobber_dga_ff3fb728"
"pgyiycgfluyhtznwp.net","195","fobber_dga_ff3fb728"
"mrtgfydwimlkhpesx.net","196","fobber_dga_ff3fb728"
"dfqqtcthmkscufqot.net","197","fobber_dga_ff3fb728"
"uzmwutxnzppfierkw.net","198","fobber_dga_ff3fb728"
"dmtekexdhjbvfzurg.net","199","fobber_dga_ff3fb728"
"mrxcobbrarvtojanm.net","200","fobber_dga_ff3fb728"
"jwjcsiqamawlrpkzd.net","201","fobber_dga_ff3fb728"
"lhthslqbrtfcesdkl.net","202","fobber_dga_ff3fb728"
"itlmorhlrkbdcwkuz.net","203","fobber_dga_ff3fb728"
"ybxxfskgpzsabdhzo.net","204","fobber_dga_ff3fb728"
"kloeanntbaqpwwhcq.net","205","fobber_dga_ff3fb728"
"edhmiicqapfafigag.net","206","fobber_dga_ff3fb728"
"mpfjuuumfkafwkpww.net","207","fobber_dga_ff3fb728"
"qftwreeggbaqekmbm.net","208","fobber_dga_ff3fb728"
"xkwsegqqumjitlxre.net","209","fobber_dga_ff3fb728"
"bnpdwvkszmlulhjxn.net","210","fobber_dga_ff3fb728"
"qbjlxgnyplggcxfox.net","211","fobber_dga_ff3fb728"
"buxmjixeeuibvxfga.net","212","fobber_dga_ff3fb728"
"yevxijrkweizpocay.net","213","fobber_dga_ff3fb728"
"vdjmvqpldivjcuarx.net","214","fobber_dga_ff3fb728"
"cobjjozfxzadnvzvn.net","215","fobber_dga_ff3fb728"
"ucrzhkiyevxawllez.net","216","fobber_dga_ff3fb728"
"cmnjbshnuyruyruyo.net","217","fobber_dga_ff3fb728"
"odialbnsuwxntzdax.net","218","fobber_dga_ff3fb728"
"dzknlhmbjckfdyrkr.net","219","fobber_dga_ff3fb728"
"lklocuuewuzxqwnjb.net","220","fobber_dga_ff3fb728"
"zwjucghgivhgfalyt.net","221","fobber_dga_ff3fb728"
"atciwfktatcyoglqv.net","222","fobber_dga_ff3fb728"
"zgveislvkdqfuetkv.net","223","fobber_dga_ff3fb728"
"iouffotvoghwsliob.net","224","fobber_dga_ff3fb728"
"gqsgjgdmspvmqsubm.net","225","fobber_dga_ff3fb728"
"chzmanebpsffopqsy.net","226","fobber_dga_ff3fb728"
"bygfktpcsuyidumdp.net","227","fobber_dga_ff3fb728"
"xeajepyogqmcjtjfy.net","228","fobber_dga_ff3fb728"
"lrgxwsixrhonlvxxb.net","229","fobber_dga_ff3fb728"
"oxrdpheoxvkcjcaic.net","230","fobber_dga_ff3fb728"
"yfnthjickhnqqhihr.net","231","fobber_dga_ff3fb728"
"zlelphnjifgwbsmbt.net","232","fobber_dga_ff3fb728"
"dbbbysvicxqxsllkd.net","233","fobber_dga_ff3fb728"
"tlfhdgjnmuxqxxjug.net","234","fobber_dga_ff3fb728"
"xgrfifatjtxhpluno.net","235","fobber_dga_ff3fb728"
"adbhahxbbjvnhqvsi.net","236","fobber_dga_ff3fb728"
"npjlrzkchbuxwswdo.net","237","fobber_dga_ff3fb728"
"whbqgvtpxpvqpdjgf.net","238","fobber_dga_ff3fb728"
"mmbhkhzkxcpscrgox.net","239","fobber_dga_ff3fb728"
"mrkrrmsogajlphleb.net","240","fobber_dga_ff3fb728"
"xaamfjkacparrpwru.net","241","fobber_dga_ff3fb728"
"sixuxccmndcgekpqc.net","242","fobber_dga_ff3fb728"
"wvqepmqsonukotfxs.net","243","fobber_dga_ff3fb728"
"elxjrvicgywdgyiwh.net","244","fobber_dga_ff3fb728"
"ppbcekzkrhoekatbi.net","245","fobber_dga_ff3fb728"
"sltuxjapvjktnzivb.net","246","fobber_dga_ff3fb728"
"uvlamodkirlflmgya.net","247","fobber_dga_ff3fb728"
"hlhqqurbwwnoealln.net","248","fobber_dga_ff3fb728"
"qtofngfdsmhzweviv.net","249","fobber_dga_ff3fb728"
"ujublxpvoiiyxjnhx.net","250","fobber_dga_ff3fb728"
"drusoqglcvrxmmfol.net","251","fobber_dga_ff3fb728"
"lewpzozzuqlfzutyj.net","252","fobber_dga_ff3fb728"
"mhbbdxqwnixfplumf.net","253","fobber_dga_ff3fb728"
"qdklotayyhtbojayk.net","254","fobber_dga_ff3fb728"
"gkosiwifutyjdgcgq.net","255","fobber_dga_ff3fb728"
"vvcwjhybrredyqtbt.net","256","fobber_dga_ff3fb728"
"kosmghqxwzptopbif.net","257","fobber_dga_ff3fb728"
"wtbjfgnbnftqjauao.net","258","fobber_dga_ff3fb728"
"pssbkwtszotaspajv.net","259","fobber_dga_ff3fb728"
"eoxsrihuafnrwuoqb.net","260","fobber_dga_ff3fb728"
"fdfcyhmcdwwlwmtgh.net","261","fobber_dga_ff3fb728"
"sjsdqyiqtawqlmjor.net","262","fobber_dga_ff3fb728"
"pukgwpjgwavskixxc.net","263","fobber_dga_ff3fb728"
"qbiipkmvoxmaberig.net","264","fobber_dga_ff3fb728"
"trayuhsdljzohffkk.net","265","fobber_dga_ff3fb728"
"juscmgowenjxfknfh.net","266","fobber_dga_ff3fb728"
"rhukqkajqgrqhnxsp.net","267","fobber_dga_ff3fb728"
"ilzkojumbiukzepvj.net","268","fobber_dga_ff3fb728"
"mijceviwqrvyszrcd.net","269","fobber_dga_ff3fb728"
"cbnoioiyaxeajwqat.net","270","fobber_dga_ff3fb728"
"ftwsldgsxysldaqfp.net","271","fobber_dga_ff3fb728"
"fvkxnhchvpuptqiqu.net","272","fobber_dga_ff3fb728"
"evcvcjfnreiyfhums.net","273","fobber_dga_ff3fb728"
"kmdebgcdxordxmyaf.net","274","fobber_dga_ff3fb728"
"wwlddyybdialbqzky.net","275","fobber_dga_ff3fb728"
"tcbrhwfljdsnemyft.net","276","fobber_dga_ff3fb728"
"qxwqcgjbsikwjuhim.net","277","fobber_dga_ff3fb728"
"zcfqyouupmewphrub.net","278","fobber_dga_ff3fb728"
"znnyqzpmxxamqyies.net","279","fobber_dga_ff3fb728"
"dxeqiajhktbdddlak.net","280","fobber_dga_ff3fb728"
"yomaebzlsinlytabp.net","281","fobber_dga_ff3fb728"
"kqfkxfruovrqvchte.net","282","fobber_dga_ff3fb728"
"ucxhnjblzylfpsydk.net","283","fobber_dga_ff3fb728"
"dgcrwysklrrlvkgyo.net","284","fobber_dga_ff3fb728"
"twvfmrqioppvienlp.net","285","fobber_dga_ff3fb728"
"hztmvfeqrhwunvhvo.net","286","fobber_dga_ff3fb728"
"tiapqndjbeoqfnyjd.net","287","fobber_dga_ff3fb728"
"zlcacccqyhshoqycc.net","288","fobber_dga_ff3fb728"
"ugovykiwouxhdlrtj.net","289","fobber_dga_ff3fb728"
"wocctmuequihogthl.net","290","fobber_dga_ff3fb728"
"aegqdrswgitmmitfx.net","291","fobber_dga_ff3fb728"
"ilewetdbqxwwotpdz.net","292","fobber_dga_ff3fb728"
"bctqdlevgzzpcpayr.net","293","fobber_dga_ff3fb728"
"mqupsqypbscfbyjyk.net","294","fobber_dga_ff3fb728"
"lyljcvsnamunscmkt.net","295","fobber_dga_ff3fb728"
"rhajltlqwfnziyenl.net","296","fobber_dga_ff3fb728"
"muarqmwufxcosuqpz.net","297","fobber_dga_ff3fb728"
"klciaqpacbobjfffc.net","298","fobber_dga_ff3fb728"
"bawnzaqqtlflnzoze.net","299","fobber_dga_ff3fb728"
"whcfgczxkuutlaodv.net","300","fobber_dga_ff3fb728"
"rqavtcvwktpgfzyam.net","301","fobber_dga_ff3fb728"
"xckrdgxyavegpcmfu.net","302","fobber_dga_ff3fb728"
"oavnrbnupwgtuzqvz.net","303","fobber_dga_ff3fb728"
"qgtesvjlfspublagu.net","304","fobber_dga_ff3fb728"
"fjvbjehkdyvrhknjv.net","305","fobber_dga_ff3fb728"
"bnxcjjzdhqzyclwko.net","306","fobber_dga_ff3fb728"
"mdeaugxkgoocnxblo.net","307","fobber_dga_ff3fb728"
"ooywoacpgbqekyhnr.net","308","fobber_dga_ff3fb728"
"ncnqnqtuueoungify.net","309","fobber_dga_ff3fb728"
"tfilwktbmkuslosdk.net","310","fobber_dga_ff3fb728"
"brbvsumvjqntorzdk.net","311","fobber_dga_ff3fb728"
"wbyfwjmxxckmomobr.net","312","fobber_dga_ff3fb728"
"fprxyilqhejjbcbgq.net","313","fobber_dga_ff3fb728"
"vnamucmfaujpqinyc.net","314","fobber_dga_ff3fb728"
"uffjuymyjxgjtlemf.net","315","fobber_dga_ff3fb728"
"qrsjfrnrxrgpvkwct.net","316","fobber_dga_ff3fb728"
"hgrllonhtqqephkwo.net","317","fobber_dga_ff3fb728"
"nocjaexwuawrrmxkz.net","318","fobber_dga_ff3fb728"
"ewkqwgsjbilkobvqi.net","319","fobber_dga_ff3fb728"
"cnsjyywqtckmveztg.net","320","fobber_dga_ff3fb728"
"hqzrvggppjdwxmgxh.net","321","fobber_dga_ff3fb728"
"qvoazxpgblbsorzqu.net","322","fobber_dga_ff3fb728"
"iexkrkrpxtnavzemp.net","323","fobber_dga_ff3fb728"
"tzbcrjnxbwmmheysv.net","324","fobber_dga_ff3fb728"
"mejbpyapnhgxpzwol.net","325","fobber_dga_ff3fb728"
"bckrigwjrxjqrksob.net","326","fobber_dga_ff3fb728"
"zyismsmbcybyqlcjk.net","327","fobber_dga_ff3fb728"
"lqezfdpnjovklsnho.net","328","fobber_dga_ff3fb728"
"gsntdkkrcatruoedn.net","329","fobber_dga_ff3fb728"
"cnycmvxrrutxmucht.net","330","fobber_dga_ff3fb728"
"jwtvkbodxzaupuagp.net","331","fobber_dga_ff3fb728"
"mxedgupagsetasxzr.net","332","fobber_dga_ff3fb728"
"emrbzstkjwqzkfzhl.net","333","fobber_dga_ff3fb728"
"mwtzvsgtfdcryiskr.net","334","fobber_dga_ff3fb728"
"zufjmwlgshbjgwaeg.net","335","fobber_dga_ff3fb728"
"mjhblfcjhcpogjcyh.net","336","fobber_dga_ff3fb728"
"nyakipekguayceixd.net","337","fobber_dga_ff3fb728"
"hhrkqndxgpsojexyi.net","338","fobber_dga_ff3fb728"
"aobfjwnneasgsjmgv.net","339","fobber_dga_ff3fb728"
"shcdvxjkuhlsvjwxr.net","340","fobber_dga_ff3fb728"
"vizrjjzkwcmkqlqvw.net","341","fobber_dga_ff3fb728"
"nmrjfqpkfxpujfqga.net","342","fobber_dga_ff3fb728"
"wmyzolatsbpqfwotn.net","343","fobber_dga_ff3fb728"
"kbytgxrrqpkjpeahi.net","344","fobber_dga_ff3fb728"
"trkrdcoerjewopryv.net","345","fobber_dga_ff3fb728"
"ynossnlmzfnyuxrbt.net","346","fobber_dga_ff3fb728"
"pjxczoafmszeixxag.net","347","fobber_dga_ff3fb728"
"pipkqwkavmhqwlduu.net","348","fobber_dga_ff3fb728"
"vvizxxqzbxbichbwa.net","349","fobber_dga_ff3fb728"
"fdclmrpfrkyricfio.net","350","fobber_dga_ff3fb728"
"nflcpitjumpvyjovv.net","351","fobber_dga_ff3fb728"
"igdawmldmezgewtqv.net","352","fobber_dga_ff3fb728"
"ukzxskakopsxjvjxg.net","353","fobber_dga_ff3fb728"
"nqsaqxhmjhesbjsnn.net","354","fobber_dga_ff3fb728"
"llfsvygvnhgqnnwmh.net","355","fobber_dga_ff3fb728"
"iywywcldodvrvvrbv.net","356","fobber_dga_ff3fb728"
"zyutpqqaagtghiqio.net","357","fobber_dga_ff3fb728"
"pxifjrijvzftxolgm.net","358","fobber_dga_ff3fb728"
"mnbefmnemldmmewhv.net","359","fobber_dga_ff3fb728"
"mxalpnskudptioggt.net","360","fobber_dga_ff3fb728"
"zikdxgqhhnldzfnhh.net","361","fobber_dga_ff3fb728"
"wmyjqrzjpbfqusvno.net","362","fobber_dga_ff3fb728"
"tauysxixrudhzpzje.net","363","fobber_dga_ff3fb728"
"gajervzomsqgdnqyd.net","364","fobber_dga_ff3fb728"
"dftmylfzlpedmjinm.net","365","fobber_dga_ff3fb728"
"xcaapryujpyubebko.net","366","fobber_dga_ff3fb728"
"jagqvqsvoroesztxr.net","367","fobber_dga_ff3fb728"
"mtkjqgxmvpvukrzar.net","368","fobber_dga_ff3fb728"
"eonhlgknrszynkyjx.net","369","fobber_dga_ff3fb728"
"jvmgabykgbwikzner.net","370","fobber_dga_ff3fb728"
"vdyvspzyhixiiedqd.net","371","fobber_dga_ff3fb728"
"dewfuytxvbsxydrko.net","372","fobber_dga_ff3fb728"
"vewyptpfrzgevhfvn.net","373","fobber_dga_ff3fb728"
"hefiydgwbuktihgpy.net","374","fobber_dga_ff3fb728"
"sfzhskizfeqynwulh.net","375","fobber_dga_ff3fb728"
"npzsgrwtchmtlnjtq.net","376","fobber_dga_ff3fb728"
"jmpmtkmgzwbcuaopp.net","377","fobber_dga_ff3fb728"
"oucrxqxjltmeepfht.net","378","fobber_dga_ff3fb728"
"dbhjqkagkaifkssxy.net","379","fobber_dga_ff3fb728"
"dqelnrwpusfgzhtpv.net","380","fobber_dga_ff3fb728"
"xfhmakjwklefxcvrm.net","381","fobber_dga_ff3fb728"
"kvpstsjmfdohllgnr.net","382","fobber_dga_ff3fb728"
"hbtrylkpltthhqawf.net","383","fobber_dga_ff3fb728"
"nxwmafxkwuldrciqv.net","384","fobber_dga_ff3fb728"
"lghabqzquqrxemefh.net","385","fobber_dga_ff3fb728"
"fhmqvkteefngwslsl.net","386","fobber_dga_ff3fb728"
"cczhybfteyeysjluh.net","387","fobber_dga_ff3fb728"
"yvuxiswrxlgbfmdbl.net","388","fobber_dga_ff3fb728"
"bvmyuarmahjxpiwwt.net","389","fobber_dga_ff3fb728"
"hhiuqqkrvbkobzpye.net","390","fobber_dga_ff3fb728"
"uxztognffrxppkntx.net","391","fobber_dga_ff3fb728"
"qbsdwzungzhshsplz.net","392","fobber_dga_ff3fb728"
"dukyybrootjdevcrz.net","393","fobber_dga_ff3fb728"
"amszpgatevqyzlwli.net","394","fobber_dga_ff3fb728"
"qfnfamjaptjvbzraa.net","395","fobber_dga_ff3fb728"
"zvgubdtwbunmnjpmr.net","396","fobber_dga_ff3fb728"
"qamvxwpgdrayiebfx.net","397","fobber_dga_ff3fb728"
"mdmfrpyygcjcmiesq.net","398","fobber_dga_ff3fb728"
"tooahoawvjbzoersb.net","399","fobber_dga_ff3fb728"
"wrgtqfxomahnggtdu.net","400","fobber_dga_ff3fb728"
"rvrzbusrrcuiiawgl.net","401","fobber_dga_ff3fb728"
"xhkbrtrouodotazrz.net","402","fobber_dga_ff3fb728"
"euheekrjemhsmuwfn.net","403","fobber_dga_ff3fb728"
"zonbfgmyeisvvccov.net","404","fobber_dga_ff3fb728"
"hhxazdatrsimmgadh.net","405","fobber_dga_ff3fb728"
"vhhpzjozelysvzpik.net","406","fobber_dga_ff3fb728"
"axizinrcjxttxmzdk.net","407","fobber_dga_ff3fb728"
"mjxypnjgjtsubqbqc.net","408","fobber_dga_ff3fb728"
"clughomzqcwsetnwh.net","409","fobber_dga_ff3fb728"
"ityzkeaywhgyzujjh.net","410","fobber_dga_ff3fb728"
"zuqunuteccmcmjfoh.net","411","fobber_dga_ff3fb728"
"zqevmprerqtjefxgm.net","412","fobber_dga_ff3fb728"
"dgfskmylwtomznpbe.net","413","fobber_dga_ff3fb728"
"wmjzdnhiejvosmfax.net","414","fobber_dga_ff3fb728"
"adnrzorbbheotocrc.net","415","fobber_dga_ff3fb728"
"hxdlepbtzryhtxjbg.net","416","fobber_dga_ff3fb728"
"iwilhpwjhpdtmukhu.net","417","fobber_dga_ff3fb728"
"mcqbpzkcrdydyivei.net","418","fobber_dga_ff3fb728"
"cjphpyufijbxzlnrt.net","419","fobber_dga_ff3fb728"
"veywhkeschbgcbahl.net","420","fobber_dga_ff3fb728"
"kyihvhazwyyzgzsck.net","421","fobber_dga_ff3fb728"
"jzkundkuezatvyuhx.net","422","fobber_dga_ff3fb728"
"nanbculolimwujmol.net","423","fobber_dga_ff3fb728"
"disiuwuugamhlsugp.net","424","fobber_dga_ff3fb728"
"etfvcgdqcrbyhgdpo.net","425","fobber_dga_ff3fb728"
"bvphhwkhoywwfunil.net","426","fobber_dga_ff3fb728"
"yihivngxecctcekoa.net","427","fobber_dga_ff3fb728"
"anxpfutywxcblmhkq.net","428","fobber_dga_ff3fb728"
"cbnujjrgnacazjics.net","429","fobber_dga_ff3fb728"
"mlyzpsyhxggufjxdb.net","430","fobber_dga_ff3fb728"
"dhqeoogynuvwkljgl.net","431","fobber_dga_ff3fb728"
"qnwwxqqhywiqkoybo.net","432","fobber_dga_ff3fb728"
"xgchwbeyijsyfxazd.net","433","fobber_dga_ff3fb728"
"ayrexylsgcxvkupwd.net","434","fobber_dga_ff3fb728"
"xfvrvksiyocaqevjz.net","435","fobber_dga_ff3fb728"
"djmucxdjhhvptzbbl.net","436","fobber_dga_ff3fb728"
"plmkwcrvpzsndkxvc.net","437","fobber_dga_ff3fb728"
"lvkutekkxjozuziui.net","438","fobber_dga_ff3fb728"
"jobucxlxowvhvucyv.net","439","fobber_dga_ff3fb728"
"yrjxxkdjdvgwxmzkc.net","440","fobber_dga_ff3fb728"
"dxvuhgocirsjkfzkc.net","441","fobber_dga_ff3fb728"
"pvjghkigtlwawfdgr.net","442","fobber_dga_ff3fb728"
"yfcdomggpvfgjtzjk.net","443","fobber_dga_ff3fb728"
"wnoxfghklgmoptair.net","444","fobber_dga_ff3fb728"
"iigimeoihulaosuxm.net","445","fobber_dga_ff3fb728"
"lijnbgxpustirwtpq.net","446","fobber_dga_ff3fb728"
"tfsewcaadckmxrwey.net","447","fobber_dga_ff3fb728"
"jldmgpyqlwhkztsbm.net","448","fobber_dga_ff3fb728"
"deiikgodhwitiqiwc.net","449","fobber_dga_ff3fb728"
"ppssmelfalojdgilk.net","450","fobber_dga_ff3fb728"
"zyqavidpiinuagzbi.net","451","fobber_dga_ff3fb728"
"iwygamwnfpbicsznd.net","452","fobber_dga_ff3fb728"
"timfujrfbystfytzm.net","453","fobber_dga_ff3fb728"
"jkxfcffigpzklovnr.net","454","fobber_dga_ff3fb728"
"pfmeamgoowwpitcwb.net","455","fobber_dga_ff3fb728"
"ldtqbnfaptrrjluht.net","456","fobber_dga_ff3fb728"
"nlkitofsulndquchv.net","457","fobber_dga_ff3fb728"
"oqhjuimzlqlyjvfhu.net","458","fobber_dga_ff3fb728"
"xupatniunsqcrrotp.net","459","fobber_dga_ff3fb728"
"xpsbnghqugnvumapm.net","460","fobber_dga_ff3fb728"
"usksydfvduvkarjli.net","461","fobber_dga_ff3fb728"
"fdvphvwgudihwcyqh.net","462","fobber_dga_ff3fb728"
"edcwkfmcslwitayop.net","463","fobber_dga_ff3fb728"
"onwwcgzcprmbytlef.net","464","fobber_dga_ff3fb728"
"ndmyovmtipsuoxqmi.net","465","fobber_dga_ff3fb728"
"nycxlygfdxoqwrmlf.net","466","fobber_dga_ff3fb728"
"fbduugflsmsuxxagf.net","467","fobber_dga_ff3fb728"
"lgdtadgnchsmajsbi.net","468","fobber_dga_ff3fb728"
"bjkpozpxzurnimrlu.net","469","fobber_dga_ff3fb728"
"ddetldmvdnezsnydz.net","470","fobber_dga_ff3fb728"
"ntyrgdioqkottlubb.net","471","fobber_dga_ff3fb728"
"eyohdlatxiddtrnyn.net","472","fobber_dga_ff3fb728"
"sfcninkletyjczihi.net","473","fobber_dga_ff3fb728"
"rgdruesheoijjgwjb.net","474","fobber_dga_ff3fb728"
"aavjpxcbgvldaiqmf.net","475","fobber_dga_ff3fb728"
"jdcruwmeulurnxrdt.net","476","fobber_dga_ff3fb728"
"ibbekuhryfzbuceez.net","477","fobber_dga_ff3fb728"
"oxkrlpmpncmykiuwz.net","478","fobber_dga_ff3fb728"
"xjjvfukdpfsiqpybe.net","479","fobber_dga_ff3fb728"
"ktkrbvboqnxhltiyc.net","480","fobber_dga_ff3fb728"
"ufqunjtqwaeivotwn.net","481","fobber_dga_ff3fb728"
"hyugcwovbuvmsevhx.net","482","fobber_dga_ff3fb728"
"mcdnnmeqgzgdpctll.net","483","fobber_dga_ff3fb728"
"isyikxqzwgbtkalmp.net","484","fobber_dga_ff3fb728"
"xkaqtfafhtikukzsf.net","485","fobber_dga_ff3fb728"
"mzwcqhvsirhsudsyx.net","486","fobber_dga_ff3fb728"
"igpxkmadpjeuzojss.net","487","fobber_dga_ff3fb728"
"byoeghzklccxrashs.net","488","fobber_dga_ff3fb728"
"nbjysvlozlacqyflt.net","489","fobber_dga_ff3fb728"
"elxiqhtxejwxisoty.net","490","fobber_dga_ff3fb728"
"rfxcpasebxwochdun.net","491","fobber_dga_ff3fb728"
"knwrwwgmzqktnhflg.net","492","fobber_dga_ff3fb728"
"mgyllxefmxkerttpb.net","493","fobber_dga_ff3fb728"
"dgchipgjiffjbqgzk.net","494","fobber_dga_ff3fb728"
"ujqdutxkbdjweblxe.net","495","fobber_dga_ff3fb728"
"ecjikohuabyygbnpo.net","496","fobber_dga_ff3fb728"
"xsvsbrcwewlhnrmbn.net","497","fobber_dga_ff3fb728"
"jvrgoqgcgtpfxkpgt.net","498","fobber_dga_ff3fb728"
"jtujbmkzsegqcrcim.net","499","fobber_dga_ff3fb728"
"jxplhhovsgowotfqg.net","500","fobber_dga_ff3fb728"
"cipobqyrujbseuaeo.net","501","fobber_dga_ff3fb728"
"apigglcxclpgcqnez.net","502","fobber_dga_ff3fb728"
"evyrnnumgffcwvzve.net","503","fobber_dga_ff3fb728"
"ncqovnjxvgjchmdkv.net","504","fobber_dga_ff3fb728"
"wabpcgdzmcgfnverc.net","505","fobber_dga_ff3fb728"
"pfscshbqajrpgdgli.net","506","fobber_dga_ff3fb728"
"iojgrtettsdynjwtp.net","507","fobber_dga_ff3fb728"
"pmgkfubxcqgpwmtsw.net","508","fobber_dga_ff3fb728"
"bvplmkqolctxhglce.net","509","fobber_dga_ff3fb728"
"kgajfcmvrvnwzleoz.net","510","fobber_dga_ff3fb728"
"kisyvucxsfdfhqong.net","511","fobber_dga_ff3fb728"
"aacbyjaqkjdnjxnrn.net","512","fobber_dga_ff3fb728"
"tteslmyudinnrbfqn.net","513","fobber_dga_ff3fb728"
"apwucfzxhupyohdga.net","514","fobber_dga_ff3fb728"
"mqtbswaosizgdxcdo.net","515","fobber_dga_ff3fb728"
"ayoidrcknumegykyv.net","516","fobber_dga_ff3fb728"
"qgtiepqoxsapycrfa.net","517","fobber_dga_ff3fb728"
"rgqjxgstfxsebmolk.net","518","fobber_dga_ff3fb728"
"dcbtqclznlojpbvfa.net","519","fobber_dga_ff3fb728"
"rxknotvlwuqolndqz.net","520","fobber_dga_ff3fb728"
"pwaxokdjqljfkxupi.net","521","fobber_dga_ff3fb728"
"mrykzpgntnkadddtm.net","522","fobber_dga_ff3fb728"
"njrbqkyigjzljdlyr.net","523","fobber_dga_ff3fb728"
"wenoawlxjugcvgokm.net","524","fobber_dga_ff3fb728"
"lqggxolryasgxjsrt.net","525","fobber_dga_ff3fb728"
"qlcjwmedofqzwhvam.net","526","fobber_dga_ff3fb728"
"zzosdkgkwbwjbpegj.net","527","fobber_dga_ff3fb728"
"gdenqizuzkttummqf.net","528","fobber_dga_ff3fb728"
"uinjwmjgfursipmtt.net","529","fobber_dga_ff3fb728"
"sebsbiomkfewlqjiw.net","530","fobber_dga_ff3fb728"
"ohwvpvfgwwlthbmao.net","531","fobber_dga_ff3fb728"
"texaktfbfildqxrdk.net","532","fobber_dga_ff3fb728"
"lonrvrsfspomwktwe.net","533","fobber_dga_ff3fb728"
"hzeujtwpqpcpfoofs.net","534","fobber_dga_ff3fb728"
"jqkppiselzmdexryi.net","535","fobber_dga_ff3fb728"
"gjuvoyvfdetgvxrmh.net","536","fobber_dga_ff3fb728"
"fibfodthacxtzlygo.net","537","fobber_dga_ff3fb728"
"ipjwwjigazbuchwzu.net","538","fobber_dga_ff3fb728"
"bbowqxqgtqbhajznq.net","539","fobber_dga_ff3fb728"
"hvjjlegwrdgvpqufx.net","540","fobber_dga_ff3fb728"
"fwpqfonhcalqdzley.net","541","fobber_dga_ff3fb728"
"lvhpitgyvodxwwciv.net","542","fobber_dga_ff3fb728"
"vgwjyqkurhyqaagzz.net","543","fobber_dga_ff3fb728"
"cgagmvyxeivzoigda.net","544","fobber_dga_ff3fb728"
"bfmvrvtfomjgodosk.net","545","fobber_dga_ff3fb728"
"kfrfduorlvdhztqeu.net","546","fobber_dga_ff3fb728"
"crywbsxeitfwxbmhs.net","547","fobber_dga_ff3fb728"
"mrwhtibwmtvcevhns.net","548","fobber_dga_ff3fb728"
"jepcetvxdresvvxde.net","549","fobber_dga_ff3fb728"
"jagjgaugzpkdwarst.net","550","fobber_dga_ff3fb728"
"hzjdnxuninziylosp.net","551","fobber_dga_ff3fb728"
"tfeodugomlrweghvf.net","552","fobber_dga_ff3fb728"
"xpnfhzqktmqymruqi.net","553","fobber_dga_ff3fb728"
"eqlcdlkexbxyfxxrr.net","554","fobber_dga_ff3fb728"
"scxcnetrtydizkfrp.net","555","fobber_dga_ff3fb728"
"mqqhfjegwccsspkji.net","556","fobber_dga_ff3fb728"
"ajbuglucnalyrkhje.net","557","fobber_dga_ff3fb728"
"izkchsghmtjihkmyr.net","558","fobber_dga_ff3fb728"
"dmiaksvnsridjeuvo.net","559","fobber_dga_ff3fb728"
"uekhvpjxglehahgse.net","560","fobber_dga_ff3fb728"
"fqmsnloiofocqmndg.net","561","fobber_dga_ff3fb728"
"vcfgfiznddejbawpm.net","562","fobber_dga_ff3fb728"
"wujkcvtmtcnqclcrf.net","563","fobber_dga_ff3fb728"
"twsnssszqzqlqijtk.net","564","fobber_dga_ff3fb728"
"fmjalrzfrwpbdxcny.net","565","fobber_dga_ff3fb728"
"qnrzrydpkkfinhtlj.net","566","fobber_dga_ff3fb728"
"dftrjoozuajncdtoc.net","567","fobber_dga_ff3fb728"
"orvovivfaurthyeoa.net","568","fobber_dga_ff3fb728"
"otxyvvnqvukacfzen.net","569","fobber_dga_ff3fb728"
"ncoujvomyglbtszpm.net","570","fobber_dga_ff3fb728"
"ausqiovzbnsxsbvzr.net","571","fobber_dga_ff3fb728"
"nfauggwuacbjdpsbb.net","572","fobber_dga_ff3fb728"
"fmalxungdtzqdapah.net","573","fobber_dga_ff3fb728"
"nykzjrkesrdipabrf.net","574","fobber_dga_ff3fb728"
"dpxdushnssjzebeaq.net","575","fobber_dga_ff3fb728"
"jtmcuweudsmradacv.net","576","fobber_dga_ff3fb728"
"mjodoegyvfggjelfl.net","577","fobber_dga_ff3fb728"
"gliveyvblwrhcgnsg.net","578","fobber_dga_ff3fb728"
"eszyxulnxajfmkuvz.net","579","fobber_dga_ff3fb728"
"bxtadealnbyvbexfu.net","580","fobber_dga_ff3fb728"
"fourhrsczfyshoajy.net","581","fobber_dga_ff3fb728"
"dlostahmjwzbssrix.net","582","fobber_dga_ff3fb728"
"ciwdtfthlpkupodmj.net","583","fobber_dga_ff3fb728"
"rnyglglepsghyzuej.net","584","fobber_dga_ff3fb728"
"exwdgfduiclbxpwzk.net","585","fobber_dga_ff3fb728"
"uruseridzeyphybvt.net","586","fobber_dga_ff3fb728"
"kuemjnomvodcfubcu.net","587","fobber_dga_ff3fb728"
"eliluxwcbzemkxrfr.net","588","fobber_dga_ff3fb728"
"xuvfmrhxemfjigilu.net","589","fobber_dga_ff3fb728"
"ailglggzdggjnkkck.net","590","fobber_dga_ff3fb728"
"fphipgotnkkjilbuu.net","591","fobber_dga_ff3fb728"
"wjqtivkgtlbswmlyi.net","592","fobber_dga_ff3fb728"
"famyspnzvniabguhq.net","593","fobber_dga_ff3fb728"
"qfaxbfmltuunsamby.net","594","fobber_dga_ff3fb728"
"dkcrsqynwvynbttyx.net","595","fobber_dga_ff3fb728"
"ryubdtdafpgpqrvwy.net","596","fobber_dga_ff3fb728"
"bpayzhtfeziaczxgo.net","597","fobber_dga_ff3fb728"
"mhknguctepmwokgjw.net","598","fobber_dga_ff3fb728"
"uyefvnjhxyoutcqmr.net","599","fobber_dga_ff3fb728"
"zpukyztbfaeaxcfao.net","600","fobber_dga_ff3fb728"
"wvkqpqtivxsyfgeio.net","601","fobber_dga_ff3fb728"
"vlmvblptqvujxvobd.net","602","fobber_dga_ff3fb728"
"gnpjzjhiuamsxqkca.net","603","fobber_dga_ff3fb728"
"akefmqrdqielgbjqy.net","604","fobber_dga_ff3fb728"
"smbeatzrovhxiaczt.net","605","fobber_dga_ff3fb728"
"juhyjhzfsateittqt.net","606","fobber_dga_ff3fb728"
"twgxoemdwtholyrrg.net","607","fobber_dga_ff3fb728"
"bgwxubdkagunalhct.net","608","fobber_dga_ff3fb728"
"zelweiefiytgbzshp.net","609","fobber_dga_ff3fb728"
"rdpzumvuxsvwhlvgm.net","610","fobber_dga_ff3fb728"
"mdkyvvgcgvrpmtcpt.net","611","fobber_dga_ff3fb728"
"gvudopismewgkoarr.net","612","fobber_dga_ff3fb728"
"shssxcpnvnqvkaufn.net","613","fobber_dga_ff3fb728"
"jxfpnuxktcdnrzdli.net","614","fobber_dga_ff3fb728"
"nlvluqgewdgggkbfr.net","615","fobber_dga_ff3fb728"
"lezleplfigmpqjsnj.net","616","fobber_dga_ff3fb728"
"tfnhokmmsgquifmjh.net","617","fobber_dga_ff3fb728"
"ooqlxuamnlwlzvdac.net","618","fobber_dga_ff3fb728"
"jluodjbthwmmhlvnh.net","619","fobber_dga_ff3fb728"
"tcmomcytxzlhikodr.net","620","fobber_dga_ff3fb728"
"mqrytjfhlazatorrz.net","621","fobber_dga_ff3fb728"
"rdowyaqmwufeqsybr.net","622","fobber_dga_ff3fb728"
"pruwsnkdnlumctsey.net","623","fobber_dga_ff3fb728"
"qcqfuesidwclxuigl.net","624","fobber_dga_ff3fb728"
"pafkqhhijrmdxcwrc.net","625","fobber_dga_ff3fb728"
"aftrzjzgwfmljgrcw.net","626","fobber_dga_ff3fb728"
"baqwguusvjxukyxqd.net","627","fobber_dga_ff3fb728"
"pgveantnccshtucvh.net","628","fobber_dga_ff3fb728"
"nfdephulookdrnjvj.net","629","fobber_dga_ff3fb728"
"sblyyznwcvwhmjqxu.net","630","fobber_dga_ff3fb728"
"pofwwuyykxesfzezo.net","631","fobber_dga_ff3fb728"
"xvgywfxtlapcelpdd.net","632","fobber_dga_ff3fb728"
"dmhqtmfblurluexch.net","633","fobber_dga_ff3fb728"
"lwwyzoxkhhmiemdjt.net","634","fobber_dga_ff3fb728"
"ambjonclpnyuuxjzf.net","635","fobber_dga_ff3fb728"
"gdpppfwoobittwqlm.net","636","fobber_dga_ff3fb728"
"oqsysnuoltjbmscqk.net","637","fobber_dga_ff3fb728"
"sysawoopzotxbnjdb.net","638","fobber_dga_ff3fb728"
"dhfsfqtdbzaiegjhb.net","639","fobber_dga_ff3fb728"
"mtkombzpqrrbwutby.net","640","fobber_dga_ff3fb728"
"kzzxwnewnzzrsbwtk.net","641","fobber_dga_ff3fb728"
"vzrgowbblboxxsifi.net","642","fobber_dga_ff3fb728"
"pefexmtzjbhnllyrg.net","643","fobber_dga_ff3fb728"
"csyfsnsiihpltrnmm.net","644","fobber_dga_ff3fb728"
"mutckuuzljkqphevd.net","645","fobber_dga_ff3fb728"
"avroiqqrlpypwwkyd.net","646","fobber_dga_ff3fb728"
"vzuopketsrtaqttgk.net","647","fobber_dga_ff3fb728"
"gpcnndvlkiqwohzrj.net","648","fobber_dga_ff3fb728"
"toyiptzuxzdbefavc.net","649","fobber_dga_ff3fb728"
"vbsfxwtckuhynihmt.net","650","fobber_dga_ff3fb728"
"vtykbhkuznptgshie.net","651","fobber_dga_ff3fb728"
"jnuuffhbakmtxfgnh.net","652","fobber_dga_ff3fb728"
"aplrzqxvdpwcfninp.net","653","fobber_dga_ff3fb728"
"otxvkstpowypdyklh.net","654","fobber_dga_ff3fb728"
"jalgpdnyecjhcekfy.net","655","fobber_dga_ff3fb728"
"iffrixqxozszkiqpi.net","656","fobber_dga_ff3fb728"
"prugwmibavmjvigyj.net","657","fobber_dga_ff3fb728"
"nmrwbnbucgdqaqpyj.net","658","fobber_dga_ff3fb728"
"owqbsuthyhfxjbfuw.net","659","fobber_dga_ff3fb728"
"jltefvwtprfkltvjw.net","660","fobber_dga_ff3fb728"
"xxjnlzmmdasimotpw.net","661","fobber_dga_ff3fb728"
"zfkaexllxhxkwggko.net","662","fobber_dga_ff3fb728"
"cncucetbsyzgefbua.net","663","fobber_dga_ff3fb728"
"elyfnlmxybyetjqsw.net","664","fobber_dga_ff3fb728"
"ehomksbsogdjrevqu.net","665","fobber_dga_ff3fb728"
"azvqlsuixcqlhffir.net","666","fobber_dga_ff3fb728"
"hkqdmganoxfudcnnw.net","667","fobber_dga_ff3fb728"
"taeuldfmbxnlrmwey.net","668","fobber_dga_ff3fb728"
"pnbrazyyvkhcghyfa.net","669","fobber_dga_ff3fb728"
"xplsbkctyjvkrosat.net","670","fobber_dga_ff3fb728"
"lbmkbilxrpthhtmhq.net","671","fobber_dga_ff3fb728"
"jfksevemavkazaiwg.net","672","fobber_dga_ff3fb728"
"mpqmallwihxpfrcea.net","673","fobber_dga_ff3fb728"
"ptyzqagcixppklhjp.net","674","fobber_dga_ff3fb728"
"kzsneiwppygfmpfyg.net","675","fobber_dga_ff3fb728"
"xarhyepmjbnaryxft.net","676","fobber_dga_ff3fb728"
"scynxlgxjqpgwxqop.net","677","fobber_dga_ff3fb728"
"oogjlcucpbdskcfur.net","678","fobber_dga_ff3fb728"
"ppeapfehasiflwxnq.net","679","fobber_dga_ff3fb728"
"drefirsccbjejpxmu.net","680","fobber_dga_ff3fb728"
"hrfryfnerjuawdpzm.net","681","fobber_dga_ff3fb728"
"mtsifbsikhmhwpjwk.net","682","fobber_dga_ff3fb728"
"sfwurbmljcjjyjeoc.net","683","fobber_dga_ff3fb728"
"pdrhdfusppiivathb.net","684","fobber_dga_ff3fb728"
"kducbahufznfwkqcm.net","685","fobber_dga_ff3fb728"
"kxothvzqsugcjhttw.net","686","fobber_dga_ff3fb728"
"vmatliicsrvlzwgjj.net","687","fobber_dga_ff3fb728"
"afntydjdihoqpcwtk.net","688","fobber_dga_ff3fb728"
"kkezstgecntdoxycv.net","689","fobber_dga_ff3fb728"
"phmkdaqzkkrearlwu.net","690","fobber_dga_ff3fb728"
"bdrdfdvajnbhfvwix.net","691","fobber_dga_ff3fb728"
"pohtjtdodpyyuxriv.net","692","fobber_dga_ff3fb728"
"okwwiuryfienslwdk.net","693","fobber_dga_ff3fb728"
"kqlltqskovsktjqwd.net","694","fobber_dga_ff3fb728"
"wdrvfcphjkxoebttp.net","695","fobber_dga_ff3fb728"
"lccnrlcdowsgfcvbz.net","696","fobber_dga_ff3fb728"
"nuiwssyhctlrlsybk.net","697","fobber_dga_ff3fb728"
"euunxpebzcoeklorz.net","698","fobber_dga_ff3fb728"
"xfjjmdsrjbafygogt.net","699","fobber_dga_ff3fb728"
"xlfgzhqbvwxexodma.net","700","fobber_dga_ff3fb728"
"flypujmxfovhjyrlr.net","701","fobber_dga_ff3fb728"
"euqoavxozzlipvbcy.net","702","fobber_dga_ff3fb728"
"qyoguavqawiwfodsv.net","703","fobber_dga_ff3fb728"
"fjkhsfkeihbcdgezk.net","704","fobber_dga_ff3fb728"
"sgcannaohskpcbcdl.net","705","fobber_dga_ff3fb728"
"glikdhicoawczyfum.net","706","fobber_dga_ff3fb728"
"haruktvlfjitiorjh.net","707","fobber_dga_ff3fb728"
"gjznlokepbahxdvln.net","708","fobber_dga_ff3fb728"
"xbgsklrjlhzmcbzuk.net","709","fobber_dga_ff3fb728"
"zduoyhbzgmuumcswq.net","710","fobber_dga_ff3fb728"
"cijhuoxztybudumvs.net","711","fobber_dga_ff3fb728"
"ankhkffsnwdpfnpls.net","712","fobber_dga_ff3fb728"
"klzprfbicixwxkhcj.net","713","fobber_dga_ff3fb728"
"qobbeltjxesqoohvg.net","714","fobber_dga_ff3fb728"
"jgxemzzfbjbqwhnbp.net","715","fobber_dga_ff3fb728"
"itdadeigeapqfxslr.net","716","fobber_dga_ff3fb728"
"pihskihyslgwazzgv.net","717","fobber_dga_ff3fb728"
"hruuwoykmymmrnyxt.net","718","fobber_dga_ff3fb728"
"mtpridlkbiixjomra.net","719","fobber_dga_ff3fb728"
"jwojunpwhjsulnuzj.net","720","fobber_dga_ff3fb728"
"vkbsjabozqgaajsmi.net","721","fobber_dga_ff3fb728"
"srsybnprascrtnjgv.net","722","fobber_dga_ff3fb728"
"dhenheinjfwvbccon.net","723","fobber_dga_ff3fb728"
"bvltiwrtunorbkydz.net","724","fobber_dga_ff3fb728"
"zogtrnbxhxqljsgxr.net","725","fobber_dga_ff3fb728"
"xmfkuytgtkpthospv.net","726","fobber_dga_ff3fb728"
"sarybnbginolsfqoz.net","727","fobber_dga_ff3fb728"
"hxvgxdqvzumlklfcd.net","728","fobber_dga_ff3fb728"
"hjvdmvqtwpztcgzas.net","729","fobber_dga_ff3fb728"
"qmhhghjkyxlhhhajq.net","730","fobber_dga_ff3fb728"
"abaqonbkjjftnjgck.net","731","fobber_dga_ff3fb728"
"iaffkgygoszwmceiy.net","732","fobber_dga_ff3fb728"
"oryonpccshpbbpbzu.net","733","fobber_dga_ff3fb728"
"xsxquguvmanbaqtyu.net","734","fobber_dga_ff3fb728"
"fplcxwbyqhkdkmdre.net","735","fobber_dga_ff3fb728"
"adyhfiablrykltzul.net","736","fobber_dga_ff3fb728"
"ykfnbomdiygdldbwi.net","737","fobber_dga_ff3fb728"
"kupqjsxsgyylfqrgl.net","738","fobber_dga_ff3fb728"
"fyivttrinmjkdfkhx.net","739","fobber_dga_ff3fb728"
"rqruuqapmdqfmmdsh.net","740","fobber_dga_ff3fb728"
"ouxsobhrjgmvyengi.net","741","fobber_dga_ff3fb728"
"ujhjkmdqslysfoeba.net","742","fobber_dga_ff3fb728"
"jnvcpfjbgpgddrxzl.net","743","fobber_dga_ff3fb728"
"daanvxqlvnivlrhyd.net","744","fobber_dga_ff3fb728"
"wngoeovelgpwkldwk.net","745","fobber_dga_ff3fb728"
"wcfzixowzhbrkqedb.net","746","fobber_dga_ff3fb728"
"wmhflvjpqkboxztyk.net","747","fobber_dga_ff3fb728"
"czpcfawvmdnghpeeb.net","748","fobber_dga_ff3fb728"
"ryshnvdthwewixate.net","749","fobber_dga_ff3fb728"
"onqfqlawgdgfjywwa.net","750","fobber_dga_ff3fb728"
"khezxqsylucbbqnat.net","751","fobber_dga_ff3fb728"
"vzligeyqsarultopi.net","752","fobber_dga_ff3fb728"
"vnopxnjtiblvmkqsc.net","753","fobber_dga_ff3fb728"
"laubtrlrylybwqqsj.net","754","fobber_dga_ff3fb728"
"zshteooozfetdcllh.net","755","fobber_dga_ff3fb728"
"ctpbugemkljlkkpkd.net","756","fobber_dga_ff3fb728"
"amovhpeazdvcyikak.net","757","fobber_dga_ff3fb728"
"zqudyhtexinzpncpv.net","758","fobber_dga_ff3fb728"
"sobrooqdyqhyvklru.net","759","fobber_dga_ff3fb728"
"ueehgoleuterundka.net","760","fobber_dga_ff3fb728"
"prkqlyjmaxcuzlkkq.net","761","fobber_dga_ff3fb728"
"jqqmtyrwzdltwxyqq.net","762","fobber_dga_ff3fb728"
"ndnbtfkwpztlrunlu.net","763","fobber_dga_ff3fb728"
"jemcbxjnffoieulfk.net","764","fobber_dga_ff3fb728"
"rpaonlrgljxxdrdow.net","765","fobber_dga_ff3fb728"
"bqnawblkptoftteim.net","766","fobber_dga_ff3fb728"
"tznsvjlegnptmtdjv.net","767","fobber_dga_ff3fb728"
"dqkorskjszcotjqub.net","768","fobber_dga_ff3fb728"
"xpswvsclnxygcytat.net","769","fobber_dga_ff3fb728"
"vldukkspbqzdsmbvs.net","770","fobber_dga_ff3fb728"
"ehqmccuhkonqndcpi.net","771","fobber_dga_ff3fb728"
"yxkzgdnjuahngznxj.net","772","fobber_dga_ff3fb728"
"jsfpqohscxhucnsru.net","773","fobber_dga_ff3fb728"
"jwtmipywjslklvhit.net","774","fobber_dga_ff3fb728"
"ridgvqzfnltsncrpe.net","775","fobber_dga_ff3fb728"
"cgriqyledeuciwevb.net","776","fobber_dga_ff3fb728"
"gztmlotcycykqrxei.net","777","fobber_dga_ff3fb728"
"rdrrquejldnuafhrh.net","778","fobber_dga_ff3fb728"
"nlxsnxrqcwxoafgue.net","779","fobber_dga_ff3fb728"
"dvzhbfilzcotfpatl.net","780","fobber_dga_ff3fb728"
"dlmbqszeijeurfbug.net","781","fobber_dga_ff3fb728"
"xkkzwtyccoxgccpfm.net","782","fobber_dga_ff3fb728"
"pnjqmvnizzvafedqt.net","783","fobber_dga_ff3fb728"
"whjecvxsymiycpjfn.net","784","fobber_dga_ff3fb728"
"xymcvqzhcaywjzhxb.net","785","fobber_dga_ff3fb728"
"dybycnwoeeztlkxno.net","786","fobber_dga_ff3fb728"
"nwweamxvswketlmmd.net","787","fobber_dga_ff3fb728"
"cnkilykvgmmnihqer.net","788","fobber_dga_ff3fb728"
"lsprgtnuftqywwkcc.net","789","fobber_dga_ff3fb728"
"pfyzmgcbjasmwpavz.net","790","fobber_dga_ff3fb728"
"glbrnztonffaupdho.net","791","fobber_dga_ff3fb728"
"oomqutphbktaskecy.net","792","fobber_dga_ff3fb728"
"cgovzdxgekktyveuy.net","793","fobber_dga_ff3fb728"
"hwsoxuirjejzxaajs.net","794","fobber_dga_ff3fb728"
"tgjfpfvmpickcmtdy.net","795","fobber_dga_ff3fb728"
"jwdlwnhybgpjehdjn.net","796","fobber_dga_ff3fb728"
"pcwegnxelosnnjwoo.net","797","fobber_dga_ff3fb728"
"vamffqtjddeumhsdq.net","798","fobber_dga_ff3fb728"
"yhvqvxdemhrzsfjwt.net","799","fobber_dga_ff3fb728"
"jnmllsurtbevalhee.net","800","fobber_dga_ff3fb728"
"fngvpznszgoguvonm.net","801","fobber_dga_ff3fb728"
"cmnbpiowifzrwfxey.net","802","fobber_dga_ff3fb728"
"hllvocrkgnqgptssh.net","803","fobber_dga_ff3fb728"
"heveiaguqoroqsbkw.net","804","fobber_dga_ff3fb728"
"txyyqmphmrbyumbea.net","805","fobber_dga_ff3fb728"
"aokgjtrczvnbsjsaz.net","806","fobber_dga_ff3fb728"
"lwydohsxadhlmfjvt.net","807","fobber_dga_ff3fb728"
"xmyoyodpajwuyfzgm.net","808","fobber_dga_ff3fb728"
"zkhysayjuwgbrwdqo.net","809","fobber_dga_ff3fb728"
"feaicfzbifcfbecio.net","810","fobber_dga_ff3fb728"
"xsrkwhpwztkffgqvk.net","811","fobber_dga_ff3fb728"
"gzafrcofrqlsnbksa.net","812","fobber_dga_ff3fb728"
"sxdutgnkwzcgbnovs.net","813","fobber_dga_ff3fb728"
"kgyjmkwxrzojykuxj.net","814","fobber_dga_ff3fb728"
"gohjcgqlgptjyvhud.net","815","fobber_dga_ff3fb728"
"csewesxxvhnvwspwf.net","816","fobber_dga_ff3fb728"
"dfbimjrliyyvyvfdj.net","817","fobber_dga_ff3fb728"
"kmftrevinrcxjnojo.net","818","fobber_dga_ff3fb728"
"awbxfasfdsajulzsv.net","819","fobber_dga_ff3fb728"
"bqezafkhwttkmosit.net","820","fobber_dga_ff3fb728"
"leriugutgeskvutgu.net","821","fobber_dga_ff3fb728"
"bosnavksviuqamwdx.net","822","fobber_dga_ff3fb728"
"wnqebmsiijeslgtjr.net","823","fobber_dga_ff3fb728"
"zrvsrhocbffhhukcc.net","824","fobber_dga_ff3fb728"
"wrpckulqdowfwojvf.net","825","fobber_dga_ff3fb728"
"faymsvwbqmxwaejgl.net","826","fobber_dga_ff3fb728"
"ftfzkaafizecmlhqi.net","827","fobber_dga_ff3fb728"
"cspdmisrifmrcldxz.net","828","fobber_dga_ff3fb728"
"hrrnxwqkobpxstjyf.net","829","fobber_dga_ff3fb728"
"drzfbnziphmtoseqa.net","830","fobber_dga_ff3fb728"
"wykwjbdopelpmhlxr.net","831","fobber_dga_ff3fb728"
"qaryvoiktipellpiv.net","832","fobber_dga_ff3fb728"
"hpixgohzrqkpkzukv.net","833","fobber_dga_ff3fb728"
"gfkudpnxhudgipffz.net","834","fobber_dga_ff3fb728"
"kjzkdueeimkxqmyse.net","835","fobber_dga_ff3fb728"
"kfqgjrvabwzuagnho.net","836","fobber_dga_ff3fb728"
"ghorwcikcxggnkndq.net","837","fobber_dga_ff3fb728"
"zubkmimsmdjzqfpnr.net","838","fobber_dga_ff3fb728"
"jirbcpupzfoomrhne.net","839","fobber_dga_ff3fb728"
"addcpxuuoqvynbqds.net","840","fobber_dga_ff3fb728"
"npgmxwahwpyxrxfww.net","841","fobber_dga_ff3fb728"
"nhzzvszczbakypizq.net","842","fobber_dga_ff3fb728"
"tmncduyazvnuuwhap.net","843","fobber_dga_ff3fb728"
"rprjhzzegjkbzyfhr.net","844","fobber_dga_ff3fb728"
"jcfulkkjevvfsyatn.net","845","fobber_dga_ff3fb728"
"vqjjgamslxmktyebb.net","846","fobber_dga_ff3fb728"
"mrgggxdobqdtssste.net","847","fobber_dga_ff3fb728"
"yaafewwmkulhrfwam.net","848","fobber_dga_ff3fb728"
"qyeliidejxvnobuhx.net","849","fobber_dga_ff3fb728"
"eblbqhfghtsclqrlv.net","850","fobber_dga_ff3fb728"
"ujnryqwgmnhrhqrkc.net","851","fobber_dga_ff3fb728"
"dnyrbqvgewaushiuv.net","852","fobber_dga_ff3fb728"
"hsozltorraqcncexu.net","853","fobber_dga_ff3fb728"
"uxakrnrmwmkcchkmz.net","854","fobber_dga_ff3fb728"
"edkxgbipsfzcosrel.net","855","fobber_dga_ff3fb728"
"ervemilaghkbxjvcw.net","856","fobber_dga_ff3fb728"
"cebarnnkgdzmmaaws.net","857","fobber_dga_ff3fb728"
"tdoussqyzeswytiag.net","858","fobber_dga_ff3fb728"
"mgqtpahcnhtcznsfn.net","859","fobber_dga_ff3fb728"
"eecpdwgptwnruxzcd.net","860","fobber_dga_ff3fb728"
"bmjebluzfinwxqemy.net","861","fobber_dga_ff3fb728"
"ldgpdnfcbvxgduxkd.net","862","fobber_dga_ff3fb728"
"gkehvkdhllnuzejsm.net","863","fobber_dga_ff3fb728"
"fwhvlgfyzdudmlcak.net","864","fobber_dga_ff3fb728"
"ijgornpbzhovrktge.net","865","fobber_dga_ff3fb728"
"ovvzluijzdhtkznqr.net","866","fobber_dga_ff3fb728"
"ykdaipgkqwjpvykry.net","867","fobber_dga_ff3fb728"
"xlgeucznuoxhxycec.net","868","fobber_dga_ff3fb728"
"sagmydchhpiqlmkqd.net","869","fobber_dga_ff3fb728"
"shcphfyuirgobwbiq.net","870","fobber_dga_ff3fb728"
"yiadeptbufngklcjn.net","871","fobber_dga_ff3fb728"
"ulgkrhmskvtcchkom.net","872","fobber_dga_ff3fb728"
"dzbvxzxzzqwbpefxs.net","873","fobber_dga_ff3fb728"
"weoiuxkcccpdufmca.net","874","fobber_dga_ff3fb728"
"szsnjghvlyuwygocf.net","875","fobber_dga_ff3fb728"
"xvzhjqrorekrhnumu.net","876","fobber_dga_ff3fb728"
"gqxwkznivjpocnehe.net","877","fobber_dga_ff3fb728"
"hclvkqtyojbhhpkqj.net","878","fobber_dga_ff3fb728"
"tdngkhiqxakbbbrpz.net","879","fobber_dga_ff3fb728"
"ajcpeaxoqxcvxhqei.net","880","fobber_dga_ff3fb728"
"qpbazyurcqmftyhac.net","881","fobber_dga_ff3fb728"
"lmpkwhibvabmdybod.net","882","fobber_dga_ff3fb728"
"sicxxhabyeuomptfr.net","883","fobber_dga_ff3fb728"
"prglzcrxnomzsaqjj.net","884","fobber_dga_ff3fb728"
"tqetyhnaswrgtjocz.net","885","fobber_dga_ff3fb728"
"eimievjgheagisvrm.net","886","fobber_dga_ff3fb728"
"xisceisirlblcadrk.net","887","fobber_dga_ff3fb728"
"casimnsaxmfqhbrqw.net","888","fobber_dga_ff3fb728"
"mzjxmlkbnbsircykr.net","889","fobber_dga_ff3fb728"
"unvuipsjdaryetqhg.net","890","fobber_dga_ff3fb728"
"jzqavaxdrubpchips.net","891","fobber_dga_ff3fb728"
"yffbilwujfaozkwrv.net","892","fobber_dga_ff3fb728"
"vpkwzisbeddbgksdz.net","893","fobber_dga_ff3fb728"
"zfijklzrfumglowkf.net","894","fobber_dga_ff3fb728"
"sprnqzwaegcdmedkg.net","895","fobber_dga_ff3fb728"
"gkedhigsfjxjfbuhw.net","896","fobber_dga_ff3fb728"
"fannjkwahvgmajefw.net","897","fobber_dga_ff3fb728"
"wloeiupvzquegpmdc.net","898","fobber_dga_ff3fb728"
"hmlabpjvsoflyiklp.net","899","fobber_dga_ff3fb728"
"iszbpeevtvvtgdqwl.net","900","fobber_dga_ff3fb728"
"qlxwgwktpjnitzvsj.net","901","fobber_dga_ff3fb728"
"csqxvsvrhhhylvros.net","902","fobber_dga_ff3fb728"
"hrhusxygidhkspsrx.net","903","fobber_dga_ff3fb728"
"bkuojtahiyhfivwek.net","904","fobber_dga_ff3fb728"
"qtvsafrcbmpqgmipr.net","905","fobber_dga_ff3fb728"
"bkfbnackozdgfmzcm.net","906","fobber_dga_ff3fb728"
"xjffihfhiyidnopxw.net","907","fobber_dga_ff3fb728"
"ldcravlhbordhhuqz.net","908","fobber_dga_ff3fb728"
"vzcwyaawpwsodwfnd.net","909","fobber_dga_ff3fb728"
"mcwnintruijipiuvx.net","910","fobber_dga_ff3fb728"
"fdhbrxytdjzqbmodx.net","911","fobber_dga_ff3fb728"
"ivymaxnoisbmatlhq.net","912","fobber_dga_ff3fb728"
"ckmbsqffpywnisbek.net","913","fobber_dga_ff3fb728"
"xpedtozgvdsozqpud.net","914","fobber_dga_ff3fb728"
"loecdhetsmyerqsyl.net","915","fobber_dga_ff3fb728"
"ellbmxcbpovfrpaav.net","916","fobber_dga_ff3fb728"
"wwpucyadkwqqpxlfq.net","917","fobber_dga_ff3fb728"
"xofrdbjkutviurtze.net","918","fobber_dga_ff3fb728"
"koksjxywidgyjicpm.net","919","fobber_dga_ff3fb728"
"wvrpyzvedoogxmtfu.net","920","fobber_dga_ff3fb728"
"hovonxwoetmkakrwf.net","921","fobber_dga_ff3fb728"
"revsaqddmxaknfkpv.net","922","fobber_dga_ff3fb728"
"xrnyqefgzsuvgepkz.net","923","fobber_dga_ff3fb728"
"wwlbftptubewkfgxr.net","924","fobber_dga_ff3fb728"
"hiyucpafupltkifpc.net","925","fobber_dga_ff3fb728"
"nqehbwjxljsyiepra.net","926","fobber_dga_ff3fb728"
"hzyvtwaigluzjyrqs.net","927","fobber_dga_ff3fb728"
"lnqxqfnbtjwrxzpyd.net","928","fobber_dga_ff3fb728"
"iviphmmcwfblvilrj.net","929","fobber_dga_ff3fb728"
"ihudeccqqrvogmpqi.net","930","fobber_dga_ff3fb728"
"pnnydmyqvnlwijodr.net","931","fobber_dga_ff3fb728"
"guchsexzaqtwxinyd.net","932","fobber_dga_ff3fb728"
"pkkaiijasazteznli.net","933","fobber_dga_ff3fb728"
"ersfgbanzyxhnaqha.net","934","fobber_dga_ff3fb728"
"laqbwmrifmcwyydwb.net","935","fobber_dga_ff3fb728"
"eujdqxzrfwawgurud.net","936","fobber_dga_ff3fb728"
"jlrrkbneajdxdjkro.net","937","fobber_dga_ff3fb728"
"dttcpvhnsgxjunyfq.net","938","fobber_dga_ff3fb728"
"vheniihcpidgfavcf.net","939","fobber_dga_ff3fb728"
"ktbwuvkowdkaokyxu.net","940","fobber_dga_ff3fb728"
"lnwacwbqalcdokaec.net","941","fobber_dga_ff3fb728"
"adkquwzwdpklgjrhj.net","942","fobber_dga_ff3fb728"
"hkqpgcxjtodclehds.net","943","fobber_dga_ff3fb728"
"otogwdabmdihmhsqz.net","944","fobber_dga_ff3fb728"
"nyjvfyxpfvlmfbcre.net","945","fobber_dga_ff3fb728"
"nvpszysfnbdspumfc.net","946","fobber_dga_ff3fb728"
"pmqpwpdnuiohnkxkf.net","947","fobber_dga_ff3fb728"
"ahckgviuhlozypgww.net","948","fobber_dga_ff3fb728"
"wtazhqpkwmhyfjybc.net","949","fobber_dga_ff3fb728"
"vecweblmuydodywey.net","950","fobber_dga_ff3fb728"
"eigeqvgfiqipcdxhn.net","951","fobber_dga_ff3fb728"
"eeandwrgdfeqfprig.net","952","fobber_dga_ff3fb728"
"drjjvuqqbrvasfomd.net","953","fobber_dga_ff3fb728"
"mwecyvhqldghoeito.net","954","fobber_dga_ff3fb728"
"lrxedcecuhppzzfma.net","955","fobber_dga_ff3fb728"
"pvllxnhboygbagzeb.net","956","fobber_dga_ff3fb728"
"dezfjjwvhjvixxbne.net","957","fobber_dga_ff3fb728"
"yrldbwrozwuyoxzko.net","958","fobber_dga_ff3fb728"
"awryruvadunewspoz.net","959","fobber_dga_ff3fb728"
"jiquktanorzbzfjcs.net","960","fobber_dga_ff3fb728"
"relswwdakktoqyttr.net","961","fobber_dga_ff3fb728"
"tftesutyafnhftdyr.net","962","fobber_dga_ff3fb728"
"mkcpfiwuqonbocspe.net","963","fobber_dga_ff3fb728"
"bkaznjfjtdwgwrikw.net","964","fobber_dga_ff3fb728"
"epusmkjdrhuocsgff.net","965","fobber_dga_ff3fb728"
"xebiaryknfswhjefg.net","966","fobber_dga_ff3fb728"
"lajuuodrbagcnoocb.net","967","fobber_dga_ff3fb728"
"bqarwuvgctrdwkchn.net","968","fobber_dga_ff3fb728"
"ckfrepnxhoeyzvvce.net","969","fobber_dga_ff3fb728"
"pxmlmutjmvjwcpjja.net","970","fobber_dga_ff3fb728"
"wgnstbupzjctceyff.net","971","fobber_dga_ff3fb728"
"oczicepavcekfogyp.net","972","fobber_dga_ff3fb728"
"qyhugsndsldvzerzw.net","973","fobber_dga_ff3fb728"
"srzvtxsynbefooyeh.net","974","fobber_dga_ff3fb728"
"uifgazkuecgaekmqr.net","975","fobber_dga_ff3fb728"
"xdqwzlxurowgwyegx.net","976","fobber_dga_ff3fb728"
"qhjtzdidsvrslgmtk.net","977","fobber_dga_ff3fb728"
"hghcbwwguicyuzvyr.net","978","fobber_dga_ff3fb728"
"eysvoffxkrbevzcbw.net","979","fobber_dga_ff3fb728"
"wmnzvzjiyadlnaxxc.net","980","fobber_dga_ff3fb728"
"bmpfiezbggfnxogau.net","981","fobber_dga_ff3fb728"
"aysciippmlacztyuu.net","982","fobber_dga_ff3fb728"
"euffoedqzoycgtblc.net","983","fobber_dga_ff3fb728"
"kixuoyhardslxmkvg.net","984","fobber_dga_ff3fb728"
"scwhxxkurkatxhmyi.net","985","fobber_dga_ff3fb728"
"caloyxzwahirnhgij.net","986","fobber_dga_ff3fb728"
"stlcigfytlhaozkrv.net","987","fobber_dga_ff3fb728"
"kpqjqtnqpqsrplpsg.net","988","fobber_dga_ff3fb728"
"neazziwcnchicqfqz.net","989","fobber_dga_ff3fb728"
"svgahzylwuudzivog.net","990","fobber_dga_ff3fb728"
"egjzeelncycchoclx.net","991","fobber_dga_ff3fb728"
"jrmkiihbyrcmulsti.net","992","fobber_dga_ff3fb728"
"jkformzhwjciboekd.net","993","fobber_dga_ff3fb728"
"iyqpjgmcsqdugybwk.net","994","fobber_dga_ff3fb728"
"nmdkvycvglraxioic.net","995","fobber_dga_ff3fb728"
"sdifnmikmligmruta.net","996","fobber_dga_ff3fb728"
"ubntkzqvepgirxfhr.net","997","fobber_dga_ff3fb728"
"alybxoeeuriibbpse.net","998","fobber_dga_ff3fb728"
"yuikhqfyjvggxvqir.net","999","fobber_dga_ff3fb728"
