"919921c772bf23e6.net","0","gspy_dga_430b18b7"
"020c2318538057a9.net","1","gspy_dga_430b18b7"
"02dce21597c6e71f.net","2","gspy_dga_430b18b7"
"9c3b4fe3fba848a3.net","3","gspy_dga_430b18b7"
"542703c273588fbf.net","4","gspy_dga_430b18b7"
"fe3c19ba5ee88856.net","5","gspy_dga_430b18b7"
"c827b9d0130b08ab.net","6","gspy_dga_430b18b7"
"7f66cbe356889607.net","7","gspy_dga_430b18b7"
"7372224c0e471967.net","8","gspy_dga_430b18b7"
"e69300e3588ba1eb.net","9","gspy_dga_430b18b7"
"1710b710d82b5ec9.net","10","gspy_dga_430b18b7"
"01247dc1d13789b3.net","11","gspy_dga_430b18b7"
"484b072f94637588.net","12","gspy_dga_430b18b7"
"ba5091bbb4d1fdc8.net","13","gspy_dga_430b18b7"
"205ea0e6fe5c3823.net","14","gspy_dga_430b18b7"
"40e80f6818f74cbc.net","15","gspy_dga_430b18b7"
"639444f7d52d0883.net","16","gspy_dga_430b18b7"
"c6e5be5ec95abad4.net","17","gspy_dga_430b18b7"
"3164168f83658393.net","18","gspy_dga_430b18b7"
"b17112b575c0bada.net","19","gspy_dga_430b18b7"
"0d84a90a5e716835.net","20","gspy_dga_430b18b7"
"080e7b9a1d74a936.net","21","gspy_dga_430b18b7"
"90b95a7450260a4d.net","22","gspy_dga_430b18b7"
"5f6a921e3d0d663a.net","23","gspy_dga_430b18b7"
"ce6fc25017e8248b.net","24","gspy_dga_430b18b7"
"66c075fcf408476a.net","25","gspy_dga_430b18b7"
"29d077263ea904d6.net","26","gspy_dga_430b18b7"
"05f8f448f350e117.net","27","gspy_dga_430b18b7"
"6fb5cd0360c4f63c.net","28","gspy_dga_430b18b7"
"3f9bac1094d076ee.net","29","gspy_dga_430b18b7"
"9248c26a0be23c01.net","30","gspy_dga_430b18b7"
"52324371263253c7.net","31","gspy_dga_430b18b7"
"3ca772205ab47c66.net","32","gspy_dga_430b18b7"
"e09940cd3f45547e.net","33","gspy_dga_430b18b7"
"b1c7c07949dfec47.net","34","gspy_dga_430b18b7"
"bb1f1fd40faabae2.net","35","gspy_dga_430b18b7"
"e8ead8c2b8422457.net","36","gspy_dga_430b18b7"
"2740c650d8c960dd.net","37","gspy_dga_430b18b7"
"ece67b8b1da43733.net","38","gspy_dga_430b18b7"
"cbc558a69bf5ac12.net","39","gspy_dga_430b18b7"
"fe9782375716068e.net","40","gspy_dga_430b18b7"
"7698735387bfc251.net","41","gspy_dga_430b18b7"
"04b2d4b4c9af7ffe.net","42","gspy_dga_430b18b7"
"1baa6b72aca86c2c.net","43","gspy_dga_430b18b7"
"82bd28b6369902b6.net","44","gspy_dga_430b18b7"
"3763b1ab11287789.net","45","gspy_dga_430b18b7"
"6bf91e17f93362bd.net","46","gspy_dga_430b18b7"
"03c70244a9c567dd.net","47","gspy_dga_430b18b7"
"0a434b1f08778b5a.net","48","gspy_dga_430b18b7"
