"orwvifxds.com","0","hesperbot_dga_351f770d"
"lcwoflfm.com","1","hesperbot_dga_351f770d"
"wcpqszeyeglkxikzhshpky.com","2","hesperbot_dga_351f770d"
"rmanrebdjeupmbbmjkkashjw.com","3","hesperbot_dga_351f770d"
"lrlxedqf.com","4","hesperbot_dga_351f770d"
"aunmyggo.com","5","hesperbot_dga_351f770d"
"vdxqihsgrldshosjo.com","6","hesperbot_dga_351f770d"
"elyvatdhitsv.com","7","hesperbot_dga_351f770d"
"uchhvakr.com","8","hesperbot_dga_351f770d"
"vrbkjlwe.com","9","hesperbot_dga_351f770d"
"mwjsllseqknqoyitzcuyhk.com","10","hesperbot_dga_351f770d"
"fsgpkznbnwmpjijctbund.com","11","hesperbot_dga_351f770d"
"hkjegpiohsncdginfxs.com","12","hesperbot_dga_351f770d"
"mwxulysy.com","13","hesperbot_dga_351f770d"
"flfwwbwefxjqbsmdwbebdeh.com","14","hesperbot_dga_351f770d"
"gosiafxouoocfshjng.com","15","hesperbot_dga_351f770d"
"knzusiuu.com","16","hesperbot_dga_351f770d"
"ecgtnwvxigkjol.com","17","hesperbot_dga_351f770d"
"eanaztis.com","18","hesperbot_dga_351f770d"
"rufyeysqrijejl.com","19","hesperbot_dga_351f770d"
"ixvkfwue.com","20","hesperbot_dga_351f770d"
"nszpfvyn.com","21","hesperbot_dga_351f770d"
"ffvuzxyc.com","22","hesperbot_dga_351f770d"
"tdfdqwwnpljbppmko.com","23","hesperbot_dga_351f770d"
"hfdnsjyp.com","24","hesperbot_dga_351f770d"
"wkcnyvzl.com","25","hesperbot_dga_351f770d"
"bfofcwhxbt.com","26","hesperbot_dga_351f770d"
"gkeslexa.com","27","hesperbot_dga_351f770d"
"amqkxafm.com","28","hesperbot_dga_351f770d"
"mjnzacmrqvjffrmsguojbgq.com","29","hesperbot_dga_351f770d"
"sydaccss.com","30","hesperbot_dga_351f770d"
"pwhkgauqtklejjkrhoiea.com","31","hesperbot_dga_351f770d"
"wyhfuvol.com","32","hesperbot_dga_351f770d"
"znbeghswlbhkfsoxqaqgterh.com","33","hesperbot_dga_351f770d"
"ddixextblrmnjk.com","34","hesperbot_dga_351f770d"
"naopoylfviurrnb.com","35","hesperbot_dga_351f770d"
"jpqyrsly.com","36","hesperbot_dga_351f770d"
"ivqyhkbq.com","37","hesperbot_dga_351f770d"
"pgrlloyn.com","38","hesperbot_dga_351f770d"
"irzqqpuc.com","39","hesperbot_dga_351f770d"
"htdncxqldtjxzimm.com","40","hesperbot_dga_351f770d"
"cgtuvpcgggzuyewb.com","41","hesperbot_dga_351f770d"
"ymsvlwddmawpilzatsqqm.com","42","hesperbot_dga_351f770d"
"ithimookubdy.com","43","hesperbot_dga_351f770d"
"eiekstvieiauxevflxxl.com","44","hesperbot_dga_351f770d"
"ivlrsmohqzhvv.com","45","hesperbot_dga_351f770d"
"smwripfzwqqlf.com","46","hesperbot_dga_351f770d"
"nxfjxpmt.com","47","hesperbot_dga_351f770d"
"ekhjkysl.com","48","hesperbot_dga_351f770d"
"lltccvgytdzmzywdscuynaxp.com","49","hesperbot_dga_351f770d"
"ceonuxfl.com","50","hesperbot_dga_351f770d"
"lkbaabsspohgf.com","51","hesperbot_dga_351f770d"
"osblggwn.com","52","hesperbot_dga_351f770d"
"rvtutgag.com","53","hesperbot_dga_351f770d"
"ucqrejzhucmvhmj.com","54","hesperbot_dga_351f770d"
"jkramsio.com","55","hesperbot_dga_351f770d"
"zsfkjkmm.com","56","hesperbot_dga_351f770d"
"rzktskhf.com","57","hesperbot_dga_351f770d"
"vhxqxmakndrwsvedib.com","58","hesperbot_dga_351f770d"
"lcupwrbbxuanbevwhp.com","59","hesperbot_dga_351f770d"
"zuwveoxv.com","60","hesperbot_dga_351f770d"
"ltkrjzplxlgxkupiu.com","61","hesperbot_dga_351f770d"
"jcuozshexqoqcphphs.com","62","hesperbot_dga_351f770d"
"jxguztpuflcicgtdoi.com","63","hesperbot_dga_351f770d"
"czhqassc.com","0","hesperbot_dga_fc74ff7b"
"vavfvwyx.com","1","hesperbot_dga_fc74ff7b"
"nyaypyxqf.com","2","hesperbot_dga_fc74ff7b"
"doyloprfdserr.com","3","hesperbot_dga_fc74ff7b"
"nekzhplr.com","4","hesperbot_dga_fc74ff7b"
"sehqomocsebqrrulh.com","5","hesperbot_dga_fc74ff7b"
"cqqbbvjp.com","6","hesperbot_dga_fc74ff7b"
"czbsvuoi.com","7","hesperbot_dga_fc74ff7b"
"sfkjojphoxgtnmpqeu.com","8","hesperbot_dga_fc74ff7b"
"pxxaldeo.com","9","hesperbot_dga_fc74ff7b"
"xhraobeslh.com","10","hesperbot_dga_fc74ff7b"
"nbttcccbbjz.com","11","hesperbot_dga_fc74ff7b"
"pchqhfsytkdkeqszt.com","12","hesperbot_dga_fc74ff7b"
"unxvjpad.com","13","hesperbot_dga_fc74ff7b"
"tunptwmf.com","14","hesperbot_dga_fc74ff7b"
"meznyzylust.com","15","hesperbot_dga_fc74ff7b"
"ucmaejhoyuiahmnphz.com","16","hesperbot_dga_fc74ff7b"
"iidgfaum.com","17","hesperbot_dga_fc74ff7b"
"colerikkycpyurgtxl.com","18","hesperbot_dga_fc74ff7b"
"xpscvkfqbdm.com","19","hesperbot_dga_fc74ff7b"
"psgxcnlx.com","20","hesperbot_dga_fc74ff7b"
"djejhhnh.com","21","hesperbot_dga_fc74ff7b"
"leywtyzw.com","22","hesperbot_dga_fc74ff7b"
"gyyivmrkkyewqjrrlr.com","23","hesperbot_dga_fc74ff7b"
"fjwudtbgfvqugafhgecx.com","24","hesperbot_dga_fc74ff7b"
"wtdxfqyxkthjah.com","25","hesperbot_dga_fc74ff7b"
"mjsazshsqbygulxvyreqrk.com","26","hesperbot_dga_fc74ff7b"
"msculizc.com","27","hesperbot_dga_fc74ff7b"
"kxkpbwljwpovejhaitbulr.com","28","hesperbot_dga_fc74ff7b"
"hihldzsnhidbyoscdq.com","29","hesperbot_dga_fc74ff7b"
"wuatlxpfkygtikp.com","30","hesperbot_dga_fc74ff7b"
"jbxhfwwnjbtbgjcoot.com","31","hesperbot_dga_fc74ff7b"
"thrdsxerbdvfraace.com","32","hesperbot_dga_fc74ff7b"
"bwiqolpctemoncj.com","33","hesperbot_dga_fc74ff7b"
"vgflpsun.com","34","hesperbot_dga_fc74ff7b"
"dqxsywwwrqd.com","35","hesperbot_dga_fc74ff7b"
"vwyrnpvhnwuvqe.com","36","hesperbot_dga_fc74ff7b"
"idrljrenqzvzkiakiar.com","37","hesperbot_dga_fc74ff7b"
"dhduwumghl.com","38","hesperbot_dga_fc74ff7b"
"cpruhxecktx.com","39","hesperbot_dga_fc74ff7b"
"xhoetxls.com","40","hesperbot_dga_fc74ff7b"
"adtlmpinalnzrgikuhlrtlye.com","41","hesperbot_dga_fc74ff7b"
"kbkkzrlesboqaehlgzquhv.com","42","hesperbot_dga_fc74ff7b"
"wbyflndt.com","43","hesperbot_dga_fc74ff7b"
"ezcduyzv.com","44","hesperbot_dga_fc74ff7b"
"itiikrrg.com","45","hesperbot_dga_fc74ff7b"
"kboqjlhk.com","46","hesperbot_dga_fc74ff7b"
"dtgizots.com","47","hesperbot_dga_fc74ff7b"
"qlgrddrdqdkreslkk.com","48","hesperbot_dga_fc74ff7b"
"pqyygtdu.com","49","hesperbot_dga_fc74ff7b"
"qbcibgno.com","50","hesperbot_dga_fc74ff7b"
"pejkyqmmpepydnglflhootdf.com","51","hesperbot_dga_fc74ff7b"
"gjetznpj.com","52","hesperbot_dga_fc74ff7b"
"diiwkbjs.com","53","hesperbot_dga_fc74ff7b"
"hivhiuujhabv.com","54","hesperbot_dga_fc74ff7b"
"fptrqccd.com","55","hesperbot_dga_fc74ff7b"
"jwtmixyg.com","56","hesperbot_dga_fc74ff7b"
"fappmrgn.com","57","hesperbot_dga_fc74ff7b"
"bbanasxdnterfbraevrampvo.com","58","hesperbot_dga_fc74ff7b"
"hzsespxsllyexcxrqlt.com","59","hesperbot_dga_fc74ff7b"
"rhfntqqp.com","60","hesperbot_dga_fc74ff7b"
"thozqydd.com","61","hesperbot_dga_fc74ff7b"
"reksghhaneomfwhbtyncbb.com","62","hesperbot_dga_fc74ff7b"
"dgnqbyikd.com","63","hesperbot_dga_fc74ff7b"
"tugshila.com","0","hesperbot_dga_1a7f83e9"
"imtfiowxuuplfzgwdyilwmy.com","1","hesperbot_dga_1a7f83e9"
"eolfyekxechldvowlvqck.com","2","hesperbot_dga_1a7f83e9"
"gjbvltsd.com","3","hesperbot_dga_1a7f83e9"
"oxlzuxkrktffraqymbamjzmm.com","4","hesperbot_dga_1a7f83e9"
"xziivvngllesymrryiavz.com","5","hesperbot_dga_1a7f83e9"
"llzrprylhz.com","6","hesperbot_dga_1a7f83e9"
"dltqmvcc.com","7","hesperbot_dga_1a7f83e9"
"vjtarveorfn.com","8","hesperbot_dga_1a7f83e9"
"qnlmqaeombhcpxofaxjixz.com","9","hesperbot_dga_1a7f83e9"
"ccxtksab.com","10","hesperbot_dga_1a7f83e9"
"uohskgse.com","11","hesperbot_dga_1a7f83e9"
"gidwqwys.com","12","hesperbot_dga_1a7f83e9"
"hfbvpcwdz.com","13","hesperbot_dga_1a7f83e9"
"smminxfo.com","14","hesperbot_dga_1a7f83e9"
"hfsrhyxhhnov.com","15","hesperbot_dga_1a7f83e9"
"lbhukhmu.com","16","hesperbot_dga_1a7f83e9"
"kdehcrrj.com","17","hesperbot_dga_1a7f83e9"
"rmwnlutp.com","18","hesperbot_dga_1a7f83e9"
"ceytinzfyisthudy.com","19","hesperbot_dga_1a7f83e9"
"irkcenfq.com","20","hesperbot_dga_1a7f83e9"
"qbhowsom.com","21","hesperbot_dga_1a7f83e9"
"idvaiocsi.com","22","hesperbot_dga_1a7f83e9"
"blwziotzxtclhztqe.com","23","hesperbot_dga_1a7f83e9"
"mqydnyzrmicd.com","24","hesperbot_dga_1a7f83e9"
"xhtxxmwb.com","25","hesperbot_dga_1a7f83e9"
"dlmudpjy.com","26","hesperbot_dga_1a7f83e9"
"tpnszmgi.com","27","hesperbot_dga_1a7f83e9"
"haxplzsnzstbiu.com","28","hesperbot_dga_1a7f83e9"
"soppcekj.com","29","hesperbot_dga_1a7f83e9"
"ppycesvmlpeabdrlg.com","30","hesperbot_dga_1a7f83e9"
"eaovpgdvewsjqdd.com","31","hesperbot_dga_1a7f83e9"
"knrrdkel.com","32","hesperbot_dga_1a7f83e9"
"wkcgrrzissgwsephnuypklcv.com","33","hesperbot_dga_1a7f83e9"
"ozkbqvfxcdglvypasqvzcih.com","34","hesperbot_dga_1a7f83e9"
"iksjxihh.com","35","hesperbot_dga_1a7f83e9"
"ancixlvo.com","36","hesperbot_dga_1a7f83e9"
"vyhczdomngdacsslbtqh.com","37","hesperbot_dga_1a7f83e9"
"etxismaowlrcxr.com","38","hesperbot_dga_1a7f83e9"
"tipncfkl.com","39","hesperbot_dga_1a7f83e9"
"tzavklpdlngp.com","40","hesperbot_dga_1a7f83e9"
"rmsppbxbraonmih.com","41","hesperbot_dga_1a7f83e9"
"xfyyshdc.com","42","hesperbot_dga_1a7f83e9"
"nleflqnx.com","43","hesperbot_dga_1a7f83e9"
"xqmosjjmxisaxudhrxiarrsn.com","44","hesperbot_dga_1a7f83e9"
"ogicmarmwgeyrxrxppnffis.com","45","hesperbot_dga_1a7f83e9"
"rqnkajmidqtwzwc.com","46","hesperbot_dga_1a7f83e9"
"yrrrneed.com","47","hesperbot_dga_1a7f83e9"
"zeqsgaji.com","48","hesperbot_dga_1a7f83e9"
"ipqzdujd.com","49","hesperbot_dga_1a7f83e9"
