"kqpvkzwksvgvmpopesdtjuwjosbrameegopiyyyg.xyz","0","makloader_dga_5300b8ec"
"ssrvwfeiajmnjxxnokrlhqfnofknwlwpkbonqrmd.xyz","1","makloader_dga_5300b8ec"
"hkswqczqxkxdkyqnqssrvjdogcpacscvuqtxeqiq.xyz","2","makloader_dga_5300b8ec"
"jlppuvkglsxfrpgxiyhhhhuwdfdgsdupikizkriq.xyz","3","makloader_dga_5300b8ec"
"wjmlgzasrmerrwxzxsbepenehumkbvtxhdjtmtxp.xyz","4","makloader_dga_5300b8ec"
"cuahlfrjtxwikqyratklwwmuazzfswsoxnshvqef.xyz","5","makloader_dga_5300b8ec"
"kvvjfaeqbgrfwlfyyoaqrghuasbxwmqldfpysbaa.xyz","6","makloader_dga_5300b8ec"
"zcoehmwehdeqdabpfftwxnsqnwxkseccpdptfhch.xyz","7","makloader_dga_5300b8ec"
"tomxsqwwkicceidjyydfeqzhvydmkgpybkfelfpc.xyz","8","makloader_dga_5300b8ec"
"cdpvzekauvhtgrbzhakassjwlummntqseswncnfd.xyz","9","makloader_dga_5300b8ec"
"cqaqbmauweyuqmrxaatoaoovvgwbrpasuifqgjjl.xyz","10","makloader_dga_5300b8ec"
"qvaylwuavxlxiwvjkmoyqlwmkpdtibssbgfauxgp.xyz","11","makloader_dga_5300b8ec"
"ntauijazyvlsrwclhaqjllbrwpnxcodxwsmyrlow.xyz","12","makloader_dga_5300b8ec"
"vdflwpxdepolyxywuyotkxojmhnxlgrkivnndthe.xyz","13","makloader_dga_5300b8ec"
"eecvnkdhwkwoikhpqlafdnytkxowkrlqiugtntly.xyz","14","makloader_dga_5300b8ec"
"vzanfpysoykgvubwvbloonfwacabtubemaasekkn.xyz","15","makloader_dga_5300b8ec"
"danuumihplegwogyjsvolsjxelwgbwbknhxizrkn.xyz","16","makloader_dga_5300b8ec"
"pfpzceclpqnddaivixreqsfcmrdwawexfxlgjyvy.xyz","17","makloader_dga_5300b8ec"
"qxbopxmndbxbynrcrwlluyahnrpgoulvexszfkxu.xyz","18","makloader_dga_5300b8ec"
"fmtdlcgqecohdnqqyunhchlgbzxyfdmsfwydeuav.xyz","19","makloader_dga_5300b8ec"
"gmdbbdbrfybkfrnmrafgamlgmylpokfgfcgvdkki.xyz","20","makloader_dga_5300b8ec"
"nopdinprlbhdlwkqsvahuxfnwaggfyrzjuhvnasp.xyz","21","makloader_dga_5300b8ec"
"suhicjkytaekogfpilwieuyfkfkcgcssgspijclw.xyz","22","makloader_dga_5300b8ec"
"sgppjwbbivahukydyyajqpmbljypuraewxgdvtco.xyz","23","makloader_dga_5300b8ec"
"xsrtkhhnduztcdpixoicrjwclyzbqpdjkdfkmztl.xyz","24","makloader_dga_5300b8ec"
"mdmarsrmrpkuzflhkjncynnnmcvrqhmkibwpflcy.xyz","25","makloader_dga_5300b8ec"
"zfnkigiznahdgkaidhvagkhbvnfevytkppldwtip.xyz","26","makloader_dga_5300b8ec"
"nqwywpzxbxqmoslkvdiqcfmxwnabhghkldyfgmin.xyz","27","makloader_dga_5300b8ec"
"llqwkfpodmxzstpgysoliqtnykkkqmmyocclbvpr.xyz","28","makloader_dga_5300b8ec"
"cstqitjsxehzcwzmffacndjwihylregmzexhetjq.xyz","29","makloader_dga_5300b8ec"
"ugkefhmjylsowqansapaoxeatiebemanqxidtapw.xyz","30","makloader_dga_5300b8ec"
"zsktqvnehhkuiozunmorkvgvedsbhcsoanespyli.xyz","31","makloader_dga_5300b8ec"
"vszwbwjjlqicfeuodgogqkumdrdwndxvhuzvsdtf.xyz","32","makloader_dga_5300b8ec"
"bghhypgjaccrxvbyzjcptwcmeoeiwdiimzsfhgny.xyz","33","makloader_dga_5300b8ec"
"zcawhktyhvtervpmqzlkuocnkpmypextfhlzihrf.xyz","34","makloader_dga_5300b8ec"
"bopgncwgftfpbfcqgmfaxkuqazkaegzowphfzgbx.xyz","35","makloader_dga_5300b8ec"
"dfvusnhozleykohurjwkkjgwixwqaauqryijprok.xyz","36","makloader_dga_5300b8ec"
"gqvgyepdvpsmzxrrocdejfjffdlzodepbjrvrcin.xyz","37","makloader_dga_5300b8ec"
"xhrvzssjwpwtolncmvnyprvzbtppuelvnxfxyiqa.xyz","38","makloader_dga_5300b8ec"
"tbcisjrzkexzojnrdbmpmmtcsuwnqidpuypvbhix.xyz","39","makloader_dga_5300b8ec"
"psfxahvhmaxjszqfwxtoqzmuksuwfiowucqwolkt.xyz","40","makloader_dga_5300b8ec"
"akthzxktggttplkcwawvjblifudefioaifgrhzjc.xyz","41","makloader_dga_5300b8ec"
"tvdethapzrfkgdtzfgvabyxtgiaxhlepfckkmtkj.xyz","42","makloader_dga_5300b8ec"
"tlrpfigxwtfczpasmaujlrssjfdjfrvcxuovhqxf.xyz","43","makloader_dga_5300b8ec"
"qfzthpmowapptluctjcmgikqyeydinckbdfxxqbc.xyz","44","makloader_dga_5300b8ec"
"uopyovwvlejwarsrzpziwwtaqphlnhtgwnwrfrmt.xyz","45","makloader_dga_5300b8ec"
"jhcsxscxxxhskfvkqwxulitpbzgquwraouanhfdz.xyz","46","makloader_dga_5300b8ec"
"hofhekrchdhuqmeqhcrrmzfhoiuslnrrjmrgsckm.xyz","47","makloader_dga_5300b8ec"
"gzsclsvctsuatlnanzgwqwdqlujdbiwkoycqyajh.xyz","48","makloader_dga_5300b8ec"
"oxzgbpishxtccfstnzhyypxeofsmqjrhbdmdngsi.xyz","49","makloader_dga_5300b8ec"
"gzqzneafvfrkzdzjaqxpjnjnvsxxfpqkqpzmgyiv.xyz","50","makloader_dga_5300b8ec"
"hrmhrhnvmbkrjamnnusslzwtolaawtpvdgneiray.xyz","51","makloader_dga_5300b8ec"
"axunyttydypzdxkejeqomjowdleaaourvsmyryqd.xyz","52","makloader_dga_5300b8ec"
"xbzxhgsfxnfffoxlybnodygzqzaxhycidvqybcph.xyz","53","makloader_dga_5300b8ec"
"rnjvyrhisqghpoiciihagqquofayqiezkcqewjte.xyz","54","makloader_dga_5300b8ec"
"uzpajlubedzlqicsgkqkjarhwnobixuecdzktuot.xyz","55","makloader_dga_5300b8ec"
"ejakthmzaveafnggdelrhtaaamikyxpaevaspwik.xyz","56","makloader_dga_5300b8ec"
"yxcyoccpdcrpfeehuvlqoyfqkldpertdfceomhum.xyz","57","makloader_dga_5300b8ec"
"tcbvcpvqvwwisgvljirpieqbodskzejdghiifkkj.xyz","58","makloader_dga_5300b8ec"
"xeteairtsgonofopmedjwvfijkkubijefgcpsuhv.xyz","59","makloader_dga_5300b8ec"
"acirzotttedrrryrffutlkrbomoacjthhnqnpvax.xyz","60","makloader_dga_5300b8ec"
"stojkepaqacxoftfycuvvoemchnfkeavckjgnhid.xyz","61","makloader_dga_5300b8ec"
"lsinohexguzdijnoqnltgcexevhywmzqtidzncgz.xyz","62","makloader_dga_5300b8ec"
"nmzdeqlzvwjxbpedpftbwzqhzeqjwxzormckwexf.xyz","63","makloader_dga_5300b8ec"
"kjzhrsmfggmnzvtfkpvubbhymkvzgnhiqnikurkp.xyz","64","makloader_dga_5300b8ec"
"obwsszdufpcpwwoxywulqjmvivxyiqnviepmvcqf.xyz","65","makloader_dga_5300b8ec"
"gzxfdlicqqslymdkkrfuriqwwkvesggxvjpyygfq.xyz","66","makloader_dga_5300b8ec"
"btpcsojoklugdpxcchvrkunnljeywkjzqshokoyt.xyz","67","makloader_dga_5300b8ec"
"pjyezfqgwheoxgmrfzytzudbfwugapdgkewggqtd.xyz","68","makloader_dga_5300b8ec"
"aqugxcpfopmabcuolwycpbztskypdaorijhsqbvw.xyz","69","makloader_dga_5300b8ec"
"gtodbcnivghwdqystkufkzxdjoajpaxytcyqwzgw.xyz","70","makloader_dga_5300b8ec"
"dyksjovxsdymmpwopzylawuzlhhwzbcydhqowcsn.xyz","71","makloader_dga_5300b8ec"
"qgarxdsxonbdhnfkryfadgucqwbjdrtqhwiciaip.xyz","72","makloader_dga_5300b8ec"
"zvymvykbbczavenhuiegqficvcyrgpkxmtmdqtth.xyz","73","makloader_dga_5300b8ec"
"mdclghzqrxygngynhrzsvwxsikwuektwnljvxhre.xyz","74","makloader_dga_5300b8ec"
"rhlfehdvyoywhwyrmucyvmlvnpgdrnyjaumlddma.xyz","75","makloader_dga_5300b8ec"
"vgucviytzhfrhuxsugyzdtnaehssettbqmqvjhqa.xyz","76","makloader_dga_5300b8ec"
"xdwmgfbenkqwftwpohssegrlofnjyqehefoszocy.xyz","77","makloader_dga_5300b8ec"
"jyrbmseqkpfsiopwtwkhjhnernhbohyoeshioomd.xyz","78","makloader_dga_5300b8ec"
"sspofcxmpxyfdzuvpfgqorqifbsvksqucnaakonq.xyz","79","makloader_dga_5300b8ec"
"eotjimibtlszzoxipptuvrmokvnbutjytetpzwic.xyz","80","makloader_dga_5300b8ec"
"zztwungftohqyhypthkavolbkmxqeyiplnykbjbt.xyz","81","makloader_dga_5300b8ec"
"hqwvabykvnbhrtwvkhvibgabiipdfabqpmxxgiub.xyz","82","makloader_dga_5300b8ec"
"ubedmngbjvsvhfctgyqufaobgdxwalspggeobvil.xyz","83","makloader_dga_5300b8ec"
"vcctnriayedpsvrygktkvllpmqzydkqahwadkrxv.xyz","84","makloader_dga_5300b8ec"
"kzolhxldewhzhdxokfygrzaltrkxraxmoakieocf.xyz","85","makloader_dga_5300b8ec"
"ypnlxmyynyihmtrpjbimrthyvcjdsqiglvbsdjqz.xyz","86","makloader_dga_5300b8ec"
"fwcwtllopclzbsjjrmvmozndqpreipgbsetgdgfo.xyz","87","makloader_dga_5300b8ec"
"yvshvzwudadsmtotvamgheckfnlswmawmjfnphsx.xyz","88","makloader_dga_5300b8ec"
"qzzackdxlozirghczdisodjstcevoapyczhowtrh.xyz","89","makloader_dga_5300b8ec"
"obsizkiudtxlwlihkzlhhabrefxtbfreulhayifs.xyz","90","makloader_dga_5300b8ec"
"wjniunzdjcehkbfepctyzsldgzfwcjmbevjowqnl.xyz","91","makloader_dga_5300b8ec"
"cyigcmnorgpkkojobtfeyhfvjxbgqzmcjmbrxzqd.xyz","92","makloader_dga_5300b8ec"
"kzfttkzruhmrovownvhllviqloakzqbqcoabdeep.xyz","93","makloader_dga_5300b8ec"
"xhordgyzubyhzzjlljqqwipkhknchjdqamzswgau.xyz","94","makloader_dga_5300b8ec"
"trktdxhivduicusinfgpebmhwgzkdnskiewbqfkf.xyz","95","makloader_dga_5300b8ec"
"tqtovcengbrumccxtvnonjlfnqegupbrqtanctkr.xyz","96","makloader_dga_5300b8ec"
"sjarzxchgqgbgmgknovzvbvhjejiftgzrjdiboqh.xyz","97","makloader_dga_5300b8ec"
"crekjdjuwjbquptsskptngahezbtcrkgjpziwjrk.xyz","98","makloader_dga_5300b8ec"
"ornztqynupfxyaeefemxnrkhtfdjfetvvwujwzcm.xyz","99","makloader_dga_5300b8ec"
"ohizjynzsoquabcmprydkhzbdvvbkelholhgmjxb.xyz","100","makloader_dga_5300b8ec"
"piffhrvithcbxoahvqngqoarohgaeruaxnhebvqk.xyz","101","makloader_dga_5300b8ec"
"tcnncnsbmocwpbjzuljdffaplwhyfveuwleoikzh.xyz","102","makloader_dga_5300b8ec"
"fefnvlrdniralcnwusfnpprrxurrvitualvhgekz.xyz","103","makloader_dga_5300b8ec"
"sexqjxqhyuafvfempfgdmboblphepqofltcjlije.xyz","104","makloader_dga_5300b8ec"
"fcazqwejplnyxzcimnelefzwmetdqsnsjlmlhjqw.xyz","105","makloader_dga_5300b8ec"
"svzkcdcghmkifyfhjwkkwimkvztlrpjkwzdwrnqk.xyz","106","makloader_dga_5300b8ec"
"cubroqcqhwveycgjlgphxaisvjzibizgpboygaap.xyz","107","makloader_dga_5300b8ec"
"eyztvkkaxivltglfmxaphdfakecyayedcuctwawe.xyz","108","makloader_dga_5300b8ec"
"bhenndkgplzumgrtelhbnxikdjmgdhhfipgkgifj.xyz","109","makloader_dga_5300b8ec"
"evafidkibjnpjvenuwygekrttqvrgxjioliqgpom.xyz","110","makloader_dga_5300b8ec"
"iecxdthercvtgqrwfpumktnizmlbaodaafybsnlu.xyz","111","makloader_dga_5300b8ec"
"qjiynqjadixanrhyhujbpkzprjywigbcxkqxuizh.xyz","112","makloader_dga_5300b8ec"
"ehrqwjznnsyvdgvmtyvqrzsdvizdcnncaqlkhikv.xyz","113","makloader_dga_5300b8ec"
"kogsnsjyosahkidmumebtaomjosbeccgcjaazkaa.xyz","114","makloader_dga_5300b8ec"
"ejmpmvlilzefobnsfbkwmjfanrqzwnojhibzuusr.xyz","115","makloader_dga_5300b8ec"
"jrdzarprnefagciumclpzoswfqepqbybvadotazy.xyz","116","makloader_dga_5300b8ec"
"vyqkdervpzosjdaliwpnkaykzcgshwjmyejyuoat.xyz","117","makloader_dga_5300b8ec"
"afuvkgyunhpjsiztajwyfuueskvcpzscyucermxl.xyz","118","makloader_dga_5300b8ec"
"kggclqadhejuxtewcamogllmzchcxakvtxufzvtn.xyz","119","makloader_dga_5300b8ec"
"jjtptjawlhkwlmwptbblapojvqbbojbzddgevueo.xyz","120","makloader_dga_5300b8ec"
"vzizfflkxxoyextsjbbgbdzsjrilkqewsutnexjh.xyz","121","makloader_dga_5300b8ec"
"eeepxumbbivnjkdfgksresrbjfqyxavddrqhvlou.xyz","122","makloader_dga_5300b8ec"
"bxxjvicqqfjrkfqygoipgbfcmewdcdhazoxicnms.xyz","123","makloader_dga_5300b8ec"
"xoadtaliwcpacfelnxnjyhdscagjsmsvyewakqhn.xyz","124","makloader_dga_5300b8ec"
"mqlqdiwlyogrhmlsvcgqeymrbpweedsfjsumuzpj.xyz","125","makloader_dga_5300b8ec"
"brngmmgnacnvklbmgdygqpkybzpvgtsfegbnfukc.xyz","126","makloader_dga_5300b8ec"
"wnpllzfuqlyghgwupwfgllixmfedozeyeshibmwb.xyz","127","makloader_dga_5300b8ec"
"upmdoqvkrgeymroimglxezaenosqjqbzckylbgkd.xyz","128","makloader_dga_5300b8ec"
"mqtpkihfnbzsvwkqsiyasqckljledaafldipjotd.xyz","129","makloader_dga_5300b8ec"
"zkgsyrxpozcvkxcekcofrcafzygbkfizioxvrfvb.xyz","130","makloader_dga_5300b8ec"
"yuxffxpzlnqystxsyibdrpxohnlgemlzbswhkkxs.xyz","131","makloader_dga_5300b8ec"
"cowioncnorgtmaqhinewzaadmuvsfwdpbeflsndi.xyz","132","makloader_dga_5300b8ec"
"htexerfiufwezriguepfpmaoaevecmiygxrdterd.xyz","133","makloader_dga_5300b8ec"
"bznwkmzgjfbogoyaaynmdfyuzvfbddumvwhdehcl.xyz","134","makloader_dga_5300b8ec"
"ikxnmunkhwsvmimbvmvbtnmwhqppklhealjgstbl.xyz","135","makloader_dga_5300b8ec"
"agnucutsqhrwsjldkshloaxxazszlgkilcrgnqae.xyz","136","makloader_dga_5300b8ec"
"runvgfxhjftyjupltukezykqgqycmflsfvojympc.xyz","137","makloader_dga_5300b8ec"
"kploirfktfjbdahlstqmvzuvhtktrbfdwujelyal.xyz","138","makloader_dga_5300b8ec"
"gtesfwqrrgdfvylujvtoppwhjjiuuksykihsprbq.xyz","139","makloader_dga_5300b8ec"
"pivhnkapjkjbkyphcvtgdtdhwxyekiksbcvyfcpn.xyz","140","makloader_dga_5300b8ec"
"ixwlodklbvyjrlyyraccapbudhbjidznpippktpp.xyz","141","makloader_dga_5300b8ec"
"hgbolarigdstrswpjixdwdsspbdvvfmlnoixbxyl.xyz","142","makloader_dga_5300b8ec"
"zzgcmwggilscvcyeezizshbmerrjvsvuysvnscfw.xyz","143","makloader_dga_5300b8ec"
"vqdvurdakytjfzhlnhgnglpotgvyhonbdulyiket.xyz","144","makloader_dga_5300b8ec"
"pmusabfqcdsndexnjhzslhiphuwvgszxldnkulkn.xyz","145","makloader_dga_5300b8ec"
"mjbygpsfkcxxfpdianbjdnrafyoqxjnngxhsohlm.xyz","146","makloader_dga_5300b8ec"
"xzaocdvrzqaxlexeatvgigtuzbodfmpgqgsszdhd.xyz","147","makloader_dga_5300b8ec"
"zarctdgmusnzpoejgtvjeuuqoluitlevbcwajttz.xyz","148","makloader_dga_5300b8ec"
"nftamsmgqjohpssvxdhlcmudilqmeiiikwurmjyl.xyz","149","makloader_dga_5300b8ec"
"fmgoctgpyfmvgszbntpioovehluwxjqwsibaebws.xyz","150","makloader_dga_5300b8ec"
"sdwbhnwbqnjzallfoaukvywtbaflmwtvrdsubzaq.xyz","151","makloader_dga_5300b8ec"
"sdzfuiqcskhupxpwpmrjohlzvjhhirbaeoyzukzn.xyz","152","makloader_dga_5300b8ec"
"berujlathlklsmtffiojwssurxekmmvfqrrtfvxf.xyz","153","makloader_dga_5300b8ec"
"ogumoqrnnbqjhjynitdjzitjfzujxfikdaycaexh.xyz","154","makloader_dga_5300b8ec"
"nhwcxqzznaubqrcfrwefnijkbgofguqluwblgyql.xyz","155","makloader_dga_5300b8ec"
"nlvwylquqiyvlftmesbmbagnugnjuobdqjvewijb.xyz","156","makloader_dga_5300b8ec"
"jozdbmynsmhadupalospzaoykpwaubdtjhyqqzed.xyz","157","makloader_dga_5300b8ec"
"ldqxidxtwyxvwehqggfyebzwoyzljkuwwzwqbxie.xyz","158","makloader_dga_5300b8ec"
"hjaqphypovnqzhiatfrabjsfhgjwjatcvzcdftvn.xyz","159","makloader_dga_5300b8ec"
"gopekvilzesvululpzfrqmlwxsixykgiwiycvxzf.xyz","160","makloader_dga_5300b8ec"
"iyyytuikcqrpzvlolarvnnqvoglyogeffjlbqmzj.xyz","161","makloader_dga_5300b8ec"
"wtckvynfoockxblcjurxrifkolexaydtiouidezm.xyz","162","makloader_dga_5300b8ec"
"oobrgirogaiochbnkguklsusqmdgayqirxuajbky.xyz","163","makloader_dga_5300b8ec"
"cjsxrjpeutpqwvepbaqgyxavqfhsfyxilnzqhmca.xyz","164","makloader_dga_5300b8ec"
"hpunuarjiyndhtbkdocamfowshrkajnxzbywjdcs.xyz","165","makloader_dga_5300b8ec"
"mophxjjhoohrikajavjzrcxslxkvaqdljzzbvsnr.xyz","166","makloader_dga_5300b8ec"
"zikarmigwqnckspbuugmhdvhpnymeqyoefjyqmgp.xyz","167","makloader_dga_5300b8ec"
"mjkqhaognoguhcthigygjjdrkcdtfbtfawrdxglh.xyz","168","makloader_dga_5300b8ec"
"pvxknssdapkmruemsbueiqyqqdgtnktjtusvynop.xyz","169","makloader_dga_5300b8ec"
"dvpfksvtocrmjqmuolwlaizbqgqhubhqaocqtbxj.xyz","170","makloader_dga_5300b8ec"
"glanllyvemkplfvypimlxhmofjdcfoerorvuyjha.xyz","171","makloader_dga_5300b8ec"
"pzehaiknlqxqtdnonezimuxukydlaqlxjpmcearj.xyz","172","makloader_dga_5300b8ec"
"iulwfmhyjxhykhxclqjewxocgrxgflpjhnnjcjgw.xyz","173","makloader_dga_5300b8ec"
"zwqovscjpxfyvwnzetsiitwhpwhartbpcariyehv.xyz","174","makloader_dga_5300b8ec"
"wafwlsaoqytdrygtuzoqthtjjbxeubsyxgrqrxpf.xyz","175","makloader_dga_5300b8ec"
"yntfptgrsluxhzuxbdullgdcvmaabfzdsljlnept.xyz","176","makloader_dga_5300b8ec"
"kkmpitrnxdlruvueoibybdzxvoshaconzaaqkncl.xyz","177","makloader_dga_5300b8ec"
"ltsygcdnbtwiieaufwmhcpbmvimfjpufmkcfjbim.xyz","178","makloader_dga_5300b8ec"
"evxacwvxjlkzamvzurfdivopumbshpuecuyeapgk.xyz","179","makloader_dga_5300b8ec"
"xqqqinrypthxyomehysgvlwkyrgycmfyumxvdkxg.xyz","180","makloader_dga_5300b8ec"
"xmrjwcywszjmrytidroizevvgwotwtqxlzhsccjh.xyz","181","makloader_dga_5300b8ec"
"phpkcyduseyamzbxmtzbjrvnaslqefkixqhyycvx.xyz","182","makloader_dga_5300b8ec"
"mhyawsffzfvsggttcnreuuzgannbdcxlfhueuebk.xyz","183","makloader_dga_5300b8ec"
"iazglimjljptiuqipuwmoemlicypmsteumrhcjon.xyz","184","makloader_dga_5300b8ec"
"puunsxtmnbpzndqcpxgrdphnhebiouretbrwgzkq.xyz","185","makloader_dga_5300b8ec"
"lcikbtqzkimezzheupjucfbcbmtbiesvhnknntic.xyz","186","makloader_dga_5300b8ec"
"hyeyvacvpjmmzhtmfppaalyduwgocttnidobuyip.xyz","187","makloader_dga_5300b8ec"
"lraruqefshrxcqpvtnjnvfvhdiwywynknarbjaeb.xyz","188","makloader_dga_5300b8ec"
"neoatassoiieitquhztizcsxjbreszaddlqfctta.xyz","189","makloader_dga_5300b8ec"
"gwmuamxyqyycdwxftsnudvwuboferwzpbtbytnpb.xyz","190","makloader_dga_5300b8ec"
"wxejcjtujujujhlonvqhbywrppgjnampqspnixan.xyz","191","makloader_dga_5300b8ec"
"efrfngpetnwplhckpcntyacbhhrapeqrixpssvkf.xyz","192","makloader_dga_5300b8ec"
"oeaggozxsoczcpkvjvpitegnfsugplzqkqpvkzwk.xyz","193","makloader_dga_5300b8ec"
"svgvmpopesdtjuwjosbrameegopiyyygssrvwfei.xyz","194","makloader_dga_5300b8ec"
"ajmnjxxnokrlhqfnofknwlwpkbonqrmdhkswqczq.xyz","195","makloader_dga_5300b8ec"
"xkxdkyqnqssrvjdogcpacscvuqtxeqiqjlppuvkg.xyz","196","makloader_dga_5300b8ec"
"lsxfrpgxiyhhhhuwdfdgsdupikizkriqwjmlgzas.xyz","197","makloader_dga_5300b8ec"
"rmerrwxzxsbepenehumkbvtxhdjtmtxpcuahlfrj.xyz","198","makloader_dga_5300b8ec"
"txwikqyratklwwmuazzfswsoxnshvqefkvvjfaeq.xyz","199","makloader_dga_5300b8ec"
"bgrfwlfyyoaqrghuasbxwmqldfpysbaazcoehmwe.xyz","200","makloader_dga_5300b8ec"
"hdeqdabpfftwxnsqnwxkseccpdptfhchtomxsqww.xyz","201","makloader_dga_5300b8ec"
"kicceidjyydfeqzhvydmkgpybkfelfpccdpvzeka.xyz","202","makloader_dga_5300b8ec"
"uvhtgrbzhakassjwlummntqseswncnfdcqaqbmau.xyz","203","makloader_dga_5300b8ec"
"weyuqmrxaatoaoovvgwbrpasuifqgjjlqvaylwua.xyz","204","makloader_dga_5300b8ec"
"vxlxiwvjkmoyqlwmkpdtibssbgfauxgpntauijaz.xyz","205","makloader_dga_5300b8ec"
"yvlsrwclhaqjllbrwpnxcodxwsmyrlowvdflwpxd.xyz","206","makloader_dga_5300b8ec"
"epolyxywuyotkxojmhnxlgrkivnndtheeecvnkdh.xyz","207","makloader_dga_5300b8ec"
"wkwoikhpqlafdnytkxowkrlqiugtntlyvzanfpys.xyz","208","makloader_dga_5300b8ec"
"oykgvubwvbloonfwacabtubemaasekkndanuumih.xyz","209","makloader_dga_5300b8ec"
"plegwogyjsvolsjxelwgbwbknhxizrknpfpzcecl.xyz","210","makloader_dga_5300b8ec"
"pqnddaivixreqsfcmrdwawexfxlgjyvyqxbopxmn.xyz","211","makloader_dga_5300b8ec"
"dbxbynrcrwlluyahnrpgoulvexszfkxufmtdlcgq.xyz","212","makloader_dga_5300b8ec"
"ecohdnqqyunhchlgbzxyfdmsfwydeuavgmdbbdbr.xyz","213","makloader_dga_5300b8ec"
"fybkfrnmrafgamlgmylpokfgfcgvdkkinopdinpr.xyz","214","makloader_dga_5300b8ec"
"lbhdlwkqsvahuxfnwaggfyrzjuhvnaspsuhicjky.xyz","215","makloader_dga_5300b8ec"
"taekogfpilwieuyfkfkcgcssgspijclwsgppjwbb.xyz","216","makloader_dga_5300b8ec"
"ivahukydyyajqpmbljypuraewxgdvtcoxsrtkhhn.xyz","217","makloader_dga_5300b8ec"
"duztcdpixoicrjwclyzbqpdjkdfkmztlmdmarsrm.xyz","218","makloader_dga_5300b8ec"
"rpkuzflhkjncynnnmcvrqhmkibwpflcyzfnkigiz.xyz","219","makloader_dga_5300b8ec"
"nahdgkaidhvagkhbvnfevytkppldwtipnqwywpzx.xyz","220","makloader_dga_5300b8ec"
"bxqmoslkvdiqcfmxwnabhghkldyfgminllqwkfpo.xyz","221","makloader_dga_5300b8ec"
"dmxzstpgysoliqtnykkkqmmyocclbvprcstqitjs.xyz","222","makloader_dga_5300b8ec"
"xehzcwzmffacndjwihylregmzexhetjqugkefhmj.xyz","223","makloader_dga_5300b8ec"
"ylsowqansapaoxeatiebemanqxidtapwzsktqvne.xyz","224","makloader_dga_5300b8ec"
"hhkuiozunmorkvgvedsbhcsoanespylivszwbwjj.xyz","225","makloader_dga_5300b8ec"
"lqicfeuodgogqkumdrdwndxvhuzvsdtfbghhypgj.xyz","226","makloader_dga_5300b8ec"
"accrxvbyzjcptwcmeoeiwdiimzsfhgnyzcawhkty.xyz","227","makloader_dga_5300b8ec"
"hvtervpmqzlkuocnkpmypextfhlzihrfbopgncwg.xyz","228","makloader_dga_5300b8ec"
"ftfpbfcqgmfaxkuqazkaegzowphfzgbxdfvusnho.xyz","229","makloader_dga_5300b8ec"
"zleykohurjwkkjgwixwqaauqryijprokgqvgyepd.xyz","230","makloader_dga_5300b8ec"
"vpsmzxrrocdejfjffdlzodepbjrvrcinxhrvzssj.xyz","231","makloader_dga_5300b8ec"
"wpwtolncmvnyprvzbtppuelvnxfxyiqatbcisjrz.xyz","232","makloader_dga_5300b8ec"
"kexzojnrdbmpmmtcsuwnqidpuypvbhixpsfxahvh.xyz","233","makloader_dga_5300b8ec"
"maxjszqfwxtoqzmuksuwfiowucqwolktakthzxkt.xyz","234","makloader_dga_5300b8ec"
"ggttplkcwawvjblifudefioaifgrhzjctvdethap.xyz","235","makloader_dga_5300b8ec"
"zrfkgdtzfgvabyxtgiaxhlepfckkmtkjtlrpfigx.xyz","236","makloader_dga_5300b8ec"
"wtfczpasmaujlrssjfdjfrvcxuovhqxfqfzthpmo.xyz","237","makloader_dga_5300b8ec"
"wapptluctjcmgikqyeydinckbdfxxqbcuopyovwv.xyz","238","makloader_dga_5300b8ec"
"lejwarsrzpziwwtaqphlnhtgwnwrfrmtjhcsxscx.xyz","239","makloader_dga_5300b8ec"
"xxhskfvkqwxulitpbzgquwraouanhfdzhofhekrc.xyz","240","makloader_dga_5300b8ec"
"hdhuqmeqhcrrmzfhoiuslnrrjmrgsckmgzsclsvc.xyz","241","makloader_dga_5300b8ec"
"tsuatlnanzgwqwdqlujdbiwkoycqyajhoxzgbpis.xyz","242","makloader_dga_5300b8ec"
"hxtccfstnzhyypxeofsmqjrhbdmdngsigzqzneaf.xyz","243","makloader_dga_5300b8ec"
"vfrkzdzjaqxpjnjnvsxxfpqkqpzmgyivhrmhrhnv.xyz","244","makloader_dga_5300b8ec"
"mbkrjamnnusslzwtolaawtpvdgneirayaxunytty.xyz","245","makloader_dga_5300b8ec"
"dypzdxkejeqomjowdleaaourvsmyryqdxbzxhgsf.xyz","246","makloader_dga_5300b8ec"
"xnfffoxlybnodygzqzaxhycidvqybcphrnjvyrhi.xyz","247","makloader_dga_5300b8ec"
"sqghpoiciihagqquofayqiezkcqewjteuzpajlub.xyz","248","makloader_dga_5300b8ec"
"edzlqicsgkqkjarhwnobixuecdzktuotejakthmz.xyz","249","makloader_dga_5300b8ec"
"aveafnggdelrhtaaamikyxpaevaspwikyxcyoccp.xyz","250","makloader_dga_5300b8ec"
"dcrpfeehuvlqoyfqkldpertdfceomhumtcbvcpvq.xyz","251","makloader_dga_5300b8ec"
"vwwisgvljirpieqbodskzejdghiifkkjxeteairt.xyz","252","makloader_dga_5300b8ec"
"sgonofopmedjwvfijkkubijefgcpsuhvacirzott.xyz","253","makloader_dga_5300b8ec"
"tedrrryrffutlkrbomoacjthhnqnpvaxstojkepa.xyz","254","makloader_dga_5300b8ec"
"qacxoftfycuvvoemchnfkeavckjgnhidlsinohex.xyz","255","makloader_dga_5300b8ec"
"kqpvkzwksvgvmpopesdtjuwjosbrameegopiyyyg.pro","0","makloader_dga_341c1e70"
"ssrvwfeiajmnjxxnokrlhqfnofknwlwpkbonqrmd.pro","1","makloader_dga_341c1e70"
"hkswqczqxkxdkyqnqssrvjdogcpacscvuqtxeqiq.pro","2","makloader_dga_341c1e70"
"jlppuvkglsxfrpgxiyhhhhuwdfdgsdupikizkriq.pro","3","makloader_dga_341c1e70"
"wjmlgzasrmerrwxzxsbepenehumkbvtxhdjtmtxp.pro","4","makloader_dga_341c1e70"
"cuahlfrjtxwikqyratklwwmuazzfswsoxnshvqef.pro","5","makloader_dga_341c1e70"
"kvvjfaeqbgrfwlfyyoaqrghuasbxwmqldfpysbaa.pro","6","makloader_dga_341c1e70"
"zcoehmwehdeqdabpfftwxnsqnwxkseccpdptfhch.pro","7","makloader_dga_341c1e70"
"tomxsqwwkicceidjyydfeqzhvydmkgpybkfelfpc.pro","8","makloader_dga_341c1e70"
"cdpvzekauvhtgrbzhakassjwlummntqseswncnfd.pro","9","makloader_dga_341c1e70"
"cqaqbmauweyuqmrxaatoaoovvgwbrpasuifqgjjl.pro","10","makloader_dga_341c1e70"
"qvaylwuavxlxiwvjkmoyqlwmkpdtibssbgfauxgp.pro","11","makloader_dga_341c1e70"
"ntauijazyvlsrwclhaqjllbrwpnxcodxwsmyrlow.pro","12","makloader_dga_341c1e70"
"vdflwpxdepolyxywuyotkxojmhnxlgrkivnndthe.pro","13","makloader_dga_341c1e70"
"eecvnkdhwkwoikhpqlafdnytkxowkrlqiugtntly.pro","14","makloader_dga_341c1e70"
"vzanfpysoykgvubwvbloonfwacabtubemaasekkn.pro","15","makloader_dga_341c1e70"
"danuumihplegwogyjsvolsjxelwgbwbknhxizrkn.pro","16","makloader_dga_341c1e70"
"pfpzceclpqnddaivixreqsfcmrdwawexfxlgjyvy.pro","17","makloader_dga_341c1e70"
"qxbopxmndbxbynrcrwlluyahnrpgoulvexszfkxu.pro","18","makloader_dga_341c1e70"
"fmtdlcgqecohdnqqyunhchlgbzxyfdmsfwydeuav.pro","19","makloader_dga_341c1e70"
"gmdbbdbrfybkfrnmrafgamlgmylpokfgfcgvdkki.pro","20","makloader_dga_341c1e70"
"nopdinprlbhdlwkqsvahuxfnwaggfyrzjuhvnasp.pro","21","makloader_dga_341c1e70"
"suhicjkytaekogfpilwieuyfkfkcgcssgspijclw.pro","22","makloader_dga_341c1e70"
"sgppjwbbivahukydyyajqpmbljypuraewxgdvtco.pro","23","makloader_dga_341c1e70"
"xsrtkhhnduztcdpixoicrjwclyzbqpdjkdfkmztl.pro","24","makloader_dga_341c1e70"
"mdmarsrmrpkuzflhkjncynnnmcvrqhmkibwpflcy.pro","25","makloader_dga_341c1e70"
"zfnkigiznahdgkaidhvagkhbvnfevytkppldwtip.pro","26","makloader_dga_341c1e70"
"nqwywpzxbxqmoslkvdiqcfmxwnabhghkldyfgmin.pro","27","makloader_dga_341c1e70"
"llqwkfpodmxzstpgysoliqtnykkkqmmyocclbvpr.pro","28","makloader_dga_341c1e70"
"cstqitjsxehzcwzmffacndjwihylregmzexhetjq.pro","29","makloader_dga_341c1e70"
"ugkefhmjylsowqansapaoxeatiebemanqxidtapw.pro","30","makloader_dga_341c1e70"
"zsktqvnehhkuiozunmorkvgvedsbhcsoanespyli.pro","31","makloader_dga_341c1e70"
"vszwbwjjlqicfeuodgogqkumdrdwndxvhuzvsdtf.pro","32","makloader_dga_341c1e70"
"bghhypgjaccrxvbyzjcptwcmeoeiwdiimzsfhgny.pro","33","makloader_dga_341c1e70"
"zcawhktyhvtervpmqzlkuocnkpmypextfhlzihrf.pro","34","makloader_dga_341c1e70"
"bopgncwgftfpbfcqgmfaxkuqazkaegzowphfzgbx.pro","35","makloader_dga_341c1e70"
"dfvusnhozleykohurjwkkjgwixwqaauqryijprok.pro","36","makloader_dga_341c1e70"
"gqvgyepdvpsmzxrrocdejfjffdlzodepbjrvrcin.pro","37","makloader_dga_341c1e70"
"xhrvzssjwpwtolncmvnyprvzbtppuelvnxfxyiqa.pro","38","makloader_dga_341c1e70"
"tbcisjrzkexzojnrdbmpmmtcsuwnqidpuypvbhix.pro","39","makloader_dga_341c1e70"
"psfxahvhmaxjszqfwxtoqzmuksuwfiowucqwolkt.pro","40","makloader_dga_341c1e70"
"akthzxktggttplkcwawvjblifudefioaifgrhzjc.pro","41","makloader_dga_341c1e70"
"tvdethapzrfkgdtzfgvabyxtgiaxhlepfckkmtkj.pro","42","makloader_dga_341c1e70"
"tlrpfigxwtfczpasmaujlrssjfdjfrvcxuovhqxf.pro","43","makloader_dga_341c1e70"
"qfzthpmowapptluctjcmgikqyeydinckbdfxxqbc.pro","44","makloader_dga_341c1e70"
"uopyovwvlejwarsrzpziwwtaqphlnhtgwnwrfrmt.pro","45","makloader_dga_341c1e70"
"jhcsxscxxxhskfvkqwxulitpbzgquwraouanhfdz.pro","46","makloader_dga_341c1e70"
"hofhekrchdhuqmeqhcrrmzfhoiuslnrrjmrgsckm.pro","47","makloader_dga_341c1e70"
"gzsclsvctsuatlnanzgwqwdqlujdbiwkoycqyajh.pro","48","makloader_dga_341c1e70"
"oxzgbpishxtccfstnzhyypxeofsmqjrhbdmdngsi.pro","49","makloader_dga_341c1e70"
"gzqzneafvfrkzdzjaqxpjnjnvsxxfpqkqpzmgyiv.pro","50","makloader_dga_341c1e70"
"hrmhrhnvmbkrjamnnusslzwtolaawtpvdgneiray.pro","51","makloader_dga_341c1e70"
"axunyttydypzdxkejeqomjowdleaaourvsmyryqd.pro","52","makloader_dga_341c1e70"
"xbzxhgsfxnfffoxlybnodygzqzaxhycidvqybcph.pro","53","makloader_dga_341c1e70"
"rnjvyrhisqghpoiciihagqquofayqiezkcqewjte.pro","54","makloader_dga_341c1e70"
"uzpajlubedzlqicsgkqkjarhwnobixuecdzktuot.pro","55","makloader_dga_341c1e70"
"ejakthmzaveafnggdelrhtaaamikyxpaevaspwik.pro","56","makloader_dga_341c1e70"
"yxcyoccpdcrpfeehuvlqoyfqkldpertdfceomhum.pro","57","makloader_dga_341c1e70"
"tcbvcpvqvwwisgvljirpieqbodskzejdghiifkkj.pro","58","makloader_dga_341c1e70"
"xeteairtsgonofopmedjwvfijkkubijefgcpsuhv.pro","59","makloader_dga_341c1e70"
"acirzotttedrrryrffutlkrbomoacjthhnqnpvax.pro","60","makloader_dga_341c1e70"
"stojkepaqacxoftfycuvvoemchnfkeavckjgnhid.pro","61","makloader_dga_341c1e70"
"lsinohexguzdijnoqnltgcexevhywmzqtidzncgz.pro","62","makloader_dga_341c1e70"
"nmzdeqlzvwjxbpedpftbwzqhzeqjwxzormckwexf.pro","63","makloader_dga_341c1e70"
"kjzhrsmfggmnzvtfkpvubbhymkvzgnhiqnikurkp.pro","64","makloader_dga_341c1e70"
"obwsszdufpcpwwoxywulqjmvivxyiqnviepmvcqf.pro","65","makloader_dga_341c1e70"
"gzxfdlicqqslymdkkrfuriqwwkvesggxvjpyygfq.pro","66","makloader_dga_341c1e70"
"btpcsojoklugdpxcchvrkunnljeywkjzqshokoyt.pro","67","makloader_dga_341c1e70"
"pjyezfqgwheoxgmrfzytzudbfwugapdgkewggqtd.pro","68","makloader_dga_341c1e70"
"aqugxcpfopmabcuolwycpbztskypdaorijhsqbvw.pro","69","makloader_dga_341c1e70"
"gtodbcnivghwdqystkufkzxdjoajpaxytcyqwzgw.pro","70","makloader_dga_341c1e70"
"dyksjovxsdymmpwopzylawuzlhhwzbcydhqowcsn.pro","71","makloader_dga_341c1e70"
"qgarxdsxonbdhnfkryfadgucqwbjdrtqhwiciaip.pro","72","makloader_dga_341c1e70"
"zvymvykbbczavenhuiegqficvcyrgpkxmtmdqtth.pro","73","makloader_dga_341c1e70"
"mdclghzqrxygngynhrzsvwxsikwuektwnljvxhre.pro","74","makloader_dga_341c1e70"
"rhlfehdvyoywhwyrmucyvmlvnpgdrnyjaumlddma.pro","75","makloader_dga_341c1e70"
"vgucviytzhfrhuxsugyzdtnaehssettbqmqvjhqa.pro","76","makloader_dga_341c1e70"
"xdwmgfbenkqwftwpohssegrlofnjyqehefoszocy.pro","77","makloader_dga_341c1e70"
"jyrbmseqkpfsiopwtwkhjhnernhbohyoeshioomd.pro","78","makloader_dga_341c1e70"
"sspofcxmpxyfdzuvpfgqorqifbsvksqucnaakonq.pro","79","makloader_dga_341c1e70"
"eotjimibtlszzoxipptuvrmokvnbutjytetpzwic.pro","80","makloader_dga_341c1e70"
"zztwungftohqyhypthkavolbkmxqeyiplnykbjbt.pro","81","makloader_dga_341c1e70"
"hqwvabykvnbhrtwvkhvibgabiipdfabqpmxxgiub.pro","82","makloader_dga_341c1e70"
"ubedmngbjvsvhfctgyqufaobgdxwalspggeobvil.pro","83","makloader_dga_341c1e70"
"vcctnriayedpsvrygktkvllpmqzydkqahwadkrxv.pro","84","makloader_dga_341c1e70"
"kzolhxldewhzhdxokfygrzaltrkxraxmoakieocf.pro","85","makloader_dga_341c1e70"
"ypnlxmyynyihmtrpjbimrthyvcjdsqiglvbsdjqz.pro","86","makloader_dga_341c1e70"
"fwcwtllopclzbsjjrmvmozndqpreipgbsetgdgfo.pro","87","makloader_dga_341c1e70"
"yvshvzwudadsmtotvamgheckfnlswmawmjfnphsx.pro","88","makloader_dga_341c1e70"
"qzzackdxlozirghczdisodjstcevoapyczhowtrh.pro","89","makloader_dga_341c1e70"
"obsizkiudtxlwlihkzlhhabrefxtbfreulhayifs.pro","90","makloader_dga_341c1e70"
"wjniunzdjcehkbfepctyzsldgzfwcjmbevjowqnl.pro","91","makloader_dga_341c1e70"
"cyigcmnorgpkkojobtfeyhfvjxbgqzmcjmbrxzqd.pro","92","makloader_dga_341c1e70"
"kzfttkzruhmrovownvhllviqloakzqbqcoabdeep.pro","93","makloader_dga_341c1e70"
"xhordgyzubyhzzjlljqqwipkhknchjdqamzswgau.pro","94","makloader_dga_341c1e70"
"trktdxhivduicusinfgpebmhwgzkdnskiewbqfkf.pro","95","makloader_dga_341c1e70"
"tqtovcengbrumccxtvnonjlfnqegupbrqtanctkr.pro","96","makloader_dga_341c1e70"
"sjarzxchgqgbgmgknovzvbvhjejiftgzrjdiboqh.pro","97","makloader_dga_341c1e70"
"crekjdjuwjbquptsskptngahezbtcrkgjpziwjrk.pro","98","makloader_dga_341c1e70"
"ornztqynupfxyaeefemxnrkhtfdjfetvvwujwzcm.pro","99","makloader_dga_341c1e70"
"ohizjynzsoquabcmprydkhzbdvvbkelholhgmjxb.pro","100","makloader_dga_341c1e70"
"piffhrvithcbxoahvqngqoarohgaeruaxnhebvqk.pro","101","makloader_dga_341c1e70"
"tcnncnsbmocwpbjzuljdffaplwhyfveuwleoikzh.pro","102","makloader_dga_341c1e70"
"fefnvlrdniralcnwusfnpprrxurrvitualvhgekz.pro","103","makloader_dga_341c1e70"
"sexqjxqhyuafvfempfgdmboblphepqofltcjlije.pro","104","makloader_dga_341c1e70"
"fcazqwejplnyxzcimnelefzwmetdqsnsjlmlhjqw.pro","105","makloader_dga_341c1e70"
"svzkcdcghmkifyfhjwkkwimkvztlrpjkwzdwrnqk.pro","106","makloader_dga_341c1e70"
"cubroqcqhwveycgjlgphxaisvjzibizgpboygaap.pro","107","makloader_dga_341c1e70"
"eyztvkkaxivltglfmxaphdfakecyayedcuctwawe.pro","108","makloader_dga_341c1e70"
"bhenndkgplzumgrtelhbnxikdjmgdhhfipgkgifj.pro","109","makloader_dga_341c1e70"
"evafidkibjnpjvenuwygekrttqvrgxjioliqgpom.pro","110","makloader_dga_341c1e70"
"iecxdthercvtgqrwfpumktnizmlbaodaafybsnlu.pro","111","makloader_dga_341c1e70"
"qjiynqjadixanrhyhujbpkzprjywigbcxkqxuizh.pro","112","makloader_dga_341c1e70"
"ehrqwjznnsyvdgvmtyvqrzsdvizdcnncaqlkhikv.pro","113","makloader_dga_341c1e70"
"kogsnsjyosahkidmumebtaomjosbeccgcjaazkaa.pro","114","makloader_dga_341c1e70"
"ejmpmvlilzefobnsfbkwmjfanrqzwnojhibzuusr.pro","115","makloader_dga_341c1e70"
"jrdzarprnefagciumclpzoswfqepqbybvadotazy.pro","116","makloader_dga_341c1e70"
"vyqkdervpzosjdaliwpnkaykzcgshwjmyejyuoat.pro","117","makloader_dga_341c1e70"
"afuvkgyunhpjsiztajwyfuueskvcpzscyucermxl.pro","118","makloader_dga_341c1e70"
"kggclqadhejuxtewcamogllmzchcxakvtxufzvtn.pro","119","makloader_dga_341c1e70"
"jjtptjawlhkwlmwptbblapojvqbbojbzddgevueo.pro","120","makloader_dga_341c1e70"
"vzizfflkxxoyextsjbbgbdzsjrilkqewsutnexjh.pro","121","makloader_dga_341c1e70"
"eeepxumbbivnjkdfgksresrbjfqyxavddrqhvlou.pro","122","makloader_dga_341c1e70"
"bxxjvicqqfjrkfqygoipgbfcmewdcdhazoxicnms.pro","123","makloader_dga_341c1e70"
"xoadtaliwcpacfelnxnjyhdscagjsmsvyewakqhn.pro","124","makloader_dga_341c1e70"
"mqlqdiwlyogrhmlsvcgqeymrbpweedsfjsumuzpj.pro","125","makloader_dga_341c1e70"
"brngmmgnacnvklbmgdygqpkybzpvgtsfegbnfukc.pro","126","makloader_dga_341c1e70"
"wnpllzfuqlyghgwupwfgllixmfedozeyeshibmwb.pro","127","makloader_dga_341c1e70"
"upmdoqvkrgeymroimglxezaenosqjqbzckylbgkd.pro","128","makloader_dga_341c1e70"
"mqtpkihfnbzsvwkqsiyasqckljledaafldipjotd.pro","129","makloader_dga_341c1e70"
"zkgsyrxpozcvkxcekcofrcafzygbkfizioxvrfvb.pro","130","makloader_dga_341c1e70"
"yuxffxpzlnqystxsyibdrpxohnlgemlzbswhkkxs.pro","131","makloader_dga_341c1e70"
"cowioncnorgtmaqhinewzaadmuvsfwdpbeflsndi.pro","132","makloader_dga_341c1e70"
"htexerfiufwezriguepfpmaoaevecmiygxrdterd.pro","133","makloader_dga_341c1e70"
"bznwkmzgjfbogoyaaynmdfyuzvfbddumvwhdehcl.pro","134","makloader_dga_341c1e70"
"ikxnmunkhwsvmimbvmvbtnmwhqppklhealjgstbl.pro","135","makloader_dga_341c1e70"
"agnucutsqhrwsjldkshloaxxazszlgkilcrgnqae.pro","136","makloader_dga_341c1e70"
"runvgfxhjftyjupltukezykqgqycmflsfvojympc.pro","137","makloader_dga_341c1e70"
"kploirfktfjbdahlstqmvzuvhtktrbfdwujelyal.pro","138","makloader_dga_341c1e70"
"gtesfwqrrgdfvylujvtoppwhjjiuuksykihsprbq.pro","139","makloader_dga_341c1e70"
"pivhnkapjkjbkyphcvtgdtdhwxyekiksbcvyfcpn.pro","140","makloader_dga_341c1e70"
"ixwlodklbvyjrlyyraccapbudhbjidznpippktpp.pro","141","makloader_dga_341c1e70"
"hgbolarigdstrswpjixdwdsspbdvvfmlnoixbxyl.pro","142","makloader_dga_341c1e70"
"zzgcmwggilscvcyeezizshbmerrjvsvuysvnscfw.pro","143","makloader_dga_341c1e70"
"vqdvurdakytjfzhlnhgnglpotgvyhonbdulyiket.pro","144","makloader_dga_341c1e70"
"pmusabfqcdsndexnjhzslhiphuwvgszxldnkulkn.pro","145","makloader_dga_341c1e70"
"mjbygpsfkcxxfpdianbjdnrafyoqxjnngxhsohlm.pro","146","makloader_dga_341c1e70"
"xzaocdvrzqaxlexeatvgigtuzbodfmpgqgsszdhd.pro","147","makloader_dga_341c1e70"
"zarctdgmusnzpoejgtvjeuuqoluitlevbcwajttz.pro","148","makloader_dga_341c1e70"
"nftamsmgqjohpssvxdhlcmudilqmeiiikwurmjyl.pro","149","makloader_dga_341c1e70"
"fmgoctgpyfmvgszbntpioovehluwxjqwsibaebws.pro","150","makloader_dga_341c1e70"
"sdwbhnwbqnjzallfoaukvywtbaflmwtvrdsubzaq.pro","151","makloader_dga_341c1e70"
"sdzfuiqcskhupxpwpmrjohlzvjhhirbaeoyzukzn.pro","152","makloader_dga_341c1e70"
"berujlathlklsmtffiojwssurxekmmvfqrrtfvxf.pro","153","makloader_dga_341c1e70"
"ogumoqrnnbqjhjynitdjzitjfzujxfikdaycaexh.pro","154","makloader_dga_341c1e70"
"nhwcxqzznaubqrcfrwefnijkbgofguqluwblgyql.pro","155","makloader_dga_341c1e70"
"nlvwylquqiyvlftmesbmbagnugnjuobdqjvewijb.pro","156","makloader_dga_341c1e70"
"jozdbmynsmhadupalospzaoykpwaubdtjhyqqzed.pro","157","makloader_dga_341c1e70"
"ldqxidxtwyxvwehqggfyebzwoyzljkuwwzwqbxie.pro","158","makloader_dga_341c1e70"
"hjaqphypovnqzhiatfrabjsfhgjwjatcvzcdftvn.pro","159","makloader_dga_341c1e70"
"gopekvilzesvululpzfrqmlwxsixykgiwiycvxzf.pro","160","makloader_dga_341c1e70"
"iyyytuikcqrpzvlolarvnnqvoglyogeffjlbqmzj.pro","161","makloader_dga_341c1e70"
"wtckvynfoockxblcjurxrifkolexaydtiouidezm.pro","162","makloader_dga_341c1e70"
"oobrgirogaiochbnkguklsusqmdgayqirxuajbky.pro","163","makloader_dga_341c1e70"
"cjsxrjpeutpqwvepbaqgyxavqfhsfyxilnzqhmca.pro","164","makloader_dga_341c1e70"
"hpunuarjiyndhtbkdocamfowshrkajnxzbywjdcs.pro","165","makloader_dga_341c1e70"
"mophxjjhoohrikajavjzrcxslxkvaqdljzzbvsnr.pro","166","makloader_dga_341c1e70"
"zikarmigwqnckspbuugmhdvhpnymeqyoefjyqmgp.pro","167","makloader_dga_341c1e70"
"mjkqhaognoguhcthigygjjdrkcdtfbtfawrdxglh.pro","168","makloader_dga_341c1e70"
"pvxknssdapkmruemsbueiqyqqdgtnktjtusvynop.pro","169","makloader_dga_341c1e70"
"dvpfksvtocrmjqmuolwlaizbqgqhubhqaocqtbxj.pro","170","makloader_dga_341c1e70"
"glanllyvemkplfvypimlxhmofjdcfoerorvuyjha.pro","171","makloader_dga_341c1e70"
"pzehaiknlqxqtdnonezimuxukydlaqlxjpmcearj.pro","172","makloader_dga_341c1e70"
"iulwfmhyjxhykhxclqjewxocgrxgflpjhnnjcjgw.pro","173","makloader_dga_341c1e70"
"zwqovscjpxfyvwnzetsiitwhpwhartbpcariyehv.pro","174","makloader_dga_341c1e70"
"wafwlsaoqytdrygtuzoqthtjjbxeubsyxgrqrxpf.pro","175","makloader_dga_341c1e70"
"yntfptgrsluxhzuxbdullgdcvmaabfzdsljlnept.pro","176","makloader_dga_341c1e70"
"kkmpitrnxdlruvueoibybdzxvoshaconzaaqkncl.pro","177","makloader_dga_341c1e70"
"ltsygcdnbtwiieaufwmhcpbmvimfjpufmkcfjbim.pro","178","makloader_dga_341c1e70"
"evxacwvxjlkzamvzurfdivopumbshpuecuyeapgk.pro","179","makloader_dga_341c1e70"
"xqqqinrypthxyomehysgvlwkyrgycmfyumxvdkxg.pro","180","makloader_dga_341c1e70"
"xmrjwcywszjmrytidroizevvgwotwtqxlzhsccjh.pro","181","makloader_dga_341c1e70"
"phpkcyduseyamzbxmtzbjrvnaslqefkixqhyycvx.pro","182","makloader_dga_341c1e70"
"mhyawsffzfvsggttcnreuuzgannbdcxlfhueuebk.pro","183","makloader_dga_341c1e70"
"iazglimjljptiuqipuwmoemlicypmsteumrhcjon.pro","184","makloader_dga_341c1e70"
"puunsxtmnbpzndqcpxgrdphnhebiouretbrwgzkq.pro","185","makloader_dga_341c1e70"
"lcikbtqzkimezzheupjucfbcbmtbiesvhnknntic.pro","186","makloader_dga_341c1e70"
"hyeyvacvpjmmzhtmfppaalyduwgocttnidobuyip.pro","187","makloader_dga_341c1e70"
"lraruqefshrxcqpvtnjnvfvhdiwywynknarbjaeb.pro","188","makloader_dga_341c1e70"
"neoatassoiieitquhztizcsxjbreszaddlqfctta.pro","189","makloader_dga_341c1e70"
"gwmuamxyqyycdwxftsnudvwuboferwzpbtbytnpb.pro","190","makloader_dga_341c1e70"
"wxejcjtujujujhlonvqhbywrppgjnampqspnixan.pro","191","makloader_dga_341c1e70"
"efrfngpetnwplhckpcntyacbhhrapeqrixpssvkf.pro","192","makloader_dga_341c1e70"
"oeaggozxsoczcpkvjvpitegnfsugplzqkqpvkzwk.pro","193","makloader_dga_341c1e70"
"svgvmpopesdtjuwjosbrameegopiyyygssrvwfei.pro","194","makloader_dga_341c1e70"
"ajmnjxxnokrlhqfnofknwlwpkbonqrmdhkswqczq.pro","195","makloader_dga_341c1e70"
"xkxdkyqnqssrvjdogcpacscvuqtxeqiqjlppuvkg.pro","196","makloader_dga_341c1e70"
"lsxfrpgxiyhhhhuwdfdgsdupikizkriqwjmlgzas.pro","197","makloader_dga_341c1e70"
"rmerrwxzxsbepenehumkbvtxhdjtmtxpcuahlfrj.pro","198","makloader_dga_341c1e70"
"txwikqyratklwwmuazzfswsoxnshvqefkvvjfaeq.pro","199","makloader_dga_341c1e70"
"bgrfwlfyyoaqrghuasbxwmqldfpysbaazcoehmwe.pro","200","makloader_dga_341c1e70"
"hdeqdabpfftwxnsqnwxkseccpdptfhchtomxsqww.pro","201","makloader_dga_341c1e70"
"kicceidjyydfeqzhvydmkgpybkfelfpccdpvzeka.pro","202","makloader_dga_341c1e70"
"uvhtgrbzhakassjwlummntqseswncnfdcqaqbmau.pro","203","makloader_dga_341c1e70"
"weyuqmrxaatoaoovvgwbrpasuifqgjjlqvaylwua.pro","204","makloader_dga_341c1e70"
"vxlxiwvjkmoyqlwmkpdtibssbgfauxgpntauijaz.pro","205","makloader_dga_341c1e70"
"yvlsrwclhaqjllbrwpnxcodxwsmyrlowvdflwpxd.pro","206","makloader_dga_341c1e70"
"epolyxywuyotkxojmhnxlgrkivnndtheeecvnkdh.pro","207","makloader_dga_341c1e70"
"wkwoikhpqlafdnytkxowkrlqiugtntlyvzanfpys.pro","208","makloader_dga_341c1e70"
"oykgvubwvbloonfwacabtubemaasekkndanuumih.pro","209","makloader_dga_341c1e70"
"plegwogyjsvolsjxelwgbwbknhxizrknpfpzcecl.pro","210","makloader_dga_341c1e70"
"pqnddaivixreqsfcmrdwawexfxlgjyvyqxbopxmn.pro","211","makloader_dga_341c1e70"
"dbxbynrcrwlluyahnrpgoulvexszfkxufmtdlcgq.pro","212","makloader_dga_341c1e70"
"ecohdnqqyunhchlgbzxyfdmsfwydeuavgmdbbdbr.pro","213","makloader_dga_341c1e70"
"fybkfrnmrafgamlgmylpokfgfcgvdkkinopdinpr.pro","214","makloader_dga_341c1e70"
"lbhdlwkqsvahuxfnwaggfyrzjuhvnaspsuhicjky.pro","215","makloader_dga_341c1e70"
"taekogfpilwieuyfkfkcgcssgspijclwsgppjwbb.pro","216","makloader_dga_341c1e70"
"ivahukydyyajqpmbljypuraewxgdvtcoxsrtkhhn.pro","217","makloader_dga_341c1e70"
"duztcdpixoicrjwclyzbqpdjkdfkmztlmdmarsrm.pro","218","makloader_dga_341c1e70"
"rpkuzflhkjncynnnmcvrqhmkibwpflcyzfnkigiz.pro","219","makloader_dga_341c1e70"
"nahdgkaidhvagkhbvnfevytkppldwtipnqwywpzx.pro","220","makloader_dga_341c1e70"
"bxqmoslkvdiqcfmxwnabhghkldyfgminllqwkfpo.pro","221","makloader_dga_341c1e70"
"dmxzstpgysoliqtnykkkqmmyocclbvprcstqitjs.pro","222","makloader_dga_341c1e70"
"xehzcwzmffacndjwihylregmzexhetjqugkefhmj.pro","223","makloader_dga_341c1e70"
"ylsowqansapaoxeatiebemanqxidtapwzsktqvne.pro","224","makloader_dga_341c1e70"
"hhkuiozunmorkvgvedsbhcsoanespylivszwbwjj.pro","225","makloader_dga_341c1e70"
"lqicfeuodgogqkumdrdwndxvhuzvsdtfbghhypgj.pro","226","makloader_dga_341c1e70"
"accrxvbyzjcptwcmeoeiwdiimzsfhgnyzcawhkty.pro","227","makloader_dga_341c1e70"
"hvtervpmqzlkuocnkpmypextfhlzihrfbopgncwg.pro","228","makloader_dga_341c1e70"
"ftfpbfcqgmfaxkuqazkaegzowphfzgbxdfvusnho.pro","229","makloader_dga_341c1e70"
"zleykohurjwkkjgwixwqaauqryijprokgqvgyepd.pro","230","makloader_dga_341c1e70"
"vpsmzxrrocdejfjffdlzodepbjrvrcinxhrvzssj.pro","231","makloader_dga_341c1e70"
"wpwtolncmvnyprvzbtppuelvnxfxyiqatbcisjrz.pro","232","makloader_dga_341c1e70"
"kexzojnrdbmpmmtcsuwnqidpuypvbhixpsfxahvh.pro","233","makloader_dga_341c1e70"
"maxjszqfwxtoqzmuksuwfiowucqwolktakthzxkt.pro","234","makloader_dga_341c1e70"
"ggttplkcwawvjblifudefioaifgrhzjctvdethap.pro","235","makloader_dga_341c1e70"
"zrfkgdtzfgvabyxtgiaxhlepfckkmtkjtlrpfigx.pro","236","makloader_dga_341c1e70"
"wtfczpasmaujlrssjfdjfrvcxuovhqxfqfzthpmo.pro","237","makloader_dga_341c1e70"
"wapptluctjcmgikqyeydinckbdfxxqbcuopyovwv.pro","238","makloader_dga_341c1e70"
"lejwarsrzpziwwtaqphlnhtgwnwrfrmtjhcsxscx.pro","239","makloader_dga_341c1e70"
"xxhskfvkqwxulitpbzgquwraouanhfdzhofhekrc.pro","240","makloader_dga_341c1e70"
"hdhuqmeqhcrrmzfhoiuslnrrjmrgsckmgzsclsvc.pro","241","makloader_dga_341c1e70"
"tsuatlnanzgwqwdqlujdbiwkoycqyajhoxzgbpis.pro","242","makloader_dga_341c1e70"
"hxtccfstnzhyypxeofsmqjrhbdmdngsigzqzneaf.pro","243","makloader_dga_341c1e70"
"vfrkzdzjaqxpjnjnvsxxfpqkqpzmgyivhrmhrhnv.pro","244","makloader_dga_341c1e70"
"mbkrjamnnusslzwtolaawtpvdgneirayaxunytty.pro","245","makloader_dga_341c1e70"
"dypzdxkejeqomjowdleaaourvsmyryqdxbzxhgsf.pro","246","makloader_dga_341c1e70"
"xnfffoxlybnodygzqzaxhycidvqybcphrnjvyrhi.pro","247","makloader_dga_341c1e70"
"sqghpoiciihagqquofayqiezkcqewjteuzpajlub.pro","248","makloader_dga_341c1e70"
"edzlqicsgkqkjarhwnobixuecdzktuotejakthmz.pro","249","makloader_dga_341c1e70"
"aveafnggdelrhtaaamikyxpaevaspwikyxcyoccp.pro","250","makloader_dga_341c1e70"
"dcrpfeehuvlqoyfqkldpertdfceomhumtcbvcpvq.pro","251","makloader_dga_341c1e70"
"vwwisgvljirpieqbodskzejdghiifkkjxeteairt.pro","252","makloader_dga_341c1e70"
"sgonofopmedjwvfijkkubijefgcpsuhvacirzott.pro","253","makloader_dga_341c1e70"
"tedrrryrffutlkrbomoacjthhnqnpvaxstojkepa.pro","254","makloader_dga_341c1e70"
"qacxoftfycuvvoemchnfkeavckjgnhidlsinohex.pro","255","makloader_dga_341c1e70"
