"erdoypf-inr.net","0","redyms_dga_aa996ae5"
"reqblcsh-a.net","1","redyms_dga_aa996ae5"
"anzku-bqe.net","2","redyms_dga_aa996ae5"
"sfrcmdt-wbfiktb.net","3","redyms_dga_aa996ae5"
"fsepzqgv-osvxg.net","4","redyms_dga_aa996ae5"
"obnyi-pesxbeg.net","5","redyms_dga_aa996ae5"
"boalvm-rfkor.net","6","redyms_dga_aa996ae5"
"kxjuevl-otx.net","7","redyms_dga_aa996ae5"
"xkwhriyn-g.net","8","redyms_dga_aa996ae5"
"gtfqa-hwk.net","9","redyms_dga_aa996ae5"
"ylxisjz-chloqzh.net","10","redyms_dga_aa996ae5"
"lykvfwmb-uybdm.net","11","redyms_dga_aa996ae5"
"uhteo-vkydhkm.net","12","redyms_dga_aa996ae5"
"hugrbs-xlqux.net","13","redyms_dga_aa996ae5"
"qdpakbr-uzd.net","14","redyms_dga_aa996ae5"
"dqcnxoet-m.net","15","redyms_dga_aa996ae5"
"mzlwg-ncq.net","16","redyms_dga_aa996ae5"
"erdoypf-inruwfn.net","17","redyms_dga_aa996ae5"
"reqblcsh-aehjs.net","18","redyms_dga_aa996ae5"
"anzku-bqejnqs.net","19","redyms_dga_aa996ae5"
"namxhy-drwad.net","20","redyms_dga_aa996ae5"
"wjvgqhx-afj.net","21","redyms_dga_aa996ae5"
"jwitdukz-s.net","22","redyms_dga_aa996ae5"
"sfrcm-tiw.net","23","redyms_dga_aa996ae5"
"kxjuevl-otxaclt.net","24","redyms_dga_aa996ae5"
"xkwhriyn-gknpy.net","25","redyms_dga_aa996ae5"
"gtfqa-hwkptwy.net","26","redyms_dga_aa996ae5"
"tgsdne-jxcgj.net","27","redyms_dga_aa996ae5"
"cpbmwnd-glp.net","28","redyms_dga_aa996ae5"
"pcozjaqf-y.net","29","redyms_dga_aa996ae5"
"ylxis-zoc.net","30","redyms_dga_aa996ae5"
"qdpakbr-uzdgirz.net","31","redyms_dga_aa996ae5"
"dqcnxoet-mqtve.net","32","redyms_dga_aa996ae5"
"mzlwg-ncqvzce.net","33","redyms_dga_aa996ae5"
