"urkaelt.info","0","shifu_dga_6ae3f080"
"nqqxqdg.info","1","shifu_dga_6ae3f080"
"guqstpy.info","2","shifu_dga_6ae3f080"
"lecajst.info","3","shifu_dga_6ae3f080"
"liyahhb.info","4","shifu_dga_6ae3f080"
"rsymdhk.info","5","shifu_dga_6ae3f080"
"smclmfc.info","6","shifu_dga_6ae3f080"
"rqedqrd.info","7","shifu_dga_6ae3f080"
"udududu.info","8","shifu_dga_6ae3f080"
"jlqlrlq.info","9","shifu_dga_6ae3f080"
"lroqojg.info","10","shifu_dga_6ae3f080"
"axsbjnc.info","11","shifu_dga_6ae3f080"
"svxutcm.info","12","shifu_dga_6ae3f080"
"gfnxxrt.info","13","shifu_dga_6ae3f080"
"fvffynt.info","14","shifu_dga_6ae3f080"
"wnywaia.info","15","shifu_dga_6ae3f080"
"ujolyif.info","16","shifu_dga_6ae3f080"
"txerrhc.info","17","shifu_dga_6ae3f080"
"bbtaafm.info","18","shifu_dga_6ae3f080"
"fwakadj.info","19","shifu_dga_6ae3f080"
"vroukdd.info","20","shifu_dga_6ae3f080"
"tdmuddb.info","21","shifu_dga_6ae3f080"
"usmkecy.info","22","shifu_dga_6ae3f080"
"gfsrfgr.info","23","shifu_dga_6ae3f080"
"vekqwdk.info","24","shifu_dga_6ae3f080"
"tfkyjyi.info","25","shifu_dga_6ae3f080"
"bprcfos.info","26","shifu_dga_6ae3f080"
"bgnqado.info","27","shifu_dga_6ae3f080"
"pbchjln.info","28","shifu_dga_6ae3f080"
"raemscf.info","29","shifu_dga_6ae3f080"
"oaoyorw.info","30","shifu_dga_6ae3f080"
"njkyhle.info","31","shifu_dga_6ae3f080"
"xnwwbmg.info","32","shifu_dga_6ae3f080"
"greqlro.info","33","shifu_dga_6ae3f080"
"jvyqipb.info","34","shifu_dga_6ae3f080"
"ssacqhl.info","35","shifu_dga_6ae3f080"
"crgfvym.info","36","shifu_dga_6ae3f080"
"qdkckem.info","37","shifu_dga_6ae3f080"
"dmcojiy.info","38","shifu_dga_6ae3f080"
"odshytl.info","39","shifu_dga_6ae3f080"
"wlwlwlw.info","40","shifu_dga_6ae3f080"
"laetmsv.info","41","shifu_dga_6ae3f080"
"qnbfnwu.info","42","shifu_dga_6ae3f080"
"obglxpp.info","43","shifu_dga_6ae3f080"
"oygeqwb.info","44","shifu_dga_6ae3f080"
"piimbwg.info","45","shifu_dga_6ae3f080"
"tffcnbk.info","46","shifu_dga_6ae3f080"
"mueatgp.info","47","shifu_dga_6ae3f080"
"ofbsxyr.info","48","shifu_dga_6ae3f080"
"tgevmtk.info","49","shifu_dga_6ae3f080"
"vmwwllp.info","50","shifu_dga_6ae3f080"
"nvtders.info","51","shifu_dga_6ae3f080"
"edaedbf.info","52","shifu_dga_6ae3f080"
"cwqqrwt.info","53","shifu_dga_6ae3f080"
"eahcoiu.info","54","shifu_dga_6ae3f080"
"ywausjh.info","55","shifu_dga_6ae3f080"
"wtlivmc.info","56","shifu_dga_6ae3f080"
"shwvlgx.info","57","shifu_dga_6ae3f080"
"utifwuh.info","58","shifu_dga_6ae3f080"
"gvvjtmv.info","59","shifu_dga_6ae3f080"
"bmayybr.info","60","shifu_dga_6ae3f080"
"ijlesyv.info","61","shifu_dga_6ae3f080"
"xbrgcde.info","62","shifu_dga_6ae3f080"
"ngxfihg.info","63","shifu_dga_6ae3f080"
"vqwddvg.info","64","shifu_dga_6ae3f080"
"qxjhenw.info","65","shifu_dga_6ae3f080"
"qjrtsam.info","66","shifu_dga_6ae3f080"
"fdmnfxa.info","67","shifu_dga_6ae3f080"
"hqjlvoq.info","68","shifu_dga_6ae3f080"
"ccrelks.info","69","shifu_dga_6ae3f080"
"kentpmw.info","70","shifu_dga_6ae3f080"
"jukyhqv.info","71","shifu_dga_6ae3f080"
"vttvvtt.info","72","shifu_dga_6ae3f080"
"vyijwxj.info","73","shifu_dga_6ae3f080"
"olsdhwa.info","74","shifu_dga_6ae3f080"
"ofqjqgs.info","75","shifu_dga_6ae3f080"
"hseupsn.info","76","shifu_dga_6ae3f080"
"upsnusf.info","77","shifu_dga_6ae3f080"
"fttegsf.info","78","shifu_dga_6ae3f080"
"pwiqwix.info","79","shifu_dga_6ae3f080"
"nmgxbct.info","80","shifu_dga_6ae3f080"
"hfyjrew.info","81","shifu_dga_6ae3f080"
"udsuvtb.info","82","shifu_dga_6ae3f080"
"nggoatx.info","83","shifu_dga_6ae3f080"
"dwmuhcy.info","84","shifu_dga_6ae3f080"
"oyvqcyw.info","85","shifu_dga_6ae3f080"
"eujjcnx.info","86","shifu_dga_6ae3f080"
"hdekxpo.info","87","shifu_dga_6ae3f080"
"aiffgsb.info","88","shifu_dga_6ae3f080"
"fsnjugd.info","89","shifu_dga_6ae3f080"
"weiktuj.info","90","shifu_dga_6ae3f080"
"juthkru.info","91","shifu_dga_6ae3f080"
"gdifrnc.info","92","shifu_dga_6ae3f080"
"xqobysp.info","93","shifu_dga_6ae3f080"
"jnkjyyi.info","94","shifu_dga_6ae3f080"
"gsjyqbt.info","95","shifu_dga_6ae3f080"
"knblcnb.info","96","shifu_dga_6ae3f080"
"lfhjhpe.info","97","shifu_dga_6ae3f080"
"lhmviyo.info","98","shifu_dga_6ae3f080"
"vshprff.info","99","shifu_dga_6ae3f080"
"fupghie.info","100","shifu_dga_6ae3f080"
"ifkccxv.info","101","shifu_dga_6ae3f080"
"mnvpmce.info","102","shifu_dga_6ae3f080"
"qoddrnv.info","103","shifu_dga_6ae3f080"
"kpaftyj.info","104","shifu_dga_6ae3f080"
"oguiwqs.info","105","shifu_dga_6ae3f080"
"nqtsqqt.info","106","shifu_dga_6ae3f080"
"sqqokus.info","107","shifu_dga_6ae3f080"
"wnxeqyy.info","108","shifu_dga_6ae3f080"
"pikkbwc.info","109","shifu_dga_6ae3f080"
"jwwxlbk.info","110","shifu_dga_6ae3f080"
"kocvvav.info","111","shifu_dga_6ae3f080"
"khmqlcp.info","112","shifu_dga_6ae3f080"
"tnylegd.info","113","shifu_dga_6ae3f080"
"kvublxw.info","114","shifu_dga_6ae3f080"
"uhaefdk.info","115","shifu_dga_6ae3f080"
"wppcyuc.info","116","shifu_dga_6ae3f080"
"dxpwgro.info","117","shifu_dga_6ae3f080"
"qssihtu.info","118","shifu_dga_6ae3f080"
"vpargxk.info","119","shifu_dga_6ae3f080"
"lyalkay.info","120","shifu_dga_6ae3f080"
"mmbbfdl.info","121","shifu_dga_6ae3f080"
"qcfqujg.info","122","shifu_dga_6ae3f080"
"xvikjmg.info","123","shifu_dga_6ae3f080"
"eyxnsih.info","124","shifu_dga_6ae3f080"
"sthirxg.info","125","shifu_dga_6ae3f080"
"mqqwwyp.info","126","shifu_dga_6ae3f080"
"sjiycsy.info","127","shifu_dga_6ae3f080"
"xuysvww.info","128","shifu_dga_6ae3f080"
"uwyxwmw.info","129","shifu_dga_6ae3f080"
"xtiacyf.info","130","shifu_dga_6ae3f080"
"tmlgvyd.info","131","shifu_dga_6ae3f080"
"rhkogln.info","132","shifu_dga_6ae3f080"
"lgosmgn.info","133","shifu_dga_6ae3f080"
"sclfglc.info","134","shifu_dga_6ae3f080"
"uwbpxoj.info","135","shifu_dga_6ae3f080"
"clmkwgh.info","136","shifu_dga_6ae3f080"
"futtjwx.info","137","shifu_dga_6ae3f080"
"evkqroc.info","138","shifu_dga_6ae3f080"
"pwrixcs.info","139","shifu_dga_6ae3f080"
"apcsqdg.info","140","shifu_dga_6ae3f080"
"rrchkiu.info","141","shifu_dga_6ae3f080"
"wjjtxif.info","142","shifu_dga_6ae3f080"
"klqpbep.info","143","shifu_dga_6ae3f080"
"thujthu.info","144","shifu_dga_6ae3f080"
"jiuwkhv.info","145","shifu_dga_6ae3f080"
"elrfgtq.info","146","shifu_dga_6ae3f080"
"gfusyyf.info","147","shifu_dga_6ae3f080"
"bjpxdkr.info","148","shifu_dga_6ae3f080"
"yiyjbwm.info","149","shifu_dga_6ae3f080"
"lcvnkdp.info","150","shifu_dga_6ae3f080"
"lluujef.info","151","shifu_dga_6ae3f080"
"kcjngvf.info","152","shifu_dga_6ae3f080"
"pnmugaw.info","153","shifu_dga_6ae3f080"
"odxieck.info","154","shifu_dga_6ae3f080"
"sqmavse.info","155","shifu_dga_6ae3f080"
"lhxdgal.info","156","shifu_dga_6ae3f080"
"nivfjng.info","157","shifu_dga_6ae3f080"
"qexsbqy.info","158","shifu_dga_6ae3f080"
"fdlsvek.info","159","shifu_dga_6ae3f080"
"whuiyfw.info","160","shifu_dga_6ae3f080"
"gewolwn.info","161","shifu_dga_6ae3f080"
"ytkeusl.info","162","shifu_dga_6ae3f080"
"dvrbpyy.info","163","shifu_dga_6ae3f080"
"nkxapam.info","164","shifu_dga_6ae3f080"
"cntcngf.info","165","shifu_dga_6ae3f080"
"dhehuvm.info","166","shifu_dga_6ae3f080"
"iwwlbnh.info","167","shifu_dga_6ae3f080"
"kwaqtgj.info","168","shifu_dga_6ae3f080"
"agckqyi.info","169","shifu_dga_6ae3f080"
"xkcibkc.info","170","shifu_dga_6ae3f080"
"ikjydim.info","171","shifu_dga_6ae3f080"
"cutxrai.info","172","shifu_dga_6ae3f080"
"jdtvbrr.info","173","shifu_dga_6ae3f080"
"wnckhxn.info","174","shifu_dga_6ae3f080"
"twuofoo.info","175","shifu_dga_6ae3f080"
"jsbcsmk.info","176","shifu_dga_6ae3f080"
"nkwhjes.info","177","shifu_dga_6ae3f080"
"nsaxvkt.info","178","shifu_dga_6ae3f080"
"mxhhulp.info","179","shifu_dga_6ae3f080"
"rovjwoy.info","180","shifu_dga_6ae3f080"
"grgqggt.info","181","shifu_dga_6ae3f080"
"shfurih.info","182","shifu_dga_6ae3f080"
"cgtwnpa.info","183","shifu_dga_6ae3f080"
"forbepq.info","184","shifu_dga_6ae3f080"
"cgikmos.info","185","shifu_dga_6ae3f080"
"bflryvw.info","186","shifu_dga_6ae3f080"
"brgmxnh.info","187","shifu_dga_6ae3f080"
"pqqixah.info","188","shifu_dga_6ae3f080"
"tlorqyl.info","189","shifu_dga_6ae3f080"
"wqsdqil.info","190","shifu_dga_6ae3f080"
"qdruyhm.info","191","shifu_dga_6ae3f080"
"wmvgmxd.info","192","shifu_dga_6ae3f080"
"rfretlt.info","193","shifu_dga_6ae3f080"
"kvgisow.info","194","shifu_dga_6ae3f080"
"sbyeyey.info","195","shifu_dga_6ae3f080"
"eyeyhlb.info","196","shifu_dga_6ae3f080"
"kusqcut.info","197","shifu_dga_6ae3f080"
"flodsuf.info","198","shifu_dga_6ae3f080"
"mpeqvgs.info","199","shifu_dga_6ae3f080"
"idknjxf.info","200","shifu_dga_6ae3f080"
"ihhekvt.info","201","shifu_dga_6ae3f080"
"owjgijg.info","202","shifu_dga_6ae3f080"
"xqnijjh.info","203","shifu_dga_6ae3f080"
"glhjuyj.info","204","shifu_dga_6ae3f080"
"ktakpxv.info","205","shifu_dga_6ae3f080"
"wxieyxt.info","206","shifu_dga_6ae3f080"
"vkxveug.info","207","shifu_dga_6ae3f080"
"bullmgo.info","208","shifu_dga_6ae3f080"
"ogmrkai.info","209","shifu_dga_6ae3f080"
"lgkxbra.info","210","shifu_dga_6ae3f080"
"rytughu.info","211","shifu_dga_6ae3f080"
"thgnnrr.info","212","shifu_dga_6ae3f080"
"xekqyty.info","213","shifu_dga_6ae3f080"
"bloxcks.info","214","shifu_dga_6ae3f080"
"rsqupuo.info","215","shifu_dga_6ae3f080"
"rfjvdop.info","216","shifu_dga_6ae3f080"
"bhntaim.info","217","shifu_dga_6ae3f080"
"uyxyxyx.info","218","shifu_dga_6ae3f080"
"gktavyv.info","219","shifu_dga_6ae3f080"
"xxwxqya.info","220","shifu_dga_6ae3f080"
"bhebahx.info","221","shifu_dga_6ae3f080"
"osrqyfs.info","222","shifu_dga_6ae3f080"
"onwegyo.info","223","shifu_dga_6ae3f080"
"gwdgvmq.info","224","shifu_dga_6ae3f080"
"xmeyfjd.info","225","shifu_dga_6ae3f080"
"vgrmgjl.info","226","shifu_dga_6ae3f080"
"dstobhl.info","227","shifu_dga_6ae3f080"
"asswoqa.info","228","shifu_dga_6ae3f080"
"drkjqex.info","229","shifu_dga_6ae3f080"
"vcdynun.info","230","shifu_dga_6ae3f080"
"sowfhtx.info","231","shifu_dga_6ae3f080"
"uvwxuvw.info","232","shifu_dga_6ae3f080"
"xximwgt.info","233","shifu_dga_6ae3f080"
"iulanbf.info","234","shifu_dga_6ae3f080"
"pyitfvg.info","235","shifu_dga_6ae3f080"
"vdxxyvb.info","236","shifu_dga_6ae3f080"
"xyvbxck.info","237","shifu_dga_6ae3f080"
"qybdhjm.info","238","shifu_dga_6ae3f080"
"unwkwly.info","239","shifu_dga_6ae3f080"
"lymbjst.info","240","shifu_dga_6ae3f080"
"fgbqbaw.info","241","shifu_dga_6ae3f080"
"ihkeujo.info","242","shifu_dga_6ae3f080"
"ontkyde.info","243","shifu_dga_6ae3f080"
"wjngcdm.info","244","shifu_dga_6ae3f080"
"psiebbh.info","245","shifu_dga_6ae3f080"
"anttqan.info","246","shifu_dga_6ae3f080"
"sqhkmhn.info","247","shifu_dga_6ae3f080"
"xiejamu.info","248","shifu_dga_6ae3f080"
"vtyiier.info","249","shifu_dga_6ae3f080"
"mfealya.info","250","shifu_dga_6ae3f080"
"tppxgpw.info","251","shifu_dga_6ae3f080"
"jvjuoto.info","252","shifu_dga_6ae3f080"
"skfwrgv.info","253","shifu_dga_6ae3f080"
"kaqmdyg.info","254","shifu_dga_6ae3f080"
"ygygygf.info","255","shifu_dga_6ae3f080"
"wgowgpg.info","256","shifu_dga_6ae3f080"
"ojpjojp.info","257","shifu_dga_6ae3f080"
"jomyqhn.info","258","shifu_dga_6ae3f080"
"usrmbhd.info","259","shifu_dga_6ae3f080"
"xmsumqn.info","260","shifu_dga_6ae3f080"
"wikpsqc.info","261","shifu_dga_6ae3f080"
"mecnxxs.info","262","shifu_dga_6ae3f080"
"febnayk.info","263","shifu_dga_6ae3f080"
"grgrgrg.info","264","shifu_dga_6ae3f080"
"rjevkao.info","265","shifu_dga_6ae3f080"
"euthgcg.info","266","shifu_dga_6ae3f080"
"jgkjjjc.info","267","shifu_dga_6ae3f080"
"bssljxw.info","268","shifu_dga_6ae3f080"
"kkokvgm.info","269","shifu_dga_6ae3f080"
"lgkuhgj.info","270","shifu_dga_6ae3f080"
"woqvnbh.info","271","shifu_dga_6ae3f080"
"rlrsdum.info","272","shifu_dga_6ae3f080"
"tmdjpgf.info","273","shifu_dga_6ae3f080"
"bpdprns.info","274","shifu_dga_6ae3f080"
"rpjhark.info","275","shifu_dga_6ae3f080"
"gsiurdc.info","276","shifu_dga_6ae3f080"
"nqebogq.info","277","shifu_dga_6ae3f080"
"kcyrjdb.info","278","shifu_dga_6ae3f080"
"fadjfau.info","279","shifu_dga_6ae3f080"
"vommhbt.info","280","shifu_dga_6ae3f080"
"llaxkmy.info","281","shifu_dga_6ae3f080"
"qbnudkw.info","282","shifu_dga_6ae3f080"
"emtjall.info","283","shifu_dga_6ae3f080"
"mnjnnpc.info","284","shifu_dga_6ae3f080"
"ilbrnpx.info","285","shifu_dga_6ae3f080"
"nkwdwke.info","286","shifu_dga_6ae3f080"
"dlvvodh.info","287","shifu_dga_6ae3f080"
"kmerdwe.info","288","shifu_dga_6ae3f080"
"ofxehiy.info","289","shifu_dga_6ae3f080"
"pqyqgis.info","290","shifu_dga_6ae3f080"
"ccromxd.info","291","shifu_dga_6ae3f080"
"gxpouxq.info","292","shifu_dga_6ae3f080"
"blkhnfc.info","293","shifu_dga_6ae3f080"
"fkgwmpg.info","294","shifu_dga_6ae3f080"
"rfretdt.info","295","shifu_dga_6ae3f080"
"shfofof.info","296","shifu_dga_6ae3f080"
"oibwnja.info","297","shifu_dga_6ae3f080"
"xmnytde.info","298","shifu_dga_6ae3f080"
"uwuhuiu.info","299","shifu_dga_6ae3f080"
"huiuxik.info","300","shifu_dga_6ae3f080"
"vwdwdap.info","301","shifu_dga_6ae3f080"
"meyqlfb.info","302","shifu_dga_6ae3f080"
"rnxrcvi.info","303","shifu_dga_6ae3f080"
"riiravr.info","304","shifu_dga_6ae3f080"
"faddakp.info","305","shifu_dga_6ae3f080"
"nmrhude.info","306","shifu_dga_6ae3f080"
"rhntiwe.info","307","shifu_dga_6ae3f080"
"xksxwuj.info","308","shifu_dga_6ae3f080"
"beewkgh.info","309","shifu_dga_6ae3f080"
"mbsryti.info","310","shifu_dga_6ae3f080"
"fuyajwu.info","311","shifu_dga_6ae3f080"
"wlcfhxm.info","312","shifu_dga_6ae3f080"
"ruqakfb.info","313","shifu_dga_6ae3f080"
"pyqnmwm.info","314","shifu_dga_6ae3f080"
"hiqlbdx.info","315","shifu_dga_6ae3f080"
"fyfvkwk.info","316","shifu_dga_6ae3f080"
"tgikktq.info","317","shifu_dga_6ae3f080"
"xbmpyae.info","318","shifu_dga_6ae3f080"
"ccaecin.info","319","shifu_dga_6ae3f080"
"apwpxru.info","320","shifu_dga_6ae3f080"
"jqdnuow.info","321","shifu_dga_6ae3f080"
"lwpsafo.info","322","shifu_dga_6ae3f080"
"tyxvrlh.info","323","shifu_dga_6ae3f080"
"fbuqrwt.info","324","shifu_dga_6ae3f080"
"ycnmxma.info","325","shifu_dga_6ae3f080"
"jxmajxy.info","326","shifu_dga_6ae3f080"
"cgytfjk.info","327","shifu_dga_6ae3f080"
"tkqplvc.info","328","shifu_dga_6ae3f080"
"bavwhtr.info","329","shifu_dga_6ae3f080"
"ylhkmer.info","330","shifu_dga_6ae3f080"
"ejlepvo.info","331","shifu_dga_6ae3f080"
"fmwtfrk.info","332","shifu_dga_6ae3f080"
"mpeusqp.info","333","shifu_dga_6ae3f080"
"pbmjldt.info","334","shifu_dga_6ae3f080"
"ayrcklc.info","335","shifu_dga_6ae3f080"
"rbyxfra.info","336","shifu_dga_6ae3f080"
"pnfcqmg.info","337","shifu_dga_6ae3f080"
"brotplm.info","338","shifu_dga_6ae3f080"
"fyjmxbk.info","339","shifu_dga_6ae3f080"
"lyalnac.info","340","shifu_dga_6ae3f080"
"eekkolx.info","341","shifu_dga_6ae3f080"
"ajkyykm.info","342","shifu_dga_6ae3f080"
"mnkeeom.info","343","shifu_dga_6ae3f080"
"phuxuft.info","344","shifu_dga_6ae3f080"
"iqpjsur.info","345","shifu_dga_6ae3f080"
"nopyljk.info","346","shifu_dga_6ae3f080"
"tmeodfp.info","347","shifu_dga_6ae3f080"
"lkudexh.info","348","shifu_dga_6ae3f080"
"qvdwnxa.info","349","shifu_dga_6ae3f080"
"bshhemo.info","350","shifu_dga_6ae3f080"
"fsxaqkh.info","351","shifu_dga_6ae3f080"
"sknrfbl.info","352","shifu_dga_6ae3f080"
"mltlnqd.info","353","shifu_dga_6ae3f080"
"fvgskti.info","354","shifu_dga_6ae3f080"
"qejkllf.info","355","shifu_dga_6ae3f080"
"buuonqt.info","356","shifu_dga_6ae3f080"
"yejsagk.info","357","shifu_dga_6ae3f080"
"ubfltam.info","358","shifu_dga_6ae3f080"
"ogreogr.info","359","shifu_dga_6ae3f080"
"uckqvbl.info","360","shifu_dga_6ae3f080"
"pagoubf.info","361","shifu_dga_6ae3f080"
"ptwvdch.info","362","shifu_dga_6ae3f080"
"mvbllaa.info","363","shifu_dga_6ae3f080"
"tootvle.info","364","shifu_dga_6ae3f080"
"kicquxb.info","365","shifu_dga_6ae3f080"
"smdojlo.info","366","shifu_dga_6ae3f080"
"qmfgvms.info","367","shifu_dga_6ae3f080"
"rgxdafm.info","368","shifu_dga_6ae3f080"
"hasoiyt.info","369","shifu_dga_6ae3f080"
"njbhejb.info","370","shifu_dga_6ae3f080"
"hgnupln.info","371","shifu_dga_6ae3f080"
"dhtniph.info","372","shifu_dga_6ae3f080"
"vkxjeln.info","373","shifu_dga_6ae3f080"
"skvgddj.info","374","shifu_dga_6ae3f080"
"fdqsbkk.info","375","shifu_dga_6ae3f080"
"eeqkuoy.info","376","shifu_dga_6ae3f080"
"uohbvni.info","377","shifu_dga_6ae3f080"
"awdwddq.info","378","shifu_dga_6ae3f080"
"xekujui.info","379","shifu_dga_6ae3f080"
"whwgcfc.info","380","shifu_dga_6ae3f080"
"xicmgvs.info","381","shifu_dga_6ae3f080"
"ifwrjem.info","382","shifu_dga_6ae3f080"
"ememeti.info","383","shifu_dga_6ae3f080"
"dnvtowy.info","384","shifu_dga_6ae3f080"
"umrfxxj.info","385","shifu_dga_6ae3f080"
"qxgqlkq.info","386","shifu_dga_6ae3f080"
"bnmbilh.info","387","shifu_dga_6ae3f080"
"vjgitqs.info","388","shifu_dga_6ae3f080"
"kxhdjbk.info","389","shifu_dga_6ae3f080"
"tsoayao.info","390","shifu_dga_6ae3f080"
"sybtptq.info","391","shifu_dga_6ae3f080"
"mbrdtbr.info","392","shifu_dga_6ae3f080"
"dwnhevo.info","393","shifu_dga_6ae3f080"
"gwpyrhm.info","394","shifu_dga_6ae3f080"
"fjjnhsl.info","395","shifu_dga_6ae3f080"
"tjqfaic.info","396","shifu_dga_6ae3f080"
"piskatp.info","397","shifu_dga_6ae3f080"
"tothvwh.info","398","shifu_dga_6ae3f080"
"pjtrmtc.info","399","shifu_dga_6ae3f080"
"wmqfqxi.info","400","shifu_dga_6ae3f080"
"ybjmxci.info","401","shifu_dga_6ae3f080"
"nwgnvgp.info","402","shifu_dga_6ae3f080"
"ogwxvdp.info","403","shifu_dga_6ae3f080"
"iincvss.info","404","shifu_dga_6ae3f080"
"epouiqs.info","405","shifu_dga_6ae3f080"
"jgpwvqf.info","406","shifu_dga_6ae3f080"
"arxcsoh.info","407","shifu_dga_6ae3f080"
"kqfwxtf.info","408","shifu_dga_6ae3f080"
"nnkktje.info","409","shifu_dga_6ae3f080"
"gveiunp.info","410","shifu_dga_6ae3f080"
"tgylkci.info","411","shifu_dga_6ae3f080"
"ofwduvs.info","412","shifu_dga_6ae3f080"
"uuvsuxv.info","413","shifu_dga_6ae3f080"
"pavgxkd.info","414","shifu_dga_6ae3f080"
"mbkdmbk.info","415","shifu_dga_6ae3f080"
"gyqjyph.info","416","shifu_dga_6ae3f080"
"ffhcffh.info","417","shifu_dga_6ae3f080"
"cfqhnfi.info","418","shifu_dga_6ae3f080"
"ywogvis.info","419","shifu_dga_6ae3f080"
"cmrcoky.info","420","shifu_dga_6ae3f080"
"unlxvpm.info","421","shifu_dga_6ae3f080"
"awofqhg.info","422","shifu_dga_6ae3f080"
"ddbvrny.info","423","shifu_dga_6ae3f080"
"vqblgjl.info","424","shifu_dga_6ae3f080"
"etcbvgs.info","425","shifu_dga_6ae3f080"
"fefmegj.info","426","shifu_dga_6ae3f080"
"dqwyngn.info","427","shifu_dga_6ae3f080"
"ywlumdk.info","428","shifu_dga_6ae3f080"
"oidemdr.info","429","shifu_dga_6ae3f080"
"ppgbbhu.info","430","shifu_dga_6ae3f080"
"mjgmftq.info","431","shifu_dga_6ae3f080"
"rbqmtjy.info","432","shifu_dga_6ae3f080"
"fujnqgh.info","433","shifu_dga_6ae3f080"
"mbveouq.info","434","shifu_dga_6ae3f080"
"tqsnjfa.info","435","shifu_dga_6ae3f080"
"yyyrqed.info","436","shifu_dga_6ae3f080"
"qrdephp.info","437","shifu_dga_6ae3f080"
"hphphww.info","438","shifu_dga_6ae3f080"
"yvyubtb.info","439","shifu_dga_6ae3f080"
"vuumlgk.info","440","shifu_dga_6ae3f080"
"gmifurj.info","441","shifu_dga_6ae3f080"
"evhvhvh.info","442","shifu_dga_6ae3f080"
"vhvkigh.info","443","shifu_dga_6ae3f080"
"ggiflvp.info","444","shifu_dga_6ae3f080"
"foomgwx.info","445","shifu_dga_6ae3f080"
"jrmudcp.info","446","shifu_dga_6ae3f080"
"sxnhejy.info","447","shifu_dga_6ae3f080"
"vcqlsct.info","448","shifu_dga_6ae3f080"
"yfpocmm.info","449","shifu_dga_6ae3f080"
"hyyrimo.info","450","shifu_dga_6ae3f080"
"frtcmmf.info","451","shifu_dga_6ae3f080"
"txxqivf.info","452","shifu_dga_6ae3f080"
"bbgrrej.info","453","shifu_dga_6ae3f080"
"obpklsi.info","454","shifu_dga_6ae3f080"
"riqkpko.info","455","shifu_dga_6ae3f080"
"bububub.info","456","shifu_dga_6ae3f080"
"uejqvdc.info","457","shifu_dga_6ae3f080"
"hgombyu.info","458","shifu_dga_6ae3f080"
"auyxixh.info","459","shifu_dga_6ae3f080"
"xapqxud.info","460","shifu_dga_6ae3f080"
"yidnhvp.info","461","shifu_dga_6ae3f080"
"isnmudd.info","462","shifu_dga_6ae3f080"
"wktpnov.info","463","shifu_dga_6ae3f080"
"ohnesfu.info","464","shifu_dga_6ae3f080"
"jdeicnw.info","465","shifu_dga_6ae3f080"
"sobvsii.info","466","shifu_dga_6ae3f080"
"loxlfjr.info","467","shifu_dga_6ae3f080"
"lsrnwdd.info","468","shifu_dga_6ae3f080"
"xfclovp.info","469","shifu_dga_6ae3f080"
"kkahmey.info","470","shifu_dga_6ae3f080"
"nxwcojg.info","471","shifu_dga_6ae3f080"
"swsvuuu.info","472","shifu_dga_6ae3f080"
"nerivoi.info","473","shifu_dga_6ae3f080"
"bueueue.info","474","shifu_dga_6ae3f080"
"ueuhbsr.info","475","shifu_dga_6ae3f080"
"kkkjnkn.info","476","shifu_dga_6ae3f080"
"rnsnrqk.info","477","shifu_dga_6ae3f080"
"ibattgw.info","478","shifu_dga_6ae3f080"
"gwgwgwg.info","479","shifu_dga_6ae3f080"
"asgwkbq.info","480","shifu_dga_6ae3f080"
"nggifiv.info","481","shifu_dga_6ae3f080"
"dfyllgv.info","482","shifu_dga_6ae3f080"
"einpjxr.info","483","shifu_dga_6ae3f080"
"objjdfk.info","484","shifu_dga_6ae3f080"
"nfbepkl.info","485","shifu_dga_6ae3f080"
"rcuxjrf.info","486","shifu_dga_6ae3f080"
"xxuissv.info","487","shifu_dga_6ae3f080"
"cpigoau.info","488","shifu_dga_6ae3f080"
"efqrdxh.info","489","shifu_dga_6ae3f080"
"cllxxkm.info","490","shifu_dga_6ae3f080"
"wyjqvdo.info","491","shifu_dga_6ae3f080"
"wfovwac.info","492","shifu_dga_6ae3f080"
"ehimmun.info","493","shifu_dga_6ae3f080"
"umunumx.info","494","shifu_dga_6ae3f080"
"nraegik.info","495","shifu_dga_6ae3f080"
"pqcdorb.info","496","shifu_dga_6ae3f080"
"eeeeekr.info","497","shifu_dga_6ae3f080"
"wfmfnfm.info","498","shifu_dga_6ae3f080"
"fwhjguk.info","499","shifu_dga_6ae3f080"
"mrgvopv.info","500","shifu_dga_6ae3f080"
"gbaaonn.info","501","shifu_dga_6ae3f080"
"xjiiske.info","502","shifu_dga_6ae3f080"
"tdggxtm.info","503","shifu_dga_6ae3f080"
"mrgaefx.info","504","shifu_dga_6ae3f080"
"liitijn.info","505","shifu_dga_6ae3f080"
"deflxpq.info","506","shifu_dga_6ae3f080"
"wjhfbkr.info","507","shifu_dga_6ae3f080"
"rlwiybi.info","508","shifu_dga_6ae3f080"
"wswrwvw.info","509","shifu_dga_6ae3f080"
"uwvwuwk.info","510","shifu_dga_6ae3f080"
"kwrfjgb.info","511","shifu_dga_6ae3f080"
"rhwlrrf.info","512","shifu_dga_6ae3f080"
"vdtwpjt.info","513","shifu_dga_6ae3f080"
"caxfqlj.info","514","shifu_dga_6ae3f080"
"wcdltrn.info","515","shifu_dga_6ae3f080"
"xmpukiq.info","516","shifu_dga_6ae3f080"
"dufbain.info","517","shifu_dga_6ae3f080"
"gacqalw.info","518","shifu_dga_6ae3f080"
"kyjyibh.info","519","shifu_dga_6ae3f080"
"rtfgssg.info","520","shifu_dga_6ae3f080"
"wjqoptj.info","521","shifu_dga_6ae3f080"
"ychvmmh.info","522","shifu_dga_6ae3f080"
"vcimavo.info","523","shifu_dga_6ae3f080"
"xtncxub.info","524","shifu_dga_6ae3f080"
"uinlhvm.info","525","shifu_dga_6ae3f080"
"fjmdrtc.info","526","shifu_dga_6ae3f080"
"nhkgvde.info","527","shifu_dga_6ae3f080"
"fxkurvi.info","528","shifu_dga_6ae3f080"
"vxjkwwk.info","529","shifu_dga_6ae3f080"
"jxyaxaw.info","530","shifu_dga_6ae3f080"
"njjrhml.info","531","shifu_dga_6ae3f080"
"orjvacu.info","532","shifu_dga_6ae3f080"
"gtegacj.info","533","shifu_dga_6ae3f080"
"iomtqyx.info","534","shifu_dga_6ae3f080"
"qqqpqqq.info","535","shifu_dga_6ae3f080"
"sqlbdio.info","536","shifu_dga_6ae3f080"
"xojngsa.info","537","shifu_dga_6ae3f080"
"aqvxoij.info","538","shifu_dga_6ae3f080"
"ratxvof.info","539","shifu_dga_6ae3f080"
"jnaqpqx.info","540","shifu_dga_6ae3f080"
"rsajdhl.info","541","shifu_dga_6ae3f080"
"xqdkiuv.info","542","shifu_dga_6ae3f080"
"tgvqubq.info","543","shifu_dga_6ae3f080"
"oclqkkp.info","544","shifu_dga_6ae3f080"
"baumehu.info","545","shifu_dga_6ae3f080"
"htekvbp.info","546","shifu_dga_6ae3f080"
"apygltx.info","547","shifu_dga_6ae3f080"
"hmyctqp.info","548","shifu_dga_6ae3f080"
"vlkpjwg.info","549","shifu_dga_6ae3f080"
"btfqjre.info","550","shifu_dga_6ae3f080"
"vnuwsoa.info","551","shifu_dga_6ae3f080"
"wxauhks.info","552","shifu_dga_6ae3f080"
"hdpgdfj.info","553","shifu_dga_6ae3f080"
"cfmarvy.info","554","shifu_dga_6ae3f080"
"kegodno.info","555","shifu_dga_6ae3f080"
"kwjxrvw.info","556","shifu_dga_6ae3f080"
"qcihdpn.info","557","shifu_dga_6ae3f080"
"ghwynsp.info","558","shifu_dga_6ae3f080"
"mcbonbc.info","559","shifu_dga_6ae3f080"
"qoduhyl.info","560","shifu_dga_6ae3f080"
"fofofus.info","561","shifu_dga_6ae3f080"
"hgwgvgw.info","562","shifu_dga_6ae3f080"
"xnpjpip.info","563","shifu_dga_6ae3f080"
"jpcctog.info","564","shifu_dga_6ae3f080"
"bmfqjlb.info","565","shifu_dga_6ae3f080"
"dsukmch.info","566","shifu_dga_6ae3f080"
"itugqfq.info","567","shifu_dga_6ae3f080"
"hsxlbxy.info","568","shifu_dga_6ae3f080"
"idujnmi.info","569","shifu_dga_6ae3f080"
"sbmttmx.info","570","shifu_dga_6ae3f080"
"ffxsbmi.info","571","shifu_dga_6ae3f080"
"flqkkfd.info","572","shifu_dga_6ae3f080"
"yjoqigx.info","573","shifu_dga_6ae3f080"
"nrthsbp.info","574","shifu_dga_6ae3f080"
"xculrxi.info","575","shifu_dga_6ae3f080"
"dfoefjy.info","576","shifu_dga_6ae3f080"
"qyvsdji.info","577","shifu_dga_6ae3f080"
"dhuegde.info","578","shifu_dga_6ae3f080"
"ulomthx.info","579","shifu_dga_6ae3f080"
"ukiwyvy.info","580","shifu_dga_6ae3f080"
"uuhhtqx.info","581","shifu_dga_6ae3f080"
"ucbonbf.info","582","shifu_dga_6ae3f080"
"nragmym.info","583","shifu_dga_6ae3f080"
"oabnnba.info","584","shifu_dga_6ae3f080"
"oxqwqvs.info","585","shifu_dga_6ae3f080"
"ofelipm.info","586","shifu_dga_6ae3f080"
"vyiowbj.info","587","shifu_dga_6ae3f080"
"nxakdrp.info","588","shifu_dga_6ae3f080"
"fcsogeg.info","589","shifu_dga_6ae3f080"
"wyariku.info","590","shifu_dga_6ae3f080"
"ugpqocr.info","591","shifu_dga_6ae3f080"
"eyxcqjk.info","592","shifu_dga_6ae3f080"
"mahfeyl.info","593","shifu_dga_6ae3f080"
"rosgaie.info","594","shifu_dga_6ae3f080"
"altylgw.info","595","shifu_dga_6ae3f080"
"vthshxb.info","596","shifu_dga_6ae3f080"
"frklryk.info","597","shifu_dga_6ae3f080"
"gdkvxcx.info","598","shifu_dga_6ae3f080"
"uenjgpy.info","599","shifu_dga_6ae3f080"
"lykydqt.info","600","shifu_dga_6ae3f080"
"ijuvhkt.info","601","shifu_dga_6ae3f080"
"wgagaga.info","602","shifu_dga_6ae3f080"
"gagkhkg.info","603","shifu_dga_6ae3f080"
"kycxwqw.info","604","shifu_dga_6ae3f080"
"pwqwpaq.info","605","shifu_dga_6ae3f080"
"ajmpqtl.info","606","shifu_dga_6ae3f080"
"ldduumm.info","607","shifu_dga_6ae3f080"
"hqndapo.info","608","shifu_dga_6ae3f080"
"ceoanae.info","609","shifu_dga_6ae3f080"
"epiweqn.info","610","shifu_dga_6ae3f080"
"gxaxdnk.info","611","shifu_dga_6ae3f080"
"ejttqts.info","612","shifu_dga_6ae3f080"
"syebucp.info","613","shifu_dga_6ae3f080"
"vgcrewj.info","614","shifu_dga_6ae3f080"
"thwjtho.info","615","shifu_dga_6ae3f080"
"rquwcyf.info","616","shifu_dga_6ae3f080"
"wteqpwf.info","617","shifu_dga_6ae3f080"
"vmtplwm.info","618","shifu_dga_6ae3f080"
"aehtcdb.info","619","shifu_dga_6ae3f080"
"xgrlfry.info","620","shifu_dga_6ae3f080"
"xvepkrw.info","621","shifu_dga_6ae3f080"
"phqtwmd.info","622","shifu_dga_6ae3f080"
"hjtgbag.info","623","shifu_dga_6ae3f080"
"tffctbn.info","624","shifu_dga_6ae3f080"
"guycrmo.info","625","shifu_dga_6ae3f080"
"frclbsf.info","626","shifu_dga_6ae3f080"
"eetnmnj.info","627","shifu_dga_6ae3f080"
"pkphovs.info","628","shifu_dga_6ae3f080"
"xyedoiq.info","629","shifu_dga_6ae3f080"
"goiqgol.info","630","shifu_dga_6ae3f080"
"dcuuojg.info","631","shifu_dga_6ae3f080"
"nisitkq.info","632","shifu_dga_6ae3f080"
"kumrekx.info","633","shifu_dga_6ae3f080"
"yjelcje.info","634","shifu_dga_6ae3f080"
"lcjhxri.info","635","shifu_dga_6ae3f080"
"aocqnfe.info","636","shifu_dga_6ae3f080"
"dyxdotj.info","637","shifu_dga_6ae3f080"
"xawmsuk.info","638","shifu_dga_6ae3f080"
"svqmoxm.info","639","shifu_dga_6ae3f080"
"jldqtxn.info","640","shifu_dga_6ae3f080"
"dnkhpxo.info","641","shifu_dga_6ae3f080"
"jlbkuwx.info","642","shifu_dga_6ae3f080"
"rekeqxw.info","643","shifu_dga_6ae3f080"
"odsqiqj.info","644","shifu_dga_6ae3f080"
"kvwcbjf.info","645","shifu_dga_6ae3f080"
"prceqqg.info","646","shifu_dga_6ae3f080"
"duphctt.info","647","shifu_dga_6ae3f080"
"byfejjn.info","648","shifu_dga_6ae3f080"
"odgtasa.info","649","shifu_dga_6ae3f080"
"rctcser.info","650","shifu_dga_6ae3f080"
"xeelipo.info","651","shifu_dga_6ae3f080"
"cboprpr.info","652","shifu_dga_6ae3f080"
"prprviu.info","653","shifu_dga_6ae3f080"
"itkskrh.info","654","shifu_dga_6ae3f080"
"iyyspah.info","655","shifu_dga_6ae3f080"
"pbsejlf.info","656","shifu_dga_6ae3f080"
"oqjaacu.info","657","shifu_dga_6ae3f080"
"llwuyla.info","658","shifu_dga_6ae3f080"
"iiydlbv.info","659","shifu_dga_6ae3f080"
"vicbovu.info","660","shifu_dga_6ae3f080"
"orvlbyt.info","661","shifu_dga_6ae3f080"
"gmkfrxf.info","662","shifu_dga_6ae3f080"
"dbiyair.info","663","shifu_dga_6ae3f080"
"vjwssct.info","664","shifu_dga_6ae3f080"
"swryqyp.info","665","shifu_dga_6ae3f080"
"bieieie.info","666","shifu_dga_6ae3f080"
"ieihutj.info","667","shifu_dga_6ae3f080"
"gvsrurt.info","668","shifu_dga_6ae3f080"
"lkdjwlw.info","669","shifu_dga_6ae3f080"
"kyjyibx.info","670","shifu_dga_6ae3f080"
"ixixixi.info","671","shifu_dga_6ae3f080"
"bunhcto.info","672","shifu_dga_6ae3f080"
"ggygxao.info","673","shifu_dga_6ae3f080"
"rfoeodq.info","674","shifu_dga_6ae3f080"
"tjaswyq.info","675","shifu_dga_6ae3f080"
"yurcnbs.info","676","shifu_dga_6ae3f080"
"uxfuquh.info","677","shifu_dga_6ae3f080"
"abftqbl.info","678","shifu_dga_6ae3f080"
"nduusmr.info","679","shifu_dga_6ae3f080"
"mhhvgdb.info","680","shifu_dga_6ae3f080"
"rdrmbgw.info","681","shifu_dga_6ae3f080"
"kttfxce.info","682","shifu_dga_6ae3f080"
"caqbtwq.info","683","shifu_dga_6ae3f080"
"dthqkuy.info","684","shifu_dga_6ae3f080"
"duhppog.info","685","shifu_dga_6ae3f080"
"pdxtfiq.info","686","shifu_dga_6ae3f080"
"kwlsopv.info","687","shifu_dga_6ae3f080"
"mbdiwnt.info","688","shifu_dga_6ae3f080"
"mvwrhqr.info","689","shifu_dga_6ae3f080"
"ypnaiki.info","690","shifu_dga_6ae3f080"
"drvdogh.info","691","shifu_dga_6ae3f080"
"yhxhtyk.info","692","shifu_dga_6ae3f080"
"kqwdjgj.info","693","shifu_dga_6ae3f080"
"gjgjgjj.info","694","shifu_dga_6ae3f080"
"pntraka.info","695","shifu_dga_6ae3f080"
"mclcker.info","696","shifu_dga_6ae3f080"
"etxkpbj.info","697","shifu_dga_6ae3f080"
"ajpqpqp.info","698","shifu_dga_6ae3f080"
"qpqsdyh.info","699","shifu_dga_6ae3f080"
"dljxykn.info","700","shifu_dga_6ae3f080"
"dncpbsa.info","701","shifu_dga_6ae3f080"
"mqehxxv.info","702","shifu_dga_6ae3f080"
"dtionag.info","703","shifu_dga_6ae3f080"
"klhiuhb.info","704","shifu_dga_6ae3f080"
"ealuqqx.info","705","shifu_dga_6ae3f080"
"fdkxrir.info","706","shifu_dga_6ae3f080"
"ukfrnot.info","707","shifu_dga_6ae3f080"
"iaygvyf.info","708","shifu_dga_6ae3f080"
"lsibfrk.info","709","shifu_dga_6ae3f080"
"opkubaa.info","710","shifu_dga_6ae3f080"
"fwkkhsk.info","711","shifu_dga_6ae3f080"
"ihxekbt.info","712","shifu_dga_6ae3f080"
"xjjtxrb.info","713","shifu_dga_6ae3f080"
"txubwxo.info","714","shifu_dga_6ae3f080"
"guiaqob.info","715","shifu_dga_6ae3f080"
"yrncoeq.info","716","shifu_dga_6ae3f080"
"coeqifj.info","717","shifu_dga_6ae3f080"
"jghpdev.info","718","shifu_dga_6ae3f080"
"wrtputr.info","719","shifu_dga_6ae3f080"
"umlwvle.info","720","shifu_dga_6ae3f080"
"nwhqwgq.info","721","shifu_dga_6ae3f080"
"agsmyqj.info","722","shifu_dga_6ae3f080"
"fxrssuj.info","723","shifu_dga_6ae3f080"
"logmrnc.info","724","shifu_dga_6ae3f080"
"nuqnywv.info","725","shifu_dga_6ae3f080"
"druambh.info","726","shifu_dga_6ae3f080"
"vlurpvd.info","727","shifu_dga_6ae3f080"
"wpsjqdp.info","728","shifu_dga_6ae3f080"
"dtdsdtd.info","729","shifu_dga_6ae3f080"
"sdiquep.info","730","shifu_dga_6ae3f080"
"lplsafm.info","731","shifu_dga_6ae3f080"
"rbenttx.info","732","shifu_dga_6ae3f080"
"xceoqks.info","733","shifu_dga_6ae3f080"
"jsiuhuw.info","734","shifu_dga_6ae3f080"
"ijvvjap.info","735","shifu_dga_6ae3f080"
"qupajfc.info","736","shifu_dga_6ae3f080"
"kyppodj.info","737","shifu_dga_6ae3f080"
"lqktovx.info","738","shifu_dga_6ae3f080"
"lcfcixp.info","739","shifu_dga_6ae3f080"
"uskakpo.info","740","shifu_dga_6ae3f080"
"vjawguk.info","741","shifu_dga_6ae3f080"
"wijeocm.info","742","shifu_dga_6ae3f080"
"glmgwyi.info","743","shifu_dga_6ae3f080"
"geossob.info","744","shifu_dga_6ae3f080"
"jirdsvd.info","745","shifu_dga_6ae3f080"
"cvjlpel.info","746","shifu_dga_6ae3f080"
"djnidov.info","747","shifu_dga_6ae3f080"
"sayrmhb.info","748","shifu_dga_6ae3f080"
"sliatnx.info","749","shifu_dga_6ae3f080"
"ovlrmhe.info","750","shifu_dga_6ae3f080"
"dynjexo.info","751","shifu_dga_6ae3f080"
"lfapkxq.info","752","shifu_dga_6ae3f080"
"ajtdjsd.info","753","shifu_dga_6ae3f080"
"martmrj.info","754","shifu_dga_6ae3f080"
"tmrmthk.info","755","shifu_dga_6ae3f080"
"lfknjao.info","756","shifu_dga_6ae3f080"
"kgrbujp.info","757","shifu_dga_6ae3f080"
"vgbbhrp.info","758","shifu_dga_6ae3f080"
"yqmxecp.info","759","shifu_dga_6ae3f080"
"eygknkr.info","760","shifu_dga_6ae3f080"
"ecvmpth.info","761","shifu_dga_6ae3f080"
"rgtqvbu.info","762","shifu_dga_6ae3f080"
"lqvsshp.info","763","shifu_dga_6ae3f080"
"uulakfh.info","764","shifu_dga_6ae3f080"
"ibrhljs.info","765","shifu_dga_6ae3f080"
"ndfahbv.info","766","shifu_dga_6ae3f080"
"llawkms.info","767","shifu_dga_6ae3f080"
"nwtdvhk.info","768","shifu_dga_6ae3f080"
"vximwwj.info","769","shifu_dga_6ae3f080"
"lxycfpt.info","770","shifu_dga_6ae3f080"
"hujiuwk.info","771","shifu_dga_6ae3f080"
"hvelrjm.info","772","shifu_dga_6ae3f080"
"dbsvojy.info","773","shifu_dga_6ae3f080"
"ankxbmo.info","774","shifu_dga_6ae3f080"
"wwdyfht.info","775","shifu_dga_6ae3f080"
"ixxmjwy.info","776","shifu_dga_6ae3f080"
"uxuoben.info","0","shifu_dga_8e636f7a"
"ttktbaq.info","1","shifu_dga_8e636f7a"
"vnuxbub.info","2","shifu_dga_8e636f7a"
"etbslyi.info","3","shifu_dga_8e636f7a"
"yxuonfb.info","4","shifu_dga_8e636f7a"
"uuktbmr.info","5","shifu_dga_8e636f7a"
"ahtwpgx.info","6","shifu_dga_8e636f7a"
"uwfdcdl.info","7","shifu_dga_8e636f7a"
"viusbjt.info","8","shifu_dga_8e636f7a"
"appjfwv.info","9","shifu_dga_8e636f7a"
"pmocirv.info","10","shifu_dga_8e636f7a"
"iufqoql.info","11","shifu_dga_8e636f7a"
"wvvsoco.info","12","shifu_dga_8e636f7a"
"yupbfku.info","13","shifu_dga_8e636f7a"
"qlqcwrj.info","14","shifu_dga_8e636f7a"
"hxpqgwq.info","15","shifu_dga_8e636f7a"
"vnrwrtx.info","16","shifu_dga_8e636f7a"
"ewbpkpa.info","17","shifu_dga_8e636f7a"
"qpwgfyj.info","18","shifu_dga_8e636f7a"
"mmeyktd.info","19","shifu_dga_8e636f7a"
"qqbhxpg.info","20","shifu_dga_8e636f7a"
"oevcuyd.info","21","shifu_dga_8e636f7a"
"hcfpgiw.info","22","shifu_dga_8e636f7a"
"wmoeccu.info","23","shifu_dga_8e636f7a"
"sjibaok.info","24","shifu_dga_8e636f7a"
"rqeaipd.info","25","shifu_dga_8e636f7a"
"roxbgnd.info","26","shifu_dga_8e636f7a"
"ctuxiba.info","27","shifu_dga_8e636f7a"
"foshwua.info","28","shifu_dga_8e636f7a"
"mmsnrby.info","29","shifu_dga_8e636f7a"
"lpixqwo.info","30","shifu_dga_8e636f7a"
"ejdgrvj.info","31","shifu_dga_8e636f7a"
"nwehqvy.info","32","shifu_dga_8e636f7a"
"nyspdoj.info","33","shifu_dga_8e636f7a"
"wvtqocm.info","34","shifu_dga_8e636f7a"
"wujrejp.info","35","shifu_dga_8e636f7a"
"hdkuwbr.info","36","shifu_dga_8e636f7a"
"tohsqfw.info","37","shifu_dga_8e636f7a"
"ihumfdk.info","38","shifu_dga_8e636f7a"
"dlcqjba.info","39","shifu_dga_8e636f7a"
"xiuhsui.info","40","shifu_dga_8e636f7a"
"nycatrh.info","41","shifu_dga_8e636f7a"
"irggoxo.info","42","shifu_dga_8e636f7a"
"dygfsow.info","43","shifu_dga_8e636f7a"
"tjemkyt.info","44","shifu_dga_8e636f7a"
"detwkka.info","45","shifu_dga_8e636f7a"
"epsxeok.info","46","shifu_dga_8e636f7a"
"emlbtii.info","47","shifu_dga_8e636f7a"
"qjyxgam.info","48","shifu_dga_8e636f7a"
"wmguupl.info","49","shifu_dga_8e636f7a"
"vbximqn.info","50","shifu_dga_8e636f7a"
"ycgensv.info","51","shifu_dga_8e636f7a"
"tebghdh.info","52","shifu_dga_8e636f7a"
"mpbhlgi.info","53","shifu_dga_8e636f7a"
"nrnhpoe.info","54","shifu_dga_8e636f7a"
"wfftmvt.info","55","shifu_dga_8e636f7a"
"kclkari.info","56","shifu_dga_8e636f7a"
"gpiwwfx.info","57","shifu_dga_8e636f7a"
"nmuojlj.info","58","shifu_dga_8e636f7a"
"bxjxaep.info","59","shifu_dga_8e636f7a"
"gwufvnk.info","60","shifu_dga_8e636f7a"
"umcuulw.info","61","shifu_dga_8e636f7a"
"byinqoy.info","62","shifu_dga_8e636f7a"
"dgfnnne.info","63","shifu_dga_8e636f7a"
"ttvbkjl.info","64","shifu_dga_8e636f7a"
"raycgqo.info","65","shifu_dga_8e636f7a"
"xdgeosv.info","66","shifu_dga_8e636f7a"
"udjlkty.info","67","shifu_dga_8e636f7a"
"bhporvg.info","68","shifu_dga_8e636f7a"
"ehmvtxs.info","69","shifu_dga_8e636f7a"
"uletlvs.info","70","shifu_dga_8e636f7a"
"kbljaqc.info","71","shifu_dga_8e636f7a"
"wywifph.info","72","shifu_dga_8e636f7a"
"wvfwnlu.info","73","shifu_dga_8e636f7a"
"ntkjtri.info","74","shifu_dga_8e636f7a"
"qyeogvu.info","75","shifu_dga_8e636f7a"
"evmktmb.info","76","shifu_dga_8e636f7a"
"bjixqyy.info","77","shifu_dga_8e636f7a"
"ngpnevf.info","78","shifu_dga_8e636f7a"
"etlvkmv.info","79","shifu_dga_8e636f7a"
"dcsdirq.info","80","shifu_dga_8e636f7a"
"khmwoew.info","81","shifu_dga_8e636f7a"
"fftmvtk.info","82","shifu_dga_8e636f7a"
"clkarcq.info","83","shifu_dga_8e636f7a"
"yxomwfn.info","84","shifu_dga_8e636f7a"
"edgkusv.info","85","shifu_dga_8e636f7a"
"bkisway.info","86","shifu_dga_8e636f7a"
"yvgfotn.info","87","shifu_dga_8e636f7a"
"ecdaojc.info","88","shifu_dga_8e636f7a"
"jlarycp.info","89","shifu_dga_8e636f7a"
"hpqgwfh.info","90","shifu_dga_8e636f7a"
"ohlggnm.info","91","shifu_dga_8e636f7a"
"enmrlts.info","92","shifu_dga_8e636f7a"
"nrogaxv.info","93","shifu_dga_8e636f7a"
"livvkac.info","94","shifu_dga_8e636f7a"
"ehqraeg.info","95","shifu_dga_8e636f7a"
"hqtvxes.info","96","shifu_dga_8e636f7a"
"cemqyda.info","97","shifu_dga_8e636f7a"
"rxkgxqp.info","98","shifu_dga_8e636f7a"
"yewwfks.info","99","shifu_dga_8e636f7a"
"cdbjrsr.info","100","shifu_dga_8e636f7a"
"pqyxfog.info","101","shifu_dga_8e636f7a"
"wvvxjjc.info","102","shifu_dga_8e636f7a"
"eqxitvg.info","103","shifu_dga_8e636f7a"
"giummwy.info","104","shifu_dga_8e636f7a"
"mlngsru.info","105","shifu_dga_8e636f7a"
"mnyottf.info","106","shifu_dga_8e636f7a"
"vsgkwqn.info","107","shifu_dga_8e636f7a"
"jdwdgtm.info","108","shifu_dga_8e636f7a"
"swtfgei.info","109","shifu_dga_8e636f7a"
"lnkoser.info","110","shifu_dga_8e636f7a"
"gylxmmm.info","111","shifu_dga_8e636f7a"
"eirtkoy.info","112","shifu_dga_8e636f7a"
"lqhetoc.info","113","shifu_dga_8e636f7a"
"jaukhyr.info","114","shifu_dga_8e636f7a"
"xofxfuw.info","115","shifu_dga_8e636f7a"
"fvvvmcc.info","116","shifu_dga_8e636f7a"
"rrxixye.info","117","shifu_dga_8e636f7a"
"oqeqnyc.info","118","shifu_dga_8e636f7a"
"fmejtst.info","119","shifu_dga_8e636f7a"
"paaywrm.info","120","shifu_dga_8e636f7a"
"xdxtejt.info","121","shifu_dga_8e636f7a"
"yapaggv.info","122","shifu_dga_8e636f7a"
"ysxdeae.info","123","shifu_dga_8e636f7a"
"jtgsqyn.info","124","shifu_dga_8e636f7a"
"ywrmlcy.info","125","shifu_dga_8e636f7a"
"srjtyno.info","126","shifu_dga_8e636f7a"
"cwcnbxs.info","127","shifu_dga_8e636f7a"
"useabyl.info","128","shifu_dga_8e636f7a"
"ninruot.info","129","shifu_dga_8e636f7a"
"fsumkab.info","130","shifu_dga_8e636f7a"
"sruhowc.info","131","shifu_dga_8e636f7a"
"nbktttq.info","132","shifu_dga_8e636f7a"
"abyxojm.info","133","shifu_dga_8e636f7a"
"euqrffx.info","134","shifu_dga_8e636f7a"
"jlmdqrh.info","135","shifu_dga_8e636f7a"
"klxopmw.info","136","shifu_dga_8e636f7a"
"hveemdk.info","137","shifu_dga_8e636f7a"
"kcjyrhq.info","138","shifu_dga_8e636f7a"
"fegwwlm.info","139","shifu_dga_8e636f7a"
"deqijyx.info","140","shifu_dga_8e636f7a"
"opmkgwd.info","141","shifu_dga_8e636f7a"
"rmdkxbk.info","142","shifu_dga_8e636f7a"
"xfhqfet.info","143","shifu_dga_8e636f7a"
"vxkadeq.info","144","shifu_dga_8e636f7a"
"viawcpy.info","145","shifu_dga_8e636f7a"
"xswqead.info","146","shifu_dga_8e636f7a"
"wlnklru.info","147","shifu_dga_8e636f7a"
"qrfswkk.info","148","shifu_dga_8e636f7a"
"adqrujm.info","149","shifu_dga_8e636f7a"
"wcpyktv.info","150","shifu_dga_8e636f7a"
"rqadwxm.info","151","shifu_dga_8e636f7a"
"hmesorf.info","152","shifu_dga_8e636f7a"
"dnrdlsy.info","153","shifu_dga_8e636f7a"
"jratpnf.info","154","shifu_dga_8e636f7a"
"uoulmvl.info","155","shifu_dga_8e636f7a"
"sscsyhj.info","156","shifu_dga_8e636f7a"
"ggnvtmf.info","157","shifu_dga_8e636f7a"
"dlsmisy.info","158","shifu_dga_8e636f7a"
"hpnfuct.info","159","shifu_dga_8e636f7a"
"mljlssp.info","160","shifu_dga_8e636f7a"
"ragooxo.info","161","shifu_dga_8e636f7a"
"npdvthk.info","162","shifu_dga_8e636f7a"
"naopugj.info","163","shifu_dga_8e636f7a"
"wihoeon.info","164","shifu_dga_8e636f7a"
"hkgumju.info","165","shifu_dga_8e636f7a"
"supjxxn.info","166","shifu_dga_8e636f7a"
"rdftxkw.info","167","shifu_dga_8e636f7a"
"aqpegdd.info","168","shifu_dga_8e636f7a"
"ymyjfte.info","169","shifu_dga_8e636f7a"
"qwawwdh.info","170","shifu_dga_8e636f7a"
"cpdxrft.info","171","shifu_dga_8e636f7a"
"upngxwl.info","172","shifu_dga_8e636f7a"
"vdxkojp.info","173","shifu_dga_8e636f7a"
"rtqvxpw.info","174","shifu_dga_8e636f7a"
"qfuvfjj.info","175","shifu_dga_8e636f7a"
"cwijafn.info","176","shifu_dga_8e636f7a"
"qglufmh.info","177","shifu_dga_8e636f7a"
"hltmgsr.info","178","shifu_dga_8e636f7a"
"nmkqtda.info","179","shifu_dga_8e636f7a"
"gktjlra.info","180","shifu_dga_8e636f7a"
"esmglxt.info","181","shifu_dga_8e636f7a"
"mdfenie.info","182","shifu_dga_8e636f7a"
"slqkhkm.info","183","shifu_dga_8e636f7a"
"bwadqmw.info","184","shifu_dga_8e636f7a"
"ygdthmj.info","185","shifu_dga_8e636f7a"
"svkrxoq.info","186","shifu_dga_8e636f7a"
"pluwwrp.info","187","shifu_dga_8e636f7a"
"eqqwcgw.info","188","shifu_dga_8e636f7a"
"dbmhlrc.info","189","shifu_dga_8e636f7a"
"wcgsmrw.info","190","shifu_dga_8e636f7a"
"icitdbb.info","191","shifu_dga_8e636f7a"
"ajigyqg.info","192","shifu_dga_8e636f7a"
"efffkvu.info","193","shifu_dga_8e636f7a"
"bhlkrwb.info","194","shifu_dga_8e636f7a"
"bomhhnt.info","195","shifu_dga_8e636f7a"
"foaleuq.info","196","shifu_dga_8e636f7a"
"btlgqka.info","197","shifu_dga_8e636f7a"
"wgaqfqw.info","198","shifu_dga_8e636f7a"
"glwvnjb.info","199","shifu_dga_8e636f7a"
"bjphiii.info","200","shifu_dga_8e636f7a"
"nyxxeon.info","201","shifu_dga_8e636f7a"
"osfdeju.info","202","shifu_dga_8e636f7a"
"sbfkjpv.info","203","shifu_dga_8e636f7a"
"ayglppd.info","204","shifu_dga_8e636f7a"
"mvnittd.info","205","shifu_dga_8e636f7a"
"oasjfpi.info","206","shifu_dga_8e636f7a"
"aufyofv.info","207","shifu_dga_8e636f7a"
"huwuglm.info","208","shifu_dga_8e636f7a"
"kwbcbll.info","209","shifu_dga_8e636f7a"
"sqrrrwi.info","210","shifu_dga_8e636f7a"
"hhnxwxc.info","211","shifu_dga_8e636f7a"
"omtyeck.info","212","shifu_dga_8e636f7a"
"otsyfji.info","213","shifu_dga_8e636f7a"
"puyflkp.info","214","shifu_dga_8e636f7a"
"tcafkrp.info","215","shifu_dga_8e636f7a"
"vhavkgp.info","216","shifu_dga_8e636f7a"
"gywfvpm.info","217","shifu_dga_8e636f7a"
"ummcbsl.info","218","shifu_dga_8e636f7a"
"clhcrbx.info","219","shifu_dga_8e636f7a"
"rhruanj.info","220","shifu_dga_8e636f7a"
"talxggk.info","221","shifu_dga_8e636f7a"
"lwvacml.info","222","shifu_dga_8e636f7a"
"qqdbmns.info","223","shifu_dga_8e636f7a"
"qddihrt.info","224","shifu_dga_8e636f7a"
"xwijnnf.info","225","shifu_dga_8e636f7a"
"lmjlgto.info","226","shifu_dga_8e636f7a"
"kurwqmq.info","227","shifu_dga_8e636f7a"
"vbuhlql.info","228","shifu_dga_8e636f7a"
"vcgbmrv.info","229","shifu_dga_8e636f7a"
"rjaceoo.info","230","shifu_dga_8e636f7a"
"amudyil.info","231","shifu_dga_8e636f7a"
"soybilu.info","232","shifu_dga_8e636f7a"
"qyidwfh.info","233","shifu_dga_8e636f7a"
"runmkbf.info","234","shifu_dga_8e636f7a"
"tjtskyj.info","235","shifu_dga_8e636f7a"
"jaoaxqe.info","236","shifu_dga_8e636f7a"
"poyomwf.info","237","shifu_dga_8e636f7a"
"jladrqh.info","238","shifu_dga_8e636f7a"
"jxxypwk.info","239","shifu_dga_8e636f7a"
"fwcjmua.info","240","shifu_dga_8e636f7a"
"pbtggqp.info","241","shifu_dga_8e636f7a"
"dvggslw.info","242","shifu_dga_8e636f7a"
"dirdcpp.info","243","shifu_dga_8e636f7a"
"ehcolni.info","244","shifu_dga_8e636f7a"
"vfudcmb.info","245","shifu_dga_8e636f7a"
"jjdtcas.info","246","shifu_dga_8e636f7a"
"jswbpyv.info","247","shifu_dga_8e636f7a"
"pnhbdrc.info","248","shifu_dga_8e636f7a"
"ojxjubf.info","249","shifu_dga_8e636f7a"
"atidpao.info","250","shifu_dga_8e636f7a"
"idxsnye.info","251","shifu_dga_8e636f7a"
"yufkrax.info","252","shifu_dga_8e636f7a"
"qxhwrlg.info","253","shifu_dga_8e636f7a"
"tptmaoh.info","254","shifu_dga_8e636f7a"
"dpextrj.info","255","shifu_dga_8e636f7a"
"qajqwgq.info","256","shifu_dga_8e636f7a"
"vsmldys.info","257","shifu_dga_8e636f7a"
"ypqapww.info","258","shifu_dga_8e636f7a"
"gwdlnkc.info","259","shifu_dga_8e636f7a"
"srgiyqn.info","260","shifu_dga_8e636f7a"
"gavgmgd.info","261","shifu_dga_8e636f7a"
"mscicrj.info","262","shifu_dga_8e636f7a"
"oiyavaf.info","263","shifu_dga_8e636f7a"
"hcgmudn.info","264","shifu_dga_8e636f7a"
"lcbdqjh.info","265","shifu_dga_8e636f7a"
"uxbncdi.info","266","shifu_dga_8e636f7a"
"tdqdakw.info","267","shifu_dga_8e636f7a"
"jhbebni.info","268","shifu_dga_8e636f7a"
"khbdsuk.info","269","shifu_dga_8e636f7a"
"kybrcft.info","270","shifu_dga_8e636f7a"
"wjlaewm.info","271","shifu_dga_8e636f7a"
"tldsbru.info","272","shifu_dga_8e636f7a"
"arqcxhp.info","273","shifu_dga_8e636f7a"
"ddwvrkd.info","274","shifu_dga_8e636f7a"
"cypviqw.info","275","shifu_dga_8e636f7a"
"coejwvx.info","276","shifu_dga_8e636f7a"
"qdcfwuj.info","277","shifu_dga_8e636f7a"
"vebvjkp.info","278","shifu_dga_8e636f7a"
"dxqwifw.info","279","shifu_dga_8e636f7a"
"opwdvux.info","280","shifu_dga_8e636f7a"
"crbsjwi.info","281","shifu_dga_8e636f7a"
"yppoqwu.info","282","shifu_dga_8e636f7a"
"ppejvfj.info","283","shifu_dga_8e636f7a"
"qclqiie.info","284","shifu_dga_8e636f7a"
"vpoqjku.info","285","shifu_dga_8e636f7a"
"mpqcrwi.info","286","shifu_dga_8e636f7a"
"ikdovwj.info","287","shifu_dga_8e636f7a"
"gympmgs.info","288","shifu_dga_8e636f7a"
"vfllcls.info","289","shifu_dga_8e636f7a"
"kdfafjm.info","290","shifu_dga_8e636f7a"
"glqdndw.info","291","shifu_dga_8e636f7a"
"kmecass.info","292","shifu_dga_8e636f7a"
"jgyaoyf.info","293","shifu_dga_8e636f7a"
"rvflfia.info","294","shifu_dga_8e636f7a"
"sypgygv.info","295","shifu_dga_8e636f7a"
"xgwdesk.info","296","shifu_dga_8e636f7a"
"jsaypaf.info","297","shifu_dga_8e636f7a"
"gvrmxcy.info","298","shifu_dga_8e636f7a"
"rybhpca.info","299","shifu_dga_8e636f7a"
"bwigida.info","300","shifu_dga_8e636f7a"
"nyeyufk.info","301","shifu_dga_8e636f7a"
"oauquhb.info","302","shifu_dga_8e636f7a"
"wnmtdaa.info","303","shifu_dga_8e636f7a"
"ajvguqb.info","304","shifu_dga_8e636f7a"
"nbwttsk.info","305","shifu_dga_8e636f7a"
"gaapvim.info","306","shifu_dga_8e636f7a"
"wcotckm.info","307","shifu_dga_8e636f7a"
"tbunyib.info","308","shifu_dga_8e636f7a"
"tuovbav.info","309","shifu_dga_8e636f7a"
"chsuoma.info","310","shifu_dga_8e636f7a"
"butohky.info","311","shifu_dga_8e636f7a"
"wfyxdln.info","312","shifu_dga_8e636f7a"
"cdkejjq.info","313","shifu_dga_8e636f7a"
"lpexfwk.info","314","shifu_dga_8e636f7a"
"ksdcrkj.info","315","shifu_dga_8e636f7a"
"jwrpxeg.info","316","shifu_dga_8e636f7a"
"vfjpmvy.info","317","shifu_dga_8e636f7a"
"fdcxwjd.info","318","shifu_dga_8e636f7a"
"veiiwdp.info","319","shifu_dga_8e636f7a"
"ddyukjf.info","320","shifu_dga_8e636f7a"
"ccpxhkn.info","321","shifu_dga_8e636f7a"
"smqtbkn.info","322","shifu_dga_8e636f7a"
"sortyvx.info","323","shifu_dga_8e636f7a"
"lmtesrj.info","324","shifu_dga_8e636f7a"
"caqeien.info","325","shifu_dga_8e636f7a"
"uxteuqy.info","326","shifu_dga_8e636f7a"
"lbwrrse.info","327","shifu_dga_8e636f7a"
"wyykkae.info","328","shifu_dga_8e636f7a"
"psxsoye.info","329","shifu_dga_8e636f7a"
"blptqcf.info","330","shifu_dga_8e636f7a"
"jnxuamw.info","331","shifu_dga_8e636f7a"
"mguubfa.info","332","shifu_dga_8e636f7a"
"cvrcicy.info","333","shifu_dga_8e636f7a"
"iouejmc.info","334","shifu_dga_8e636f7a"
"dpsraab.info","335","shifu_dga_8e636f7a"
"ipprwgf.info","336","shifu_dga_8e636f7a"
"hnvuxto.info","337","shifu_dga_8e636f7a"
"cfiujkx.info","338","shifu_dga_8e636f7a"
"sqjpyrg.info","339","shifu_dga_8e636f7a"
"gondvee.info","340","shifu_dga_8e636f7a"
"slukrrb.info","341","shifu_dga_8e636f7a"
"apygbvd.info","342","shifu_dga_8e636f7a"
"drlsthb.info","343","shifu_dga_8e636f7a"
"jixqyyg.info","344","shifu_dga_8e636f7a"
"bfxmhuv.info","345","shifu_dga_8e636f7a"
"tgldlms.info","346","shifu_dga_8e636f7a"
"cujjrka.info","347","shifu_dga_8e636f7a"
"yhbopwq.info","348","shifu_dga_8e636f7a"
"ffmnbud.info","349","shifu_dga_8e636f7a"
"crkssha.info","350","shifu_dga_8e636f7a"
"jygovde.info","351","shifu_dga_8e636f7a"
"vujklra.info","352","shifu_dga_8e636f7a"
"abipprw.info","353","shifu_dga_8e636f7a"
"alqrgtn.info","354","shifu_dga_8e636f7a"
"ivjexla.info","355","shifu_dga_8e636f7a"
"silyyob.info","356","shifu_dga_8e636f7a"
"vpeqmft.info","357","shifu_dga_8e636f7a"
"hbvjdxl.info","358","shifu_dga_8e636f7a"
"ytnbpie.info","359","shifu_dga_8e636f7a"
"qfytgcu.info","360","shifu_dga_8e636f7a"
"jwqlymh.info","361","shifu_dga_8e636f7a"
"bodgagj.info","362","shifu_dga_8e636f7a"
"oqqxfgg.info","363","shifu_dga_8e636f7a"
"ouvwutc.info","364","shifu_dga_8e636f7a"
"dkkmrba.info","365","shifu_dga_8e636f7a"
"ciqpsep.info","366","shifu_dga_8e636f7a"
"eymnsey.info","367","shifu_dga_8e636f7a"
"tbbpjqr.info","368","shifu_dga_8e636f7a"
"fyhgvod.info","369","shifu_dga_8e636f7a"
"dletsbu.info","370","shifu_dga_8e636f7a"
"ijqkyyg.info","371","shifu_dga_8e636f7a"
"bxrqiex.info","372","shifu_dga_8e636f7a"
"xnmvbmh.info","373","shifu_dga_8e636f7a"
"cjjrkay.info","374","shifu_dga_8e636f7a"
"hbopwqf.info","375","shifu_dga_8e636f7a"
"fmhsest.info","376","shifu_dga_8e636f7a"
"hcssyib.info","377","shifu_dga_8e636f7a"
"ppxqgfn.info","378","shifu_dga_8e636f7a"
"ncuebbb.info","379","shifu_dga_8e636f7a"
"kjyxjwg.info","380","shifu_dga_8e636f7a"
"epefgmu.info","381","shifu_dga_8e636f7a"
"uvdkkmr.info","382","shifu_dga_8e636f7a"
"bacijkb.info","383","shifu_dga_8e636f7a"
"hbqjfpp.info","384","shifu_dga_8e636f7a"
"omkvksq.info","385","shifu_dga_8e636f7a"
"jwyjoxw.info","386","shifu_dga_8e636f7a"
"qnedgku.info","387","shifu_dga_8e636f7a"
"schkisw.info","388","shifu_dga_8e636f7a"
"ayyvohu.info","389","shifu_dga_8e636f7a"
"xvgayun.info","390","shifu_dga_8e636f7a"
"rfnsylt.info","391","shifu_dga_8e636f7a"
"atrpfvi.info","392","shifu_dga_8e636f7a"
"gulyttr.info","393","shifu_dga_8e636f7a"
"fcrresy.info","394","shifu_dga_8e636f7a"
"xqgfmxu.info","395","shifu_dga_8e636f7a"
"ltdkjbc.info","396","shifu_dga_8e636f7a"
"cpigjon.info","397","shifu_dga_8e636f7a"
"npujtkc.info","398","shifu_dga_8e636f7a"
"obqihad.info","399","shifu_dga_8e636f7a"
"npxrmve.info","400","shifu_dga_8e636f7a"
"ajmtpac.info","401","shifu_dga_8e636f7a"
"mdhiskn.info","402","shifu_dga_8e636f7a"
"aabuggi.info","403","shifu_dga_8e636f7a"
"bbtjhiy.info","404","shifu_dga_8e636f7a"
"qnagith.info","405","shifu_dga_8e636f7a"
"lxruqmx.info","406","shifu_dga_8e636f7a"
"sotwxva.info","407","shifu_dga_8e636f7a"
"dqcrkvd.info","408","shifu_dga_8e636f7a"
"qrqjmwx.info","409","shifu_dga_8e636f7a"
"psepvlj.info","410","shifu_dga_8e636f7a"
"qubhxtm.info","411","shifu_dga_8e636f7a"
"qmatwsh.info","412","shifu_dga_8e636f7a"
"kektxkq.info","413","shifu_dga_8e636f7a"
"bsqmgaw.info","414","shifu_dga_8e636f7a"
"snrdrax.info","415","shifu_dga_8e636f7a"
"kwhmqmn.info","416","shifu_dga_8e636f7a"
"sxrukek.info","417","shifu_dga_8e636f7a"
"tljragq.info","418","shifu_dga_8e636f7a"
"mgnvceu.info","419","shifu_dga_8e636f7a"
"umflcsl.info","420","shifu_dga_8e636f7a"
"sihsgpn.info","421","shifu_dga_8e636f7a"
"ynvfmlc.info","422","shifu_dga_8e636f7a"
"mrsihyn.info","423","shifu_dga_8e636f7a"
"ooeuumr.info","424","shifu_dga_8e636f7a"
"mbtxsih.info","425","shifu_dga_8e636f7a"
"fhoolnv.info","426","shifu_dga_8e636f7a"
"fmxdlsf.info","427","shifu_dga_8e636f7a"
"ihyapnf.info","428","shifu_dga_8e636f7a"
"huaeabg.info","429","shifu_dga_8e636f7a"
"lfiupwo.info","430","shifu_dga_8e636f7a"
"bwcvsjb.info","431","shifu_dga_8e636f7a"
"cyqhiuv.info","432","shifu_dga_8e636f7a"
"dobdjua.info","433","shifu_dga_8e636f7a"
"pbcfwhi.info","434","shifu_dga_8e636f7a"
"udvpakc.info","435","shifu_dga_8e636f7a"
"vsjobap.info","436","shifu_dga_8e636f7a"
"uiuvqnc.info","437","shifu_dga_8e636f7a"
"cwumdnc.info","438","shifu_dga_8e636f7a"
"sjuihqi.info","439","shifu_dga_8e636f7a"
"pnwpvfk.info","440","shifu_dga_8e636f7a"
"ncmpuih.info","441","shifu_dga_8e636f7a"
"wpoocwu.info","442","shifu_dga_8e636f7a"
"mpobtvu.info","443","shifu_dga_8e636f7a"
"ihdjooj.info","444","shifu_dga_8e636f7a"
"pvfkaum.info","445","shifu_dga_8e636f7a"
"ipatokh.info","446","shifu_dga_8e636f7a"
"ourmptk.info","447","shifu_dga_8e636f7a"
"shbpanh.info","448","shifu_dga_8e636f7a"
"decoili.info","449","shifu_dga_8e636f7a"
"bhrainx.info","450","shifu_dga_8e636f7a"
"hnjecup.info","451","shifu_dga_8e636f7a"
"kphhrgo.info","452","shifu_dga_8e636f7a"
"nxnucfb.info","453","shifu_dga_8e636f7a"
"tjdqski.info","454","shifu_dga_8e636f7a"
"jycppfj.info","455","shifu_dga_8e636f7a"
"ulleckm.info","456","shifu_dga_8e636f7a"
"jjcscpi.info","457","shifu_dga_8e636f7a"
"ahopxfu.info","458","shifu_dga_8e636f7a"
"edsstia.info","459","shifu_dga_8e636f7a"
"ylprfsu.info","460","shifu_dga_8e636f7a"
"yltitrb.info","461","shifu_dga_8e636f7a"
"oayrvrf.info","462","shifu_dga_8e636f7a"
"ycxmmun.info","463","shifu_dga_8e636f7a"
"dckeakq.info","464","shifu_dga_8e636f7a"
"kyyosel.info","465","shifu_dga_8e636f7a"
"nlkruqr.info","466","shifu_dga_8e636f7a"
"mbmxsir.info","467","shifu_dga_8e636f7a"
"wamydrl.info","468","shifu_dga_8e636f7a"
"gbhqnhv.info","469","shifu_dga_8e636f7a"
"aarjmgy.info","470","shifu_dga_8e636f7a"
"algwirm.info","471","shifu_dga_8e636f7a"
"vviclmy.info","472","shifu_dga_8e636f7a"
"eqifyxo.info","473","shifu_dga_8e636f7a"
"lgdhrxk.info","474","shifu_dga_8e636f7a"
"gsdjnqb.info","475","shifu_dga_8e636f7a"
"pcphgrf.info","476","shifu_dga_8e636f7a"
"xvhctlx.info","477","shifu_dga_8e636f7a"
"yjrexqp.info","478","shifu_dga_8e636f7a"
"fdjvrqp.info","479","shifu_dga_8e636f7a"
"cnwkjsv.info","480","shifu_dga_8e636f7a"
"yhbcqga.info","481","shifu_dga_8e636f7a"
"mywpcpl.info","482","shifu_dga_8e636f7a"
"grfcvhv.info","483","shifu_dga_8e636f7a"
"yxgdfen.info","484","shifu_dga_8e636f7a"
"qeblykh.info","485","shifu_dga_8e636f7a"
"kmbwgjq.info","486","shifu_dga_8e636f7a"
"mwygdth.info","487","shifu_dga_8e636f7a"
"mushkjf.info","488","shifu_dga_8e636f7a"
"njwvdyn.info","489","shifu_dga_8e636f7a"
"lspccif.info","490","shifu_dga_8e636f7a"
"skscbqn.info","491","shifu_dga_8e636f7a"
"beovglu.info","492","shifu_dga_8e636f7a"
"cnvnbel.info","493","shifu_dga_8e636f7a"
"drtbtgk.info","494","shifu_dga_8e636f7a"
"qjwaggs.info","495","shifu_dga_8e636f7a"
"pwujfml.info","496","shifu_dga_8e636f7a"
"yudihbp.info","497","shifu_dga_8e636f7a"
"nvyxtkx.info","498","shifu_dga_8e636f7a"
"tkankap.info","499","shifu_dga_8e636f7a"
"eykgtfq.info","500","shifu_dga_8e636f7a"
"favguql.info","501","shifu_dga_8e636f7a"
"vlfvmtl.info","502","shifu_dga_8e636f7a"
"nlscdbj.info","503","shifu_dga_8e636f7a"
"rsrxiin.info","504","shifu_dga_8e636f7a"
"uxxekno.info","505","shifu_dga_8e636f7a"
"sbdejqs.info","506","shifu_dga_8e636f7a"
"bfgjpvv.info","507","shifu_dga_8e636f7a"
"ygllpdb.info","508","shifu_dga_8e636f7a"
"rvcbcks.info","509","shifu_dga_8e636f7a"
"qrbigix.info","510","shifu_dga_8e636f7a"
"qmdwmwr.info","511","shifu_dga_8e636f7a"
"ncmidrd.info","512","shifu_dga_8e636f7a"
"fsxjeav.info","513","shifu_dga_8e636f7a"
"nqouthe.info","514","shifu_dga_8e636f7a"
"kkwtbyn.info","515","shifu_dga_8e636f7a"
"jwvdynl.info","516","shifu_dga_8e636f7a"
"spccifs.info","517","shifu_dga_8e636f7a"
"rxvpbwd.info","518","shifu_dga_8e636f7a"
"vsetuac.info","519","shifu_dga_8e636f7a"
"jbgbplo.info","520","shifu_dga_8e636f7a"
"rfbfgvq.info","521","shifu_dga_8e636f7a"
"uwlgltp.info","522","shifu_dga_8e636f7a"
"mmywkcf.info","523","shifu_dga_8e636f7a"
"djivsyy.info","524","shifu_dga_8e636f7a"
"livubys.info","525","shifu_dga_8e636f7a"
"vhqrdfg.info","526","shifu_dga_8e636f7a"
"wkluere.info","527","shifu_dga_8e636f7a"
"buhtrkw.info","528","shifu_dga_8e636f7a"
"kgbmawj.info","529","shifu_dga_8e636f7a"
"wwmpdvt.info","530","shifu_dga_8e636f7a"
"nebmtki.info","531","shifu_dga_8e636f7a"
"samunhr.info","532","shifu_dga_8e636f7a"
"tcfaate.info","533","shifu_dga_8e636f7a"
"yqjavgy.info","534","shifu_dga_8e636f7a"
"qlvpntc.info","535","shifu_dga_8e636f7a"
"vmiaerr.info","536","shifu_dga_8e636f7a"
"ytxxgyf.info","537","shifu_dga_8e636f7a"
"pmrlvtw.info","538","shifu_dga_8e636f7a"
"evkmtmh.info","539","shifu_dga_8e636f7a"
"qahgxxw.info","540","shifu_dga_8e636f7a"
"lfeuywk.info","541","shifu_dga_8e636f7a"
"cfdrngv.info","542","shifu_dga_8e636f7a"
"pvmcuqk.info","543","shifu_dga_8e636f7a"
"kajqchp.info","544","shifu_dga_8e636f7a"
"wjmldet.info","545","shifu_dga_8e636f7a"
"kejsrck.info","546","shifu_dga_8e636f7a"
"yjbqpyq.info","547","shifu_dga_8e636f7a"
"hgivomw.info","548","shifu_dga_8e636f7a"
"ddseiky.info","549","shifu_dga_8e636f7a"
"vpcfjci.info","550","shifu_dga_8e636f7a"
"mdjdskp.info","551","shifu_dga_8e636f7a"
"jabojep.info","552","shifu_dga_8e636f7a"
"updesxi.info","553","shifu_dga_8e636f7a"
"tympaft.info","554","shifu_dga_8e636f7a"
"umembsl.info","555","shifu_dga_8e636f7a"
"rinrnot.info","556","shifu_dga_8e636f7a"
"yspexsn.info","557","shifu_dga_8e636f7a"
"mdatsko.info","558","shifu_dga_8e636f7a"
"aipvgud.info","559","shifu_dga_8e636f7a"
"nmnjtts.info","560","shifu_dga_8e636f7a"
"qoaowun.info","561","shifu_dga_8e636f7a"
"bdnstjt.info","562","shifu_dga_8e636f7a"
"aapjhrv.info","563","shifu_dga_8e636f7a"
"poqwgvi.info","564","shifu_dga_8e636f7a"
"dncokhb.info","565","shifu_dga_8e636f7a"
"ripasnw.info","566","shifu_dga_8e636f7a"
"gkuomra.info","567","shifu_dga_8e636f7a"
"vsghkyt.info","568","shifu_dga_8e636f7a"
"tqgkbim.info","569","shifu_dga_8e636f7a"
"rhotloj.info","570","shifu_dga_8e636f7a"
"gyupnqb.info","571","shifu_dga_8e636f7a"
"isxhoam.info","572","shifu_dga_8e636f7a"
"nefnmll.info","573","shifu_dga_8e636f7a"
"ftcslaj.info","574","shifu_dga_8e636f7a"
"yghdafo.info","575","shifu_dga_8e636f7a"
"jgxtcme.info","576","shifu_dga_8e636f7a"
"bistgxy.info","577","shifu_dga_8e636f7a"
"gtefyav.info","578","shifu_dga_8e636f7a"
"mehcsan.info","579","shifu_dga_8e636f7a"
"wgmtelf.info","580","shifu_dga_8e636f7a"
"avslgdx.info","581","shifu_dga_8e636f7a"
"yorfxpw.info","582","shifu_dga_8e636f7a"
"mpvpsvd.info","583","shifu_dga_8e636f7a"
"uaqjqyr.info","584","shifu_dga_8e636f7a"
"oxfjvpl.info","585","shifu_dga_8e636f7a"
"qbwrfil.info","586","shifu_dga_8e636f7a"
"xsurfjc.info","587","shifu_dga_8e636f7a"
"jlqipsk.info","588","shifu_dga_8e636f7a"
"pkfxvqm.info","589","shifu_dga_8e636f7a"
"pcjrwip.info","590","shifu_dga_8e636f7a"
"ylofemn.info","591","shifu_dga_8e636f7a"
"uctmljl.info","592","shifu_dga_8e636f7a"
"sspramq.info","593","shifu_dga_8e636f7a"
"fhswmml.info","594","shifu_dga_8e636f7a"
"detrjly.info","595","shifu_dga_8e636f7a"
"hpgmnvn.info","596","shifu_dga_8e636f7a"
"sfdealj.info","597","shifu_dga_8e636f7a"
"lggwmmn.info","598","shifu_dga_8e636f7a"
"ctsfjly.info","599","shifu_dga_8e636f7a"
"mobwtni.info","600","shifu_dga_8e636f7a"
"vjuocqb.info","601","shifu_dga_8e636f7a"
"gjhimpo.info","602","shifu_dga_8e636f7a"
"hcuknic.info","603","shifu_dga_8e636f7a"
"qtbhrri.info","604","shifu_dga_8e636f7a"
"gxxekfw.info","605","shifu_dga_8e636f7a"
"rrtdyxa.info","606","shifu_dga_8e636f7a"
"kpfrwdl.info","607","shifu_dga_8e636f7a"
"xexrtjf.info","608","shifu_dga_8e636f7a"
"xaqwesv.info","609","shifu_dga_8e636f7a"
"yujlolw.info","610","shifu_dga_8e636f7a"
"kurfirq.info","611","shifu_dga_8e636f7a"
"sjqxypj.info","612","shifu_dga_8e636f7a"
"drvpkxc.info","613","shifu_dga_8e636f7a"
"lpcayui.info","614","shifu_dga_8e636f7a"
"gospffa.info","615","shifu_dga_8e636f7a"
"hlmgnyh.info","616","shifu_dga_8e636f7a"
"mdepkrd.info","617","shifu_dga_8e636f7a"
"vqaamgp.info","618","shifu_dga_8e636f7a"
"qfygxlf.info","619","shifu_dga_8e636f7a"
"negmhlm.info","620","shifu_dga_8e636f7a"
"sokyxpi.info","621","shifu_dga_8e636f7a"
"gwvovtm.info","622","shifu_dga_8e636f7a"
"elkctig.info","623","shifu_dga_8e636f7a"
"rkofeom.info","624","shifu_dga_8e636f7a"
"dlnrkra.info","625","shifu_dga_8e636f7a"
"qqjhwwq.info","626","shifu_dga_8e636f7a"
"mfutlab.info","627","shifu_dga_8e636f7a"
"cikjsxa.info","628","shifu_dga_8e636f7a"
"ahoppxe.info","629","shifu_dga_8e636f7a"
"fglwend.info","630","shifu_dga_8e636f7a"
"dwslblr.info","631","shifu_dga_8e636f7a"
"rhtoiwp.info","632","shifu_dga_8e636f7a"
"lxmgbnd.info","633","shifu_dga_8e636f7a"
"cacjkxq.info","634","shifu_dga_8e636f7a"
"oweylnt.info","635","shifu_dga_8e636f7a"
"ocdjfqt.info","636","shifu_dga_8e636f7a"
"yuhcjtg.info","637","shifu_dga_8e636f7a"
"tpceioh.info","638","shifu_dga_8e636f7a"
"ldudkfr.info","639","shifu_dga_8e636f7a"
"tauijpl.info","640","shifu_dga_8e636f7a"
"wafbnpu.info","641","shifu_dga_8e636f7a"
"xjflmau.info","642","shifu_dga_8e636f7a"
"bdpkrqo.info","643","shifu_dga_8e636f7a"
"qefmqdw.info","644","shifu_dga_8e636f7a"
"syanioq.info","645","shifu_dga_8e636f7a"
"dxffnxe.info","646","shifu_dga_8e636f7a"
"ltnbcjd.info","647","shifu_dga_8e636f7a"
"rrytgco.info","648","shifu_dga_8e636f7a"
"suiwplx.info","649","shifu_dga_8e636f7a"
"mgbndur.info","650","shifu_dga_8e636f7a"
"dyrhsph.info","651","shifu_dga_8e636f7a"
"wjexmyu.info","652","shifu_dga_8e636f7a"
"ncvqdsk.info","653","shifu_dga_8e636f7a"
"hsibwiy.info","654","shifu_dga_8e636f7a"
"hvofwmy.info","655","shifu_dga_8e636f7a"
"tncokdr.info","656","shifu_dga_8e636f7a"
"fjcjlrs.info","657","shifu_dga_8e636f7a"
"taiijqx.info","658","shifu_dga_8e636f7a"
"xawwegm.info","659","shifu_dga_8e636f7a"
"ullkbmi.info","660","shifu_dga_8e636f7a"
"bqcyqgs.info","661","shifu_dga_8e636f7a"
"nhvokwl.info","662","shifu_dga_8e636f7a"
"famctqc.info","663","shifu_dga_8e636f7a"
"rkgriqy.info","664","shifu_dga_8e636f7a"
"qpwfmub.info","665","shifu_dga_8e636f7a"
"dtthjjq.info","666","shifu_dga_8e636f7a"
"rraghio.info","667","shifu_dga_8e636f7a"
"wwxfmmo.info","668","shifu_dga_8e636f7a"
"llebsjl.info","669","shifu_dga_8e636f7a"
"aypbwpf.info","670","shifu_dga_8e636f7a"
"qnfunju.info","671","shifu_dga_8e636f7a"
"ltijrrg.info","672","shifu_dga_8e636f7a"
"qqwnwwp.info","673","shifu_dga_8e636f7a"
"mrtgchk.info","674","shifu_dga_8e636f7a"
"vrxymhn.info","675","shifu_dga_8e636f7a"
"purtobx.info","676","shifu_dga_8e636f7a"
"jmiwdtd.info","677","shifu_dga_8e636f7a"
"dkajqig.info","678","shifu_dga_8e636f7a"
"cvqequw.info","679","shifu_dga_8e636f7a"
"kyrnauo.info","680","shifu_dga_8e636f7a"
"dplesgh.info","681","shifu_dga_8e636f7a"
"dhmpbvl.info","682","shifu_dga_8e636f7a"
"ucgsmin.info","683","shifu_dga_8e636f7a"
"xtoifou.info","684","shifu_dga_8e636f7a"
"pkxlgan.info","685","shifu_dga_8e636f7a"
"cmyfinw.info","686","shifu_dga_8e636f7a"
"mhsesto.info","687","shifu_dga_8e636f7a"
"mjbusqg.info","688","shifu_dga_8e636f7a"
"dqqfuwf.info","689","shifu_dga_8e636f7a"
"jjvkqec.info","690","shifu_dga_8e636f7a"
"gwkjlec.info","691","shifu_dga_8e636f7a"
"peddutb.info","692","shifu_dga_8e636f7a"
"ktihiqy.info","693","shifu_dga_8e636f7a"
"wxhypdo.info","694","shifu_dga_8e636f7a"
"fvvuwdb.info","695","shifu_dga_8e636f7a"
"cdjwixw.info","696","shifu_dga_8e636f7a"
"jofccuw.info","697","shifu_dga_8e636f7a"
"jibeoqy.info","698","shifu_dga_8e636f7a"
"htffprt.info","699","shifu_dga_8e636f7a"
"euylknf.info","700","shifu_dga_8e636f7a"
"rrsgfyn.info","701","shifu_dga_8e636f7a"
"mmeusel.info","702","shifu_dga_8e636f7a"
"mylqnxt.info","703","shifu_dga_8e636f7a"
"okwhvqd.info","704","shifu_dga_8e636f7a"
"ocikfjo.info","705","shifu_dga_8e636f7a"
"wspjenv.info","706","shifu_dga_8e636f7a"
"qjuciqm.info","707","shifu_dga_8e636f7a"
"ivdsphm.info","708","shifu_dga_8e636f7a"
"hvosndf.info","709","shifu_dga_8e636f7a"
"afjmygo.info","710","shifu_dga_8e636f7a"
"ifbvoli.info","711","shifu_dga_8e636f7a"
"bwjiahk.info","712","shifu_dga_8e636f7a"
"nhnqdnc.info","713","shifu_dga_8e636f7a"
"xiuiebb.info","714","shifu_dga_8e636f7a"
"arnhhwj.info","715","shifu_dga_8e636f7a"
"nceptjj.info","716","shifu_dga_8e636f7a"
"iahwogo.info","717","shifu_dga_8e636f7a"
"ddnckjt.info","718","shifu_dga_8e636f7a"
"jqbbara.info","719","shifu_dga_8e636f7a"
"igxvnce.info","720","shifu_dga_8e636f7a"
"cuikuau.info","721","shifu_dga_8e636f7a"
"jcgbqpn.info","722","shifu_dga_8e636f7a"
"pwwtven.info","723","shifu_dga_8e636f7a"
"bnqbhtx.info","724","shifu_dga_8e636f7a"
"vnpddtv.info","725","shifu_dga_8e636f7a"
"kuauwbh.info","726","shifu_dga_8e636f7a"
"aeplrkv.info","727","shifu_dga_8e636f7a"
"swrnypq.info","728","shifu_dga_8e636f7a"
"oewwjlr.info","729","shifu_dga_8e636f7a"
"dqqyjix.info","730","shifu_dga_8e636f7a"
"jknfpqd.info","731","shifu_dga_8e636f7a"
"lexiske.info","732","shifu_dga_8e636f7a"
"bycrnfj.info","733","shifu_dga_8e636f7a"
"wjleepr.info","734","shifu_dga_8e636f7a"
"ljixjwo.info","735","shifu_dga_8e636f7a"
"eqddlek.info","736","shifu_dga_8e636f7a"
"jrlqbyc.info","737","shifu_dga_8e636f7a"
"raxqpid.info","738","shifu_dga_8e636f7a"
"mvdksck.info","739","shifu_dga_8e636f7a"
"pfbdvli.info","740","shifu_dga_8e636f7a"
"idaoxjg.info","741","shifu_dga_8e636f7a"
"vdqxicw.info","742","shifu_dga_8e636f7a"
"epidaue.info","743","shifu_dga_8e636f7a"
"jgckpfo.info","744","shifu_dga_8e636f7a"
"cwkvidx.info","745","shifu_dga_8e636f7a"
"awkdyli.info","746","shifu_dga_8e636f7a"
"lxxneee.info","747","shifu_dga_8e636f7a"
"ukkaagq.info","748","shifu_dga_8e636f7a"
"ghfrwow.info","749","shifu_dga_8e636f7a"
"xeudfrt.info","750","shifu_dga_8e636f7a"
"adaagiu.info","751","shifu_dga_8e636f7a"
"xonnegu.info","752","shifu_dga_8e636f7a"
"tknapqo.info","753","shifu_dga_8e636f7a"
"nvwvtne.info","754","shifu_dga_8e636f7a"
"mbtkthi.info","755","shifu_dga_8e636f7a"
"rhaiiwp.info","756","shifu_dga_8e636f7a"
"yfmvfet.info","757","shifu_dga_8e636f7a"
"tgjgsnp.info","758","shifu_dga_8e636f7a"
"mahwhgo.info","759","shifu_dga_8e636f7a"
"dnnfcnr.info","760","shifu_dga_8e636f7a"
"titqigc.info","761","shifu_dga_8e636f7a"
"vxmqdes.info","762","shifu_dga_8e636f7a"
"epvauod.info","763","shifu_dga_8e636f7a"
"xkujwql.info","764","shifu_dga_8e636f7a"
"ymhcwrd.info","765","shifu_dga_8e636f7a"
"idyjove.info","766","shifu_dga_8e636f7a"
"cuclbvp.info","767","shifu_dga_8e636f7a"
"mvxxscw.info","768","shifu_dga_8e636f7a"
"ljrmcyh.info","769","shifu_dga_8e636f7a"
"jxoxggu.info","770","shifu_dga_8e636f7a"
"pfgsxkn.info","771","shifu_dga_8e636f7a"
"ykxifge.info","772","shifu_dga_8e636f7a"
"omldvkm.info","773","shifu_dga_8e636f7a"
"jnjstva.info","774","shifu_dga_8e636f7a"
"ijmoyyc.info","775","shifu_dga_8e636f7a"
"fooscxn.info","776","shifu_dga_8e636f7a"
"uopeigq.eu","0","shifu_dga_155d9879"
"qobpjxy.eu","1","shifu_dga_155d9879"
"lwvsbqd.eu","2","shifu_dga_155d9879"
"dxnrlqj.eu","3","shifu_dga_155d9879"
"ldhbnms.eu","4","shifu_dga_155d9879"
"qgkdodd.eu","5","shifu_dga_155d9879"
"odhqkiq.eu","6","shifu_dga_155d9879"
"qjjjweh.eu","7","shifu_dga_155d9879"
"masoghu.eu","8","shifu_dga_155d9879"
"xugdkno.eu","9","shifu_dga_155d9879"
"vdiyxui.eu","10","shifu_dga_155d9879"
"ijqjbeo.eu","11","shifu_dga_155d9879"
"ehdcqsu.eu","12","shifu_dga_155d9879"
"foetmtq.eu","13","shifu_dga_155d9879"
"qkeuqfx.eu","14","shifu_dga_155d9879"
"tmmbwtu.eu","15","shifu_dga_155d9879"
"nfixxce.eu","16","shifu_dga_155d9879"
"wrveccg.eu","17","shifu_dga_155d9879"
"boyyhhg.eu","18","shifu_dga_155d9879"
"wbulkkm.eu","19","shifu_dga_155d9879"
"owphnli.eu","20","shifu_dga_155d9879"
"dlgxyjp.eu","21","shifu_dga_155d9879"
"gncxhel.eu","22","shifu_dga_155d9879"
"bcfqpnm.eu","23","shifu_dga_155d9879"
"bhdbacf.eu","24","shifu_dga_155d9879"
"frefwds.eu","25","shifu_dga_155d9879"
"wyxjgpy.eu","26","shifu_dga_155d9879"
"xesunte.eu","27","shifu_dga_155d9879"
"oglggom.eu","28","shifu_dga_155d9879"
"wvrbtvx.eu","29","shifu_dga_155d9879"
"wcgepuw.eu","30","shifu_dga_155d9879"
"isnvvyy.eu","31","shifu_dga_155d9879"
"tspfoqk.eu","32","shifu_dga_155d9879"
"pvfplvq.eu","33","shifu_dga_155d9879"
"xdpmqle.eu","34","shifu_dga_155d9879"
"klljjci.eu","35","shifu_dga_155d9879"
"hoivahm.eu","36","shifu_dga_155d9879"
"lewfcca.eu","37","shifu_dga_155d9879"
"dhipgcv.eu","38","shifu_dga_155d9879"
"knvqfhl.eu","39","shifu_dga_155d9879"
"murbhjq.eu","40","shifu_dga_155d9879"
"diagtqs.eu","41","shifu_dga_155d9879"
"xydevvn.eu","42","shifu_dga_155d9879"
"qbksdxh.eu","43","shifu_dga_155d9879"
"wllhkma.eu","44","shifu_dga_155d9879"
"etwbgsr.eu","45","shifu_dga_155d9879"
"bjecmax.eu","46","shifu_dga_155d9879"
"qfiyboy.eu","47","shifu_dga_155d9879"
"mdapxtf.eu","48","shifu_dga_155d9879"
"hugkcas.eu","49","shifu_dga_155d9879"
"ttvgmjp.eu","50","shifu_dga_155d9879"
"tplfkqt.eu","51","shifu_dga_155d9879"
"eylcayh.eu","52","shifu_dga_155d9879"
"jtbnbef.eu","53","shifu_dga_155d9879"
"qadyonu.eu","54","shifu_dga_155d9879"
"vgxhret.eu","55","shifu_dga_155d9879"
"lqdnrcu.eu","56","shifu_dga_155d9879"
"bydcrsm.eu","57","shifu_dga_155d9879"
"bdkvdso.eu","58","shifu_dga_155d9879"
"lytuage.eu","59","shifu_dga_155d9879"
"jgywgjw.eu","60","shifu_dga_155d9879"
"igwjbdb.eu","61","shifu_dga_155d9879"
"atpnblj.eu","62","shifu_dga_155d9879"
"wsuydcl.eu","63","shifu_dga_155d9879"
"alanqfl.eu","64","shifu_dga_155d9879"
"bewlddj.eu","65","shifu_dga_155d9879"
"etmafwc.eu","66","shifu_dga_155d9879"
"fvqannd.eu","67","shifu_dga_155d9879"
"wrkpivq.eu","68","shifu_dga_155d9879"
"qrmtmld.eu","69","shifu_dga_155d9879"
"dwmlvlb.eu","70","shifu_dga_155d9879"
"oxyqjvu.eu","71","shifu_dga_155d9879"
"npbjsil.eu","72","shifu_dga_155d9879"
"gqvytms.eu","73","shifu_dga_155d9879"
"hmyhmsc.eu","74","shifu_dga_155d9879"
"xdeildw.eu","75","shifu_dga_155d9879"
"wcgtrey.eu","76","shifu_dga_155d9879"
"cgnjril.eu","77","shifu_dga_155d9879"
"atipetd.eu","78","shifu_dga_155d9879"
"cpbcnhe.eu","79","shifu_dga_155d9879"
"tstlmyi.eu","80","shifu_dga_155d9879"
"jjvvlbf.eu","81","shifu_dga_155d9879"
"pdwjkpp.eu","82","shifu_dga_155d9879"
"rwceuar.eu","83","shifu_dga_155d9879"
"gcnyufw.eu","84","shifu_dga_155d9879"
"wplhvol.eu","85","shifu_dga_155d9879"
"wbkyupv.eu","86","shifu_dga_155d9879"
"rxngpkf.eu","87","shifu_dga_155d9879"
"cyswkja.eu","88","shifu_dga_155d9879"
"lwruitc.eu","89","shifu_dga_155d9879"
"wbnndee.eu","90","shifu_dga_155d9879"
"eaqdymd.eu","91","shifu_dga_155d9879"
"eqcqrex.eu","92","shifu_dga_155d9879"
"obwwjaj.eu","93","shifu_dga_155d9879"
"nyrxuga.eu","94","shifu_dga_155d9879"
"mpubqul.eu","95","shifu_dga_155d9879"
"knpapvb.eu","96","shifu_dga_155d9879"
"fudmlrb.eu","97","shifu_dga_155d9879"
"jxdjblm.eu","98","shifu_dga_155d9879"
"teutqnf.eu","99","shifu_dga_155d9879"
"usmbwki.eu","100","shifu_dga_155d9879"
"ioflrsn.eu","101","shifu_dga_155d9879"
"meeeagv.eu","102","shifu_dga_155d9879"
"ntyjbsr.eu","103","shifu_dga_155d9879"
"afpeplt.eu","104","shifu_dga_155d9879"
"ruhorat.eu","105","shifu_dga_155d9879"
"jcbccxu.eu","106","shifu_dga_155d9879"
"tkpotbk.eu","107","shifu_dga_155d9879"
"dxvkvqa.eu","108","shifu_dga_155d9879"
"htcgbmb.eu","109","shifu_dga_155d9879"
"kwqwwhc.eu","110","shifu_dga_155d9879"
"cobivug.eu","111","shifu_dga_155d9879"
"mgfxyix.eu","112","shifu_dga_155d9879"
"gmaaxek.eu","113","shifu_dga_155d9879"
"vohlqxy.eu","114","shifu_dga_155d9879"
"nnndbjs.eu","115","shifu_dga_155d9879"
"sbmlnnd.eu","116","shifu_dga_155d9879"
"ckfispo.eu","117","shifu_dga_155d9879"
"cwffwht.eu","118","shifu_dga_155d9879"
"xpflqbk.eu","119","shifu_dga_155d9879"
"emasfdd.eu","120","shifu_dga_155d9879"
"jgxjxtm.eu","121","shifu_dga_155d9879"
"osrftnw.eu","122","shifu_dga_155d9879"
"rqehddr.eu","123","shifu_dga_155d9879"
"biloqym.eu","124","shifu_dga_155d9879"
"wjnwind.eu","125","shifu_dga_155d9879"
"svnlfnx.eu","126","shifu_dga_155d9879"
"pcgqlcx.eu","127","shifu_dga_155d9879"
"gohugqf.eu","128","shifu_dga_155d9879"
"qedqxdo.eu","129","shifu_dga_155d9879"
"ibutuhp.eu","130","shifu_dga_155d9879"
"xdvcsxl.eu","131","shifu_dga_155d9879"
"msllyhy.eu","132","shifu_dga_155d9879"
"vtnrcke.eu","133","shifu_dga_155d9879"
"pnqxvmb.eu","134","shifu_dga_155d9879"
"cmftinl.eu","135","shifu_dga_155d9879"
"kjhsmbo.eu","136","shifu_dga_155d9879"
"rxxupqb.eu","137","shifu_dga_155d9879"
"yjgmdks.eu","138","shifu_dga_155d9879"
"hkbcrfq.eu","139","shifu_dga_155d9879"
"taqitnn.eu","140","shifu_dga_155d9879"
"ywrklcg.eu","141","shifu_dga_155d9879"
"cyfwfcl.eu","142","shifu_dga_155d9879"
"bbsmjtb.eu","143","shifu_dga_155d9879"
"thpshea.eu","144","shifu_dga_155d9879"
"sunvmfk.eu","145","shifu_dga_155d9879"
"bxtxmlh.eu","146","shifu_dga_155d9879"
"dtlaxyx.eu","147","shifu_dga_155d9879"
"qiceuea.eu","148","shifu_dga_155d9879"
"ficdidk.eu","149","shifu_dga_155d9879"
"vqvfmax.eu","150","shifu_dga_155d9879"
"mmbxwwy.eu","151","shifu_dga_155d9879"
"bjcanqv.eu","152","shifu_dga_155d9879"
"dlcoqei.eu","153","shifu_dga_155d9879"
"dohykkm.eu","154","shifu_dga_155d9879"
"iecualc.eu","155","shifu_dga_155d9879"
"nixocyn.eu","156","shifu_dga_155d9879"
"rqgbysp.eu","157","shifu_dga_155d9879"
"rdhveeg.eu","158","shifu_dga_155d9879"
"onctahx.eu","159","shifu_dga_155d9879"
"raqvvxw.eu","160","shifu_dga_155d9879"
"ehawvjt.eu","161","shifu_dga_155d9879"
"ugksgtj.eu","162","shifu_dga_155d9879"
"yrlsrxq.eu","163","shifu_dga_155d9879"
"qiijvdu.eu","164","shifu_dga_155d9879"
"nshcteu.eu","165","shifu_dga_155d9879"
"xscgaeg.eu","166","shifu_dga_155d9879"
"xbpswrd.eu","167","shifu_dga_155d9879"
"wgtxduu.eu","168","shifu_dga_155d9879"
"omfkukt.eu","169","shifu_dga_155d9879"
"vawhusa.eu","170","shifu_dga_155d9879"
"lrffgek.eu","171","shifu_dga_155d9879"
"qdjhfay.eu","172","shifu_dga_155d9879"
"rgirgul.eu","173","shifu_dga_155d9879"
"hloksaa.eu","174","shifu_dga_155d9879"
"stkjjbf.eu","175","shifu_dga_155d9879"
"viuvrgr.eu","176","shifu_dga_155d9879"
"cumqfqe.eu","177","shifu_dga_155d9879"
"kvojgda.eu","178","shifu_dga_155d9879"
"dhnbltc.eu","179","shifu_dga_155d9879"
"ovctifb.eu","180","shifu_dga_155d9879"
"vdjvvvv.eu","181","shifu_dga_155d9879"
"smmhygm.eu","182","shifu_dga_155d9879"
"mkiqiwm.eu","183","shifu_dga_155d9879"
"sbhxyun.eu","184","shifu_dga_155d9879"
"brqjjuw.eu","185","shifu_dga_155d9879"
"bsqodkk.eu","186","shifu_dga_155d9879"
"xogroxs.eu","187","shifu_dga_155d9879"
"euwtjgo.eu","188","shifu_dga_155d9879"
"wblhxgx.eu","189","shifu_dga_155d9879"
"riqixoe.eu","190","shifu_dga_155d9879"
"htxueug.eu","191","shifu_dga_155d9879"
"nmuqexe.eu","192","shifu_dga_155d9879"
"vrklujl.eu","193","shifu_dga_155d9879"
"wnbytoo.eu","194","shifu_dga_155d9879"
"vfxyoqm.eu","195","shifu_dga_155d9879"
"ebnwoaa.eu","196","shifu_dga_155d9879"
"eifvhlt.eu","197","shifu_dga_155d9879"
"ufeccih.eu","198","shifu_dga_155d9879"
"txxoixv.eu","199","shifu_dga_155d9879"
"fgweoho.eu","200","shifu_dga_155d9879"
"kkgfxop.eu","201","shifu_dga_155d9879"
"jtmcoue.eu","202","shifu_dga_155d9879"
"icxpvtl.eu","203","shifu_dga_155d9879"
"qacawop.eu","204","shifu_dga_155d9879"
"kfgjvsm.eu","205","shifu_dga_155d9879"
"dmnspsq.eu","206","shifu_dga_155d9879"
"kngdglt.eu","207","shifu_dga_155d9879"
"mximfew.eu","208","shifu_dga_155d9879"
"qggoagx.eu","209","shifu_dga_155d9879"
"kehgiar.eu","210","shifu_dga_155d9879"
"mhgyeyp.eu","211","shifu_dga_155d9879"
"igiolwd.eu","212","shifu_dga_155d9879"
"evaaxnv.eu","213","shifu_dga_155d9879"
"eewguot.eu","214","shifu_dga_155d9879"
"bgbrjfc.eu","215","shifu_dga_155d9879"
"tyifbhu.eu","216","shifu_dga_155d9879"
"nvelllh.eu","217","shifu_dga_155d9879"
"ktpgvou.eu","218","shifu_dga_155d9879"
"smyyxak.eu","219","shifu_dga_155d9879"
"ubppocu.eu","220","shifu_dga_155d9879"
"clgjwwu.eu","221","shifu_dga_155d9879"
"hxqawor.eu","222","shifu_dga_155d9879"
"opwsfyd.eu","223","shifu_dga_155d9879"
"eowgoav.eu","224","shifu_dga_155d9879"
"sylreuk.eu","225","shifu_dga_155d9879"
"mjqpmfc.eu","226","shifu_dga_155d9879"
"jndftol.eu","227","shifu_dga_155d9879"
"kvodshe.eu","228","shifu_dga_155d9879"
"bxvwnmg.eu","229","shifu_dga_155d9879"
"gebhald.eu","230","shifu_dga_155d9879"
"qwpewpq.eu","231","shifu_dga_155d9879"
"ddscsqw.eu","232","shifu_dga_155d9879"
"xwqmvho.eu","233","shifu_dga_155d9879"
"yxmebjd.eu","234","shifu_dga_155d9879"
"vblictc.eu","235","shifu_dga_155d9879"
"fgoirnu.eu","236","shifu_dga_155d9879"
"mbbllmv.eu","237","shifu_dga_155d9879"
"rxbasxo.eu","238","shifu_dga_155d9879"
"nqfgbon.eu","239","shifu_dga_155d9879"
"rnywppa.eu","240","shifu_dga_155d9879"
"nrhtwwd.eu","241","shifu_dga_155d9879"
"bngtcvq.eu","242","shifu_dga_155d9879"
"dldakad.eu","243","shifu_dga_155d9879"
"jowpojc.eu","244","shifu_dga_155d9879"
"prtfgle.eu","245","shifu_dga_155d9879"
"bwmgtft.eu","246","shifu_dga_155d9879"
"kbkjfkh.eu","247","shifu_dga_155d9879"
"iatacxv.eu","248","shifu_dga_155d9879"
"fxjvxrq.eu","249","shifu_dga_155d9879"
"nkuukqa.eu","250","shifu_dga_155d9879"
"pvqpoat.eu","251","shifu_dga_155d9879"
"hohkoqa.eu","252","shifu_dga_155d9879"
"mvucenx.eu","253","shifu_dga_155d9879"
"fnupgnt.eu","254","shifu_dga_155d9879"
"vdrdchn.eu","255","shifu_dga_155d9879"
"hjeqrfq.eu","256","shifu_dga_155d9879"
"uvjauaf.eu","257","shifu_dga_155d9879"
"eiemvms.eu","258","shifu_dga_155d9879"
"ksayhdr.eu","259","shifu_dga_155d9879"
"yqunojo.eu","260","shifu_dga_155d9879"
"xjphmio.eu","261","shifu_dga_155d9879"
"fpgrmhw.eu","262","shifu_dga_155d9879"
"dttjrcn.eu","263","shifu_dga_155d9879"
"wyedhcs.eu","264","shifu_dga_155d9879"
"lakypqi.eu","265","shifu_dga_155d9879"
"dmxpphf.eu","266","shifu_dga_155d9879"
"xwrggpu.eu","267","shifu_dga_155d9879"
"lyyabfq.eu","268","shifu_dga_155d9879"
"bglpbjl.eu","269","shifu_dga_155d9879"
"tqbmvvr.eu","270","shifu_dga_155d9879"
"qdekseu.eu","271","shifu_dga_155d9879"
"gdxkltj.eu","272","shifu_dga_155d9879"
"poegcts.eu","273","shifu_dga_155d9879"
"rvjxubu.eu","274","shifu_dga_155d9879"
"hlwytqr.eu","275","shifu_dga_155d9879"
"klvmxyt.eu","276","shifu_dga_155d9879"
"gfdiorl.eu","277","shifu_dga_155d9879"
"jloonwm.eu","278","shifu_dga_155d9879"
"eotneht.eu","279","shifu_dga_155d9879"
"qorywcx.eu","280","shifu_dga_155d9879"
"euycdny.eu","281","shifu_dga_155d9879"
"wuotjcq.eu","282","shifu_dga_155d9879"
"dtdtowe.eu","283","shifu_dga_155d9879"
"oqrnyrt.eu","284","shifu_dga_155d9879"
"ossorij.eu","285","shifu_dga_155d9879"
"jbmyhmm.eu","286","shifu_dga_155d9879"
"snpbdqc.eu","287","shifu_dga_155d9879"
"gxccwuy.eu","288","shifu_dga_155d9879"
"fdmhjsw.eu","289","shifu_dga_155d9879"
"artnjvb.eu","290","shifu_dga_155d9879"
"emgyjgj.eu","291","shifu_dga_155d9879"
"obcecey.eu","292","shifu_dga_155d9879"
"qxhocfu.eu","293","shifu_dga_155d9879"
"hucyajh.eu","294","shifu_dga_155d9879"
"gsidjke.eu","295","shifu_dga_155d9879"
"lejmmum.eu","296","shifu_dga_155d9879"
"hsemqgb.eu","297","shifu_dga_155d9879"
"kbjnpvo.eu","298","shifu_dga_155d9879"
"gtsgrts.eu","299","shifu_dga_155d9879"
"aqvwwhw.eu","300","shifu_dga_155d9879"
"fvcluaj.eu","301","shifu_dga_155d9879"
"bxmetku.eu","302","shifu_dga_155d9879"
"udbcqom.eu","303","shifu_dga_155d9879"
"eiqelud.eu","304","shifu_dga_155d9879"
"fehapom.eu","305","shifu_dga_155d9879"
"aybwwbt.eu","306","shifu_dga_155d9879"
"ojdsdxg.eu","307","shifu_dga_155d9879"
"dmanphb.eu","308","shifu_dga_155d9879"
"eodvetl.eu","309","shifu_dga_155d9879"
"tlpkpyv.eu","310","shifu_dga_155d9879"
"kyvvnkk.eu","311","shifu_dga_155d9879"
"qwjyoip.eu","312","shifu_dga_155d9879"
"mhugplq.eu","313","shifu_dga_155d9879"
"byiadac.eu","314","shifu_dga_155d9879"
"brwlnbs.eu","315","shifu_dga_155d9879"
"vpfxill.eu","316","shifu_dga_155d9879"
"lycoxeq.eu","317","shifu_dga_155d9879"
"locyqdx.eu","318","shifu_dga_155d9879"
"itafqmi.eu","319","shifu_dga_155d9879"
"gbhcrcq.eu","320","shifu_dga_155d9879"
"yoxepxo.eu","321","shifu_dga_155d9879"
"fxwekqi.eu","322","shifu_dga_155d9879"
"lckrwfq.eu","323","shifu_dga_155d9879"
"wrkjgho.eu","324","shifu_dga_155d9879"
"kxocilq.eu","325","shifu_dga_155d9879"
"ukmhknh.eu","326","shifu_dga_155d9879"
"iaswfiy.eu","327","shifu_dga_155d9879"
"vlfwyke.eu","328","shifu_dga_155d9879"
"qfpjhht.eu","329","shifu_dga_155d9879"
"mccarls.eu","330","shifu_dga_155d9879"
"vxwqyiu.eu","331","shifu_dga_155d9879"
"joojell.eu","332","shifu_dga_155d9879"
"mgmftbp.eu","333","shifu_dga_155d9879"
"baxptop.eu","334","shifu_dga_155d9879"
"pjnlwnc.eu","335","shifu_dga_155d9879"
"dpeglfw.eu","336","shifu_dga_155d9879"
"jqowumo.eu","337","shifu_dga_155d9879"
"pqfwpup.eu","338","shifu_dga_155d9879"
"umsqgxc.eu","339","shifu_dga_155d9879"
"kknsfst.eu","340","shifu_dga_155d9879"
"oekdanv.eu","341","shifu_dga_155d9879"
"siyipmp.eu","342","shifu_dga_155d9879"
"bhupijg.eu","343","shifu_dga_155d9879"
"xsquqbr.eu","344","shifu_dga_155d9879"
"ltxtsba.eu","345","shifu_dga_155d9879"
"vclqyoq.eu","346","shifu_dga_155d9879"
"febbcje.eu","347","shifu_dga_155d9879"
"oqhgydm.eu","348","shifu_dga_155d9879"
"beryrcd.eu","349","shifu_dga_155d9879"
"yqxcokb.eu","350","shifu_dga_155d9879"
"bagpump.eu","351","shifu_dga_155d9879"
"jvusrin.eu","352","shifu_dga_155d9879"
"sseqrrx.eu","353","shifu_dga_155d9879"
"wwpuhco.eu","354","shifu_dga_155d9879"
"bctjjiu.eu","355","shifu_dga_155d9879"
"lqsvnle.eu","356","shifu_dga_155d9879"
"xxlwesi.eu","357","shifu_dga_155d9879"
"rlmptoj.eu","358","shifu_dga_155d9879"
"goenvfb.eu","359","shifu_dga_155d9879"
"ijlmgon.eu","360","shifu_dga_155d9879"
"pqipmlj.eu","361","shifu_dga_155d9879"
"fqjuncd.eu","362","shifu_dga_155d9879"
"qmkebry.eu","363","shifu_dga_155d9879"
"yjphqov.eu","364","shifu_dga_155d9879"
"wtjjrhx.eu","365","shifu_dga_155d9879"
"ebndamb.eu","366","shifu_dga_155d9879"
"wyfeuvr.eu","367","shifu_dga_155d9879"
"jviefsg.eu","368","shifu_dga_155d9879"
"abtmice.eu","369","shifu_dga_155d9879"
"vyjyony.eu","370","shifu_dga_155d9879"
"haepafs.eu","371","shifu_dga_155d9879"
"ugijlri.eu","372","shifu_dga_155d9879"
"ddownmf.eu","373","shifu_dga_155d9879"
"xpfnmyp.eu","374","shifu_dga_155d9879"
"dcmjgif.eu","375","shifu_dga_155d9879"
"xwrpyfw.eu","376","shifu_dga_155d9879"
"rqwqkkq.eu","377","shifu_dga_155d9879"
"vrjdspm.eu","378","shifu_dga_155d9879"
"wqlqksu.eu","379","shifu_dga_155d9879"
"pifwoqm.eu","380","shifu_dga_155d9879"
"uqcmeql.eu","381","shifu_dga_155d9879"
"iivhdiu.eu","382","shifu_dga_155d9879"
"coblqme.eu","383","shifu_dga_155d9879"
"remqmch.eu","384","shifu_dga_155d9879"
"dyuquuc.eu","385","shifu_dga_155d9879"
"dqbcatf.eu","386","shifu_dga_155d9879"
"rowucoa.eu","387","shifu_dga_155d9879"
"mfiecvp.eu","388","shifu_dga_155d9879"
"xelmxoh.eu","389","shifu_dga_155d9879"
"qfkyaxp.eu","390","shifu_dga_155d9879"
"tykisnb.eu","391","shifu_dga_155d9879"
"tkvmnau.eu","392","shifu_dga_155d9879"
"uoqjhte.eu","393","shifu_dga_155d9879"
"seqnmcg.eu","394","shifu_dga_155d9879"
"xnkymuv.eu","395","shifu_dga_155d9879"
"snupqle.eu","396","shifu_dga_155d9879"
"cvajoyr.eu","397","shifu_dga_155d9879"
"fnooyyo.eu","398","shifu_dga_155d9879"
"kxbpuhx.eu","399","shifu_dga_155d9879"
"dwshsxu.eu","400","shifu_dga_155d9879"
"oobiune.eu","401","shifu_dga_155d9879"
"faqrcwh.eu","402","shifu_dga_155d9879"
"bublfjp.eu","403","shifu_dga_155d9879"
"qmibopt.eu","404","shifu_dga_155d9879"
"taiqhaj.eu","405","shifu_dga_155d9879"
"imtyctp.eu","406","shifu_dga_155d9879"
"iykkory.eu","407","shifu_dga_155d9879"
"pjswlww.eu","408","shifu_dga_155d9879"
"sblklna.eu","409","shifu_dga_155d9879"
"vmgjxcq.eu","410","shifu_dga_155d9879"
"ytdqnah.eu","411","shifu_dga_155d9879"
"bfkxume.eu","412","shifu_dga_155d9879"
"fwvucre.eu","413","shifu_dga_155d9879"
"hrkohqk.eu","414","shifu_dga_155d9879"
"ynxbjkc.eu","415","shifu_dga_155d9879"
"xvvqdpp.eu","416","shifu_dga_155d9879"
"cahrryj.eu","417","shifu_dga_155d9879"
"siiatdi.eu","418","shifu_dga_155d9879"
"ghladrx.eu","419","shifu_dga_155d9879"
"frwkiiu.eu","420","shifu_dga_155d9879"
"hvwavnp.eu","421","shifu_dga_155d9879"
"fiuviyl.eu","422","shifu_dga_155d9879"
"hirhmij.eu","423","shifu_dga_155d9879"
"yatqyvv.eu","424","shifu_dga_155d9879"
"tsdedhp.eu","425","shifu_dga_155d9879"
"fbktcnv.eu","426","shifu_dga_155d9879"
"vaurbhp.eu","427","shifu_dga_155d9879"
"ypmeean.eu","428","shifu_dga_155d9879"
"iprvtpu.eu","429","shifu_dga_155d9879"
"mdgufju.eu","430","shifu_dga_155d9879"
"lslmusw.eu","431","shifu_dga_155d9879"
"ostmsie.eu","432","shifu_dga_155d9879"
"feqqsiv.eu","433","shifu_dga_155d9879"
"msaqxyk.eu","434","shifu_dga_155d9879"
"gikmrqc.eu","435","shifu_dga_155d9879"
"mtvkney.eu","436","shifu_dga_155d9879"
"hcgqdrj.eu","437","shifu_dga_155d9879"
"wwqiaun.eu","438","shifu_dga_155d9879"
"omnvlik.eu","439","shifu_dga_155d9879"
"jqoptbl.eu","440","shifu_dga_155d9879"
"vypqins.eu","441","shifu_dga_155d9879"
"oxjtbsq.eu","442","shifu_dga_155d9879"
"kkdrswx.eu","443","shifu_dga_155d9879"
"fpiuvyv.eu","444","shifu_dga_155d9879"
"rrcjemj.eu","445","shifu_dga_155d9879"
"jxgofow.eu","446","shifu_dga_155d9879"
"fiopnjl.eu","447","shifu_dga_155d9879"
"lrwsdbo.eu","448","shifu_dga_155d9879"
"yerxjfa.eu","449","shifu_dga_155d9879"
"wfqlqxk.eu","450","shifu_dga_155d9879"
"scmpyyk.eu","451","shifu_dga_155d9879"
"mrqyqys.eu","452","shifu_dga_155d9879"
"rtkltsk.eu","453","shifu_dga_155d9879"
"keinflc.eu","454","shifu_dga_155d9879"
"obumyvu.eu","455","shifu_dga_155d9879"
"lndjuly.eu","456","shifu_dga_155d9879"
"wybeqaf.eu","457","shifu_dga_155d9879"
"ydmlcnd.eu","458","shifu_dga_155d9879"
"wihjvmq.eu","459","shifu_dga_155d9879"
"nrbnwov.eu","460","shifu_dga_155d9879"
"oqvxmeb.eu","461","shifu_dga_155d9879"
"vfssiij.eu","462","shifu_dga_155d9879"
"oonhlfm.eu","463","shifu_dga_155d9879"
"sgeydvv.eu","464","shifu_dga_155d9879"
"hylgodg.eu","465","shifu_dga_155d9879"
"mdewbjd.eu","466","shifu_dga_155d9879"
"dfvcchy.eu","467","shifu_dga_155d9879"
"bqihtyj.eu","468","shifu_dga_155d9879"
"lixddab.eu","469","shifu_dga_155d9879"
"tvlpyii.eu","470","shifu_dga_155d9879"
"apbcyls.eu","471","shifu_dga_155d9879"
"kirblsb.eu","472","shifu_dga_155d9879"
"rsnhyik.eu","473","shifu_dga_155d9879"
"drudanp.eu","474","shifu_dga_155d9879"
"jfohpif.eu","475","shifu_dga_155d9879"
"kgnwukk.eu","476","shifu_dga_155d9879"
"dchcjpm.eu","477","shifu_dga_155d9879"
"jvupvkp.eu","478","shifu_dga_155d9879"
"gfbdcwk.eu","479","shifu_dga_155d9879"
"dtlikae.eu","480","shifu_dga_155d9879"
"wvmhilt.eu","481","shifu_dga_155d9879"
"lexhdvo.eu","482","shifu_dga_155d9879"
"yplhtkk.eu","483","shifu_dga_155d9879"
"pqmrcly.eu","484","shifu_dga_155d9879"
"pmwjagx.eu","485","shifu_dga_155d9879"
"dbkjker.eu","486","shifu_dga_155d9879"
"rwnepuq.eu","487","shifu_dga_155d9879"
"vbbmcil.eu","488","shifu_dga_155d9879"
"wyuwfxh.eu","489","shifu_dga_155d9879"
"loownju.eu","490","shifu_dga_155d9879"
"foaevjo.eu","491","shifu_dga_155d9879"
"wfuhmkk.eu","492","shifu_dga_155d9879"
"dayppwj.eu","493","shifu_dga_155d9879"
"ghaabew.eu","494","shifu_dga_155d9879"
"amsaejd.eu","495","shifu_dga_155d9879"
"jkhxdju.eu","496","shifu_dga_155d9879"
"gcxvqli.eu","497","shifu_dga_155d9879"
"dmwrjry.eu","498","shifu_dga_155d9879"
"sdliwar.eu","499","shifu_dga_155d9879"
"nrrxjwh.eu","500","shifu_dga_155d9879"
"lukijps.eu","501","shifu_dga_155d9879"
"bpfwjhf.eu","502","shifu_dga_155d9879"
"ggqcgyd.eu","503","shifu_dga_155d9879"
"qwgsrmf.eu","504","shifu_dga_155d9879"
"krgmncv.eu","505","shifu_dga_155d9879"
"wguwimq.eu","506","shifu_dga_155d9879"
"ceaimng.eu","507","shifu_dga_155d9879"
"scrogmt.eu","508","shifu_dga_155d9879"
"govncpm.eu","509","shifu_dga_155d9879"
"kyeiuui.eu","510","shifu_dga_155d9879"
"hjnogtr.eu","511","shifu_dga_155d9879"
"lsgemdu.eu","512","shifu_dga_155d9879"
"jawbuqh.eu","513","shifu_dga_155d9879"
"ebvcdbw.eu","514","shifu_dga_155d9879"
"lusqumu.eu","515","shifu_dga_155d9879"
"elvfftb.eu","516","shifu_dga_155d9879"
"ukmulus.eu","517","shifu_dga_155d9879"
"mmayjkw.eu","518","shifu_dga_155d9879"
"rvvqirm.eu","519","shifu_dga_155d9879"
"urgbnth.eu","520","shifu_dga_155d9879"
"ldwpwwx.eu","521","shifu_dga_155d9879"
"jcfbysg.eu","522","shifu_dga_155d9879"
"drbumvg.eu","523","shifu_dga_155d9879"
"qrntdkk.eu","524","shifu_dga_155d9879"
"xaqvyyc.eu","525","shifu_dga_155d9879"
"avksigp.eu","526","shifu_dga_155d9879"
"bjwyrxr.eu","527","shifu_dga_155d9879"
"sytmdrf.eu","528","shifu_dga_155d9879"
"rbdbojc.eu","529","shifu_dga_155d9879"
"ychxeio.eu","530","shifu_dga_155d9879"
"iyuwwpf.eu","531","shifu_dga_155d9879"
"hcvyhfi.eu","532","shifu_dga_155d9879"
"wtrnkyk.eu","533","shifu_dga_155d9879"
"fvktfns.eu","534","shifu_dga_155d9879"
"esvqtdc.eu","535","shifu_dga_155d9879"
"icupxhq.eu","536","shifu_dga_155d9879"
"vpijotx.eu","537","shifu_dga_155d9879"
"trhpnjs.eu","538","shifu_dga_155d9879"
"yyfaphr.eu","539","shifu_dga_155d9879"
"mvehjfv.eu","540","shifu_dga_155d9879"
"bfjdjxr.eu","541","shifu_dga_155d9879"
"rhskeyk.eu","542","shifu_dga_155d9879"
"nvguobs.eu","543","shifu_dga_155d9879"
"rselxxa.eu","544","shifu_dga_155d9879"
"dgngxhe.eu","545","shifu_dga_155d9879"
"poisjvr.eu","546","shifu_dga_155d9879"
"vfurbjf.eu","547","shifu_dga_155d9879"
"inoatmg.eu","548","shifu_dga_155d9879"
"ushtjst.eu","549","shifu_dga_155d9879"
"sgoyghn.eu","550","shifu_dga_155d9879"
"txxuils.eu","551","shifu_dga_155d9879"
"pyujsvb.eu","552","shifu_dga_155d9879"
"qulrade.eu","553","shifu_dga_155d9879"
"kooqhys.eu","554","shifu_dga_155d9879"
"tfbynwe.eu","555","shifu_dga_155d9879"
"qrdtdak.eu","556","shifu_dga_155d9879"
"wapgetq.eu","557","shifu_dga_155d9879"
"aoxiesk.eu","558","shifu_dga_155d9879"
"dqagsut.eu","559","shifu_dga_155d9879"
"oxxadxy.eu","560","shifu_dga_155d9879"
"ceifpkn.eu","561","shifu_dga_155d9879"
"vgnahog.eu","562","shifu_dga_155d9879"
"gprwvrs.eu","563","shifu_dga_155d9879"
"jkyjsbt.eu","564","shifu_dga_155d9879"
"rfeykuj.eu","565","shifu_dga_155d9879"
"ukmeawj.eu","566","shifu_dga_155d9879"
"ikgmynd.eu","567","shifu_dga_155d9879"
"xwvoiij.eu","568","shifu_dga_155d9879"
"unblrhg.eu","569","shifu_dga_155d9879"
"yhmvgrv.eu","570","shifu_dga_155d9879"
"mhgbinl.eu","571","shifu_dga_155d9879"
"upflktc.eu","572","shifu_dga_155d9879"
"rponrpf.eu","573","shifu_dga_155d9879"
"vlbfdpv.eu","574","shifu_dga_155d9879"
"npxqkmh.eu","575","shifu_dga_155d9879"
"safkqme.eu","576","shifu_dga_155d9879"
"wfdwjfe.eu","577","shifu_dga_155d9879"
"yyptohb.eu","578","shifu_dga_155d9879"
"pyaakeb.eu","579","shifu_dga_155d9879"
"mncmslu.eu","580","shifu_dga_155d9879"
"hrlblvn.eu","581","shifu_dga_155d9879"
"btxuuum.eu","582","shifu_dga_155d9879"
"lanbhed.eu","583","shifu_dga_155d9879"
"ehisiug.eu","584","shifu_dga_155d9879"
"ccrxnnx.eu","585","shifu_dga_155d9879"
"bwcdhia.eu","586","shifu_dga_155d9879"
"arufoqu.eu","587","shifu_dga_155d9879"
"ayaftcr.eu","588","shifu_dga_155d9879"
"ovfjhhs.eu","589","shifu_dga_155d9879"
"hgwvyyy.eu","590","shifu_dga_155d9879"
"jdnqtxh.eu","591","shifu_dga_155d9879"
"ngdvyhw.eu","592","shifu_dga_155d9879"
"obyqkab.eu","593","shifu_dga_155d9879"
"twnxudw.eu","594","shifu_dga_155d9879"
"bekklah.eu","595","shifu_dga_155d9879"
"lnsjsro.eu","596","shifu_dga_155d9879"
"imsgees.eu","597","shifu_dga_155d9879"
"jibyowm.eu","598","shifu_dga_155d9879"
"xltxoyi.eu","599","shifu_dga_155d9879"
"kdaytpj.eu","600","shifu_dga_155d9879"
"ngwfjev.eu","601","shifu_dga_155d9879"
"bothqgp.eu","602","shifu_dga_155d9879"
"icgmcft.eu","603","shifu_dga_155d9879"
"gammmmd.eu","604","shifu_dga_155d9879"
"qpmbmna.eu","605","shifu_dga_155d9879"
"kpecymb.eu","606","shifu_dga_155d9879"
"stbhtvq.eu","607","shifu_dga_155d9879"
"ljqfvyb.eu","608","shifu_dga_155d9879"
"lbanqyd.eu","609","shifu_dga_155d9879"
"lkhdbft.eu","610","shifu_dga_155d9879"
"jegubov.eu","611","shifu_dga_155d9879"
"wicydfq.eu","612","shifu_dga_155d9879"
"lvfbthm.eu","613","shifu_dga_155d9879"
"djrcrek.eu","614","shifu_dga_155d9879"
"kmcfwmb.eu","615","shifu_dga_155d9879"
"fykgeav.eu","616","shifu_dga_155d9879"
"sbeyyhw.eu","617","shifu_dga_155d9879"
"uipeode.eu","618","shifu_dga_155d9879"
"uxtfdqm.eu","619","shifu_dga_155d9879"
"pamtptd.eu","620","shifu_dga_155d9879"
"esaiyxs.eu","621","shifu_dga_155d9879"
"ahffnkd.eu","622","shifu_dga_155d9879"
"vqqikvj.eu","623","shifu_dga_155d9879"
"shntgvn.eu","624","shifu_dga_155d9879"
"uhmwfiu.eu","625","shifu_dga_155d9879"
"dxkctbg.eu","626","shifu_dga_155d9879"
"uavrhwt.eu","627","shifu_dga_155d9879"
"uavnbln.eu","628","shifu_dga_155d9879"
"odpgepx.eu","629","shifu_dga_155d9879"
"humbjkg.eu","630","shifu_dga_155d9879"
"qjuyety.eu","631","shifu_dga_155d9879"
"fsathck.eu","632","shifu_dga_155d9879"
"jcwdsoo.eu","633","shifu_dga_155d9879"
"njsttwy.eu","634","shifu_dga_155d9879"
"yrsawnj.eu","635","shifu_dga_155d9879"
"utfwxtb.eu","636","shifu_dga_155d9879"
"elbvhbr.eu","637","shifu_dga_155d9879"
"kvbtkgs.eu","638","shifu_dga_155d9879"
"wetlepg.eu","639","shifu_dga_155d9879"
"iinqcws.eu","640","shifu_dga_155d9879"
"thqlykd.eu","641","shifu_dga_155d9879"
"idhphqn.eu","642","shifu_dga_155d9879"
"gfgyisw.eu","643","shifu_dga_155d9879"
"istfhot.eu","644","shifu_dga_155d9879"
"mdpltyh.eu","645","shifu_dga_155d9879"
"oaevtsn.eu","646","shifu_dga_155d9879"
"tjglslx.eu","647","shifu_dga_155d9879"
"sheatrt.eu","648","shifu_dga_155d9879"
"enbquwo.eu","649","shifu_dga_155d9879"
"vnlfwpk.eu","650","shifu_dga_155d9879"
"uqhsmkr.eu","651","shifu_dga_155d9879"
"hrdmwdy.eu","652","shifu_dga_155d9879"
"hidmomy.eu","653","shifu_dga_155d9879"
"qidgsak.eu","654","shifu_dga_155d9879"
"dokkggn.eu","655","shifu_dga_155d9879"
"kqvqygc.eu","656","shifu_dga_155d9879"
"vagarmn.eu","657","shifu_dga_155d9879"
"ejvgqvq.eu","658","shifu_dga_155d9879"
"eliqjrl.eu","659","shifu_dga_155d9879"
"ogieabh.eu","660","shifu_dga_155d9879"
"euykiii.eu","661","shifu_dga_155d9879"
"krqmgir.eu","662","shifu_dga_155d9879"
"ufkeuft.eu","663","shifu_dga_155d9879"
"tqlnspi.eu","664","shifu_dga_155d9879"
"phchwnb.eu","665","shifu_dga_155d9879"
"wtlqyur.eu","666","shifu_dga_155d9879"
"ftluvok.eu","667","shifu_dga_155d9879"
"hdceqbf.eu","668","shifu_dga_155d9879"
"hxjrpsa.eu","669","shifu_dga_155d9879"
"bbfsdwd.eu","670","shifu_dga_155d9879"
"smhafrv.eu","671","shifu_dga_155d9879"
"frimqwv.eu","672","shifu_dga_155d9879"
"pjldgsc.eu","673","shifu_dga_155d9879"
"eoywakw.eu","674","shifu_dga_155d9879"
"avylubl.eu","675","shifu_dga_155d9879"
"iyeehmr.eu","676","shifu_dga_155d9879"
"pdoaqgg.eu","677","shifu_dga_155d9879"
"vltjlga.eu","678","shifu_dga_155d9879"
"uwordrl.eu","679","shifu_dga_155d9879"
"utmrlpg.eu","680","shifu_dga_155d9879"
"jthowuf.eu","681","shifu_dga_155d9879"
"btwqoeo.eu","682","shifu_dga_155d9879"
"versrvx.eu","683","shifu_dga_155d9879"
"dhtnxep.eu","684","shifu_dga_155d9879"
"xrnbhlr.eu","685","shifu_dga_155d9879"
"vtxravi.eu","686","shifu_dga_155d9879"
"tyybfyu.eu","687","shifu_dga_155d9879"
"gttsbts.eu","688","shifu_dga_155d9879"
"skyogoh.eu","689","shifu_dga_155d9879"
"gslljye.eu","690","shifu_dga_155d9879"
"rrvmyld.eu","691","shifu_dga_155d9879"
"hvbnien.eu","692","shifu_dga_155d9879"
"ikshjkm.eu","693","shifu_dga_155d9879"
"fguykua.eu","694","shifu_dga_155d9879"
"ludxakc.eu","695","shifu_dga_155d9879"
"dwuuila.eu","696","shifu_dga_155d9879"
"blckryq.eu","697","shifu_dga_155d9879"
"rrbprhh.eu","698","shifu_dga_155d9879"
"ihsslrc.eu","699","shifu_dga_155d9879"
"oqedadu.eu","700","shifu_dga_155d9879"
"hwpgpod.eu","701","shifu_dga_155d9879"
"pbgmfyu.eu","702","shifu_dga_155d9879"
"fwamtyj.eu","703","shifu_dga_155d9879"
"edxhubi.eu","704","shifu_dga_155d9879"
"lbjyfob.eu","705","shifu_dga_155d9879"
"hwodasu.eu","706","shifu_dga_155d9879"
"bkdrbcb.eu","707","shifu_dga_155d9879"
"qaiggaa.eu","708","shifu_dga_155d9879"
"mwauwsd.eu","709","shifu_dga_155d9879"
"pxmmrpj.eu","710","shifu_dga_155d9879"
"jmxrbfc.eu","711","shifu_dga_155d9879"
"cedhilv.eu","712","shifu_dga_155d9879"
"afpaxxr.eu","713","shifu_dga_155d9879"
"xsddegc.eu","714","shifu_dga_155d9879"
"vhkyigk.eu","715","shifu_dga_155d9879"
"hxhiufc.eu","716","shifu_dga_155d9879"
"levwtwk.eu","717","shifu_dga_155d9879"
"rwmpfcq.eu","718","shifu_dga_155d9879"
"mpuphoh.eu","719","shifu_dga_155d9879"
"sxyyglo.eu","720","shifu_dga_155d9879"
"eugnmnu.eu","721","shifu_dga_155d9879"
"qjcvpeh.eu","722","shifu_dga_155d9879"
"uvdclwl.eu","723","shifu_dga_155d9879"
"ochuyrd.eu","724","shifu_dga_155d9879"
"jxrdkyd.eu","725","shifu_dga_155d9879"
"ynevrqe.eu","726","shifu_dga_155d9879"
"pepclcr.eu","727","shifu_dga_155d9879"
"dcloqew.eu","728","shifu_dga_155d9879"
"xkvbpkc.eu","729","shifu_dga_155d9879"
"vpaaxvm.eu","730","shifu_dga_155d9879"
"ntbvngn.eu","731","shifu_dga_155d9879"
"qrbabwp.eu","732","shifu_dga_155d9879"
"lyanbll.eu","733","shifu_dga_155d9879"
"fnmrspy.eu","734","shifu_dga_155d9879"
"msyyebd.eu","735","shifu_dga_155d9879"
"mmafykq.eu","736","shifu_dga_155d9879"
"kurugyx.eu","737","shifu_dga_155d9879"
"ekvedlu.eu","738","shifu_dga_155d9879"
"xqekxpn.eu","739","shifu_dga_155d9879"
"ptqeykf.eu","740","shifu_dga_155d9879"
"qrflchd.eu","741","shifu_dga_155d9879"
"vavxoiw.eu","742","shifu_dga_155d9879"
"ormynfm.eu","743","shifu_dga_155d9879"
"yyvdvlu.eu","744","shifu_dga_155d9879"
"xbxejvy.eu","745","shifu_dga_155d9879"
"jmtbwjw.eu","746","shifu_dga_155d9879"
"rrrvnwp.eu","747","shifu_dga_155d9879"
"duiqudt.eu","748","shifu_dga_155d9879"
"dlhkvdv.eu","749","shifu_dga_155d9879"
"vjqbjpp.eu","750","shifu_dga_155d9879"
"tgtgglc.eu","751","shifu_dga_155d9879"
"etjmjje.eu","752","shifu_dga_155d9879"
"pmafxyo.eu","753","shifu_dga_155d9879"
"nyjvvay.eu","754","shifu_dga_155d9879"
"vggkqly.eu","755","shifu_dga_155d9879"
"ondkuhd.eu","756","shifu_dga_155d9879"
"vmfdlhv.eu","757","shifu_dga_155d9879"
"sovdgex.eu","758","shifu_dga_155d9879"
"uiwkums.eu","759","shifu_dga_155d9879"
"ophisfd.eu","760","shifu_dga_155d9879"
"pfaentg.eu","761","shifu_dga_155d9879"
"qmxdoxx.eu","762","shifu_dga_155d9879"
"woncxik.eu","763","shifu_dga_155d9879"
"wgrooml.eu","764","shifu_dga_155d9879"
"psnimtv.eu","765","shifu_dga_155d9879"
"uuogjto.eu","766","shifu_dga_155d9879"
"rhqfksl.eu","767","shifu_dga_155d9879"
"kwwhcfk.eu","768","shifu_dga_155d9879"
"shqblsf.eu","769","shifu_dga_155d9879"
"gxppkcd.eu","770","shifu_dga_155d9879"
"erprhhx.eu","771","shifu_dga_155d9879"
"qjagxni.eu","772","shifu_dga_155d9879"
"lroabdl.eu","773","shifu_dga_155d9879"
"nvqwxhk.eu","774","shifu_dga_155d9879"
"wmstvlv.eu","775","shifu_dga_155d9879"
"gemmpbt.eu","776","shifu_dga_155d9879"
