"sxilgdils.com","0","tempedreve_dga_6673343b"
"mbfolblryjv.net","1","tempedreve_dga_6673343b"
"mtebwfypg.org","2","tempedreve_dga_6673343b"
"uxifijkswp.info","3","tempedreve_dga_6673343b"
"gzahihgp.com","4","tempedreve_dga_6673343b"
"jtqduyghes.net","5","tempedreve_dga_6673343b"
"enshshg.org","6","tempedreve_dga_6673343b"
"nswmujyaeio.info","7","tempedreve_dga_6673343b"
"afspypmvmh.com","8","tempedreve_dga_6673343b"
"dhgtnzkhark.net","9","tempedreve_dga_6673343b"
"mnsretq.org","10","tempedreve_dga_6673343b"
"xgnlsdnmhj.info","11","tempedreve_dga_6673343b"
"sfexofoh.com","12","tempedreve_dga_6673343b"
"giwstfhdb.net","13","tempedreve_dga_6673343b"
"overafazg.org","14","tempedreve_dga_6673343b"
"rvicrqbgipy.info","15","tempedreve_dga_6673343b"
"ejazapox.com","16","tempedreve_dga_6673343b"
"uqmkuzo.net","17","tempedreve_dga_6673343b"
"gfsxixa.org","18","tempedreve_dga_6673343b"
"tbdhjap.info","19","tempedreve_dga_6673343b"
"qlydqvg.com","20","tempedreve_dga_6673343b"
"drohicbetj.net","21","tempedreve_dga_6673343b"
"uxcdqpa.org","22","tempedreve_dga_6673343b"
"kvdpapczbnk.info","23","tempedreve_dga_6673343b"
"wnmjwhed.com","24","tempedreve_dga_6673343b"
"vgecymea.net","25","tempedreve_dga_6673343b"
"uxqzexa.org","26","tempedreve_dga_6673343b"
"jbjuohx.info","27","tempedreve_dga_6673343b"
"wjqbwbwx.com","28","tempedreve_dga_6673343b"
"xbmvgfgt.net","29","tempedreve_dga_6673343b"
"gnkduluz.org","30","tempedreve_dga_6673343b"
"gpekepgzo.info","31","tempedreve_dga_6673343b"
"uxitijih.com","32","tempedreve_dga_6673343b"
"wznxqzqjis.net","33","tempedreve_dga_6673343b"
"whuzujat.org","34","tempedreve_dga_6673343b"
"gownvjwm.info","35","tempedreve_dga_6673343b"
"kpgrape.com","36","tempedreve_dga_6673343b"
"nelmkgcicpk.net","37","tempedreve_dga_6673343b"
"czihevypa.org","38","tempedreve_dga_6673343b"
"xpxnymcisj.info","39","tempedreve_dga_6673343b"
"grgpylivef.com","40","tempedreve_dga_6673343b"
"kwbvqvkiugk.net","41","tempedreve_dga_6673343b"
"ytexcnmh.org","42","tempedreve_dga_6673343b"
"yjhdlnz.info","43","tempedreve_dga_6673343b"
"ofijebcpwda.com","44","tempedreve_dga_6673343b"
"bamhklghyd.net","45","tempedreve_dga_6673343b"
"ojujozu.org","46","tempedreve_dga_6673343b"
"dtalhtdk.info","47","tempedreve_dga_6673343b"
"clgbmtwdkna.com","48","tempedreve_dga_6673343b"
"ynegezjkuie.net","49","tempedreve_dga_6673343b"
"kncfylmdw.org","50","tempedreve_dga_6673343b"
"ajduboakyg.info","51","tempedreve_dga_6673343b"
"mrgjuva.com","52","tempedreve_dga_6673343b"
"upjaupudk.net","53","tempedreve_dga_6673343b"
"obwjmpudi.org","54","tempedreve_dga_6673343b"
"dichcebx.info","55","tempedreve_dga_6673343b"
"cxihcts.com","56","tempedreve_dga_6673343b"
"izfmfgwhy.net","57","tempedreve_dga_6673343b"
"ipqfode.org","58","tempedreve_dga_6673343b"
"kgdwcrbvnv.info","59","tempedreve_dga_6673343b"
"yxwxmhyz.com","60","tempedreve_dga_6673343b"
"wzcedrge.net","61","tempedreve_dga_6673343b"
"axkpuza.org","62","tempedreve_dga_6673343b"
"wvuthdhvu.info","63","tempedreve_dga_6673343b"
"cfqxofg.com","64","tempedreve_dga_6673343b"
"cyamdng.net","65","tempedreve_dga_6673343b"
"ubadkzozej.org","66","tempedreve_dga_6673343b"
"otbtqpjn.info","67","tempedreve_dga_6673343b"
"otgngtszaj.com","68","tempedreve_dga_6673343b"
"wpvxkakoyr.net","69","tempedreve_dga_6673343b"
"irgrinsp.org","70","tempedreve_dga_6673343b"
"sgxaxrbajib.info","71","tempedreve_dga_6673343b"
"olorergrwbm.com","72","tempedreve_dga_6673343b"
"ryhclxgshz.net","73","tempedreve_dga_6673343b"
"anupkvqdg.org","74","tempedreve_dga_6673343b"
"vahqezo.info","75","tempedreve_dga_6673343b"
"atmjylybqb.com","76","tempedreve_dga_6673343b"
"fyuifhb.net","77","tempedreve_dga_6673343b"
"ctczczglkv.org","78","tempedreve_dga_6673343b"
"utxvwvun.info","79","tempedreve_dga_6673343b"
"sdqrofgnoxo.com","80","tempedreve_dga_6673343b"
"ovhiatg.net","81","tempedreve_dga_6673343b"
"qlcvudwvirm.org","82","tempedreve_dga_6673343b"
"ybemwdjm.info","83","tempedreve_dga_6673343b"
"kfklwbklwho.com","84","tempedreve_dga_6673343b"
"qgpeugpshc.net","85","tempedreve_dga_6673343b"
"ydsxmdgb.org","86","tempedreve_dga_6673343b"
"gzjzniawjr.info","87","tempedreve_dga_6673343b"
"wjarmzghkrc.com","88","tempedreve_dga_6673343b"
"exfqoyhxi.net","89","tempedreve_dga_6673343b"
"czyhafgdi.org","90","tempedreve_dga_6673343b"
"tklivfvn.info","91","tempedreve_dga_6673343b"
"ixirgpqh.com","92","tempedreve_dga_6673343b"
"rjctlglk.net","93","tempedreve_dga_6673343b"
"apityrgpcx.org","94","tempedreve_dga_6673343b"
"mtdadzrquxu.info","95","tempedreve_dga_6673343b"
"czabgnahmju.com","96","tempedreve_dga_6673343b"
"uzrpbxyj.net","97","tempedreve_dga_6673343b"
"evkrqfqfyp.org","98","tempedreve_dga_6673343b"
"lgrosvmzxjy.info","99","tempedreve_dga_6673343b"
"elgrwtshql.com","100","tempedreve_dga_6673343b"
"olhzjuoqjbj.net","101","tempedreve_dga_6673343b"
"ingncvgj.org","102","tempedreve_dga_6673343b"
"kdfuedzheqx.info","103","tempedreve_dga_6673343b"
"azepwrazq.com","104","tempedreve_dga_6673343b"
"gdqxfejlcij.net","105","tempedreve_dga_6673343b"
"ovotgdavgl.org","106","tempedreve_dga_6673343b"
"yvtiaposhmd.info","107","tempedreve_dga_6673343b"
"ibsbknghs.com","108","tempedreve_dga_6673343b"
"wzsvhrpeqbc.net","109","tempedreve_dga_6673343b"
"grobkding.org","110","tempedreve_dga_6673343b"
"posoamgew.info","111","tempedreve_dga_6673343b"
"gdsjuxm.com","112","tempedreve_dga_6673343b"
"fhxkbabgmld.net","113","tempedreve_dga_6673343b"
"khwnklopibo.org","114","tempedreve_dga_6673343b"
"jzxktfj.info","115","tempedreve_dga_6673343b"
"ifinmbcfij.com","116","tempedreve_dga_6673343b"
"bireoga.net","117","tempedreve_dga_6673343b"
"gnqfqfcpwb.org","118","tempedreve_dga_6673343b"
"geidsvxfcn.info","119","tempedreve_dga_6673343b"
"upmjafitoti.com","120","tempedreve_dga_6673343b"
"yftvizrqm.net","121","tempedreve_dga_6673343b"
"uvufgngfqjo.org","122","tempedreve_dga_6673343b"
"xfojxeselhs.info","123","tempedreve_dga_6673343b"
"wjubung.com","124","tempedreve_dga_6673343b"
"orhgbsacl.net","125","tempedreve_dga_6673343b"
"knilolgf.org","126","tempedreve_dga_6673343b"
"wdlrmrv.info","127","tempedreve_dga_6673343b"
"yzyhcfmpy.com","128","tempedreve_dga_6673343b"
"rvcewvr.net","129","tempedreve_dga_6673343b"
"ebqnsjw.org","130","tempedreve_dga_6673343b"
"toezezwrn.info","131","tempedreve_dga_6673343b"
"yxupyjwvml.com","132","tempedreve_dga_6673343b"
"uepqufrlph.net","133","tempedreve_dga_6673343b"
"sxcnkdihyf.org","134","tempedreve_dga_6673343b"
"uzulnehv.info","135","tempedreve_dga_6673343b"
"efupolwv.com","136","tempedreve_dga_6673343b"
"jxefmgv.net","137","tempedreve_dga_6673343b"
"ulafmhyda.org","138","tempedreve_dga_6673343b"
"qdqchfqb.info","139","tempedreve_dga_6673343b"
"wfsfkfcr.com","140","tempedreve_dga_6673343b"
"yibldumiskf.net","141","tempedreve_dga_6673343b"
"szclkpmd.org","142","tempedreve_dga_6673343b"
"hklvhmlv.info","143","tempedreve_dga_6673343b"
"ghopshsxc.com","144","tempedreve_dga_6673343b"
"ymagonf.net","145","tempedreve_dga_6673343b"
"yfwtwfg.org","146","tempedreve_dga_6673343b"
"lbvshwgsibo.info","147","tempedreve_dga_6673343b"
"sbgvkdg.com","148","tempedreve_dga_6673343b"
"ldctfdeisb.net","149","tempedreve_dga_6673343b"
"ivqvojkpm.org","150","tempedreve_dga_6673343b"
"mibuxhjwrt.info","151","tempedreve_dga_6673343b"
"oxqhwxmniv.com","152","tempedreve_dga_6673343b"
"vqiawpb.net","153","tempedreve_dga_6673343b"
"elqdmtovev.org","154","tempedreve_dga_6673343b"
"hkhdqkfki.info","155","tempedreve_dga_6673343b"
"uhixkhqlkl.com","156","tempedreve_dga_6673343b"
"afoszcbrz.net","157","tempedreve_dga_6673343b"
"ursjkrovit.org","158","tempedreve_dga_6673343b"
"ziruxlyjnjk.info","159","tempedreve_dga_6673343b"
"alchezop.com","160","tempedreve_dga_6673343b"
"tafdjptates.net","161","tempedreve_dga_6673343b"
"upcrgna.org","162","tempedreve_dga_6673343b"
"sipuecmzxk.info","163","tempedreve_dga_6673343b"
"grgpydo.com","164","tempedreve_dga_6673343b"
"pehbysgvo.net","165","tempedreve_dga_6673343b"
"srojehyl.org","166","tempedreve_dga_6673343b"
"gvaezjgq.info","167","tempedreve_dga_6673343b"
"ezqpqtude.com","168","tempedreve_dga_6673343b"
"crpejdbfqf.net","169","tempedreve_dga_6673343b"
"grunetejib.org","170","tempedreve_dga_6673343b"
"fnosohorci.info","171","tempedreve_dga_6673343b"
"ylgrgle.com","172","tempedreve_dga_6673343b"
"ehcaogkhj.net","173","tempedreve_dga_6673343b"
"ihgrefqdi.org","174","tempedreve_dga_6673343b"
"hezbfbkj.info","175","tempedreve_dga_6673343b"
"ixktojq.com","176","tempedreve_dga_6673343b"
"wakjtjsemgk.net","177","tempedreve_dga_6673343b"
"kvylonsdip.org","178","tempedreve_dga_6673343b"
"waskmegxmav.info","179","tempedreve_dga_6673343b"
"wjoxedorylk.com","180","tempedreve_dga_6673343b"
"tnyhjofc.net","181","tempedreve_dga_6673343b"
"stkpclk.org","182","tempedreve_dga_6673343b"
"jwhqhwrq.info","183","tempedreve_dga_6673343b"
"mjmlivmvulk.com","184","tempedreve_dga_6673343b"
"ahskjnrhueg.net","185","tempedreve_dga_6673343b"
"qpedefirs.org","186","tempedreve_dga_6673343b"
"qshiealclcg.info","187","tempedreve_dga_6673343b"
"azslmlknghk.com","188","tempedreve_dga_6673343b"
"heouvcgkhuf.net","189","tempedreve_dga_6673343b"
"qvohmnk.org","190","tempedreve_dga_6673343b"
"wusvepoura.info","191","tempedreve_dga_6673343b"
"mnmzenkjudo.com","192","tempedreve_dga_6673343b"
"dxonqkuc.net","193","tempedreve_dga_6673343b"
"avobkpghyz.org","194","tempedreve_dga_6673343b"
"rqbdlir.info","195","tempedreve_dga_6673343b"
"uberaxsdw.com","196","tempedreve_dga_6673343b"
"blcoefty.net","197","tempedreve_dga_6673343b"
"gpwxule.org","198","tempedreve_dga_6673343b"
"xspfqmwbdc.info","199","tempedreve_dga_6673343b"
"ifmdwnc.com","200","tempedreve_dga_6673343b"
"rnunpet.net","201","tempedreve_dga_6673343b"
"urolulghi.org","202","tempedreve_dga_6673343b"
"ozrnlglgb.info","203","tempedreve_dga_6673343b"
