"kazdjihmj.dyndns.org","0","vidrotid_dga_2b870ff7"
"dvexvaxip.com","1","vidrotid_dga_2b870ff7"
"fakrhdnevzbf.net","2","vidrotid_dga_2b870ff7"
"yvqvtwdaac.dyndns.org","3","vidrotid_dga_2b870ff7"
"qbwpfzd.com","4","vidrotid_dga_2b870ff7"
"jwbjbrs.net","5","vidrotid_dga_2b870ff7"
"mbhdnkinrhz.dyndns.org","6","vidrotid_dga_2b870ff7"
"ewnxznyj.com","7","vidrotid_dga_2b870ff7"
"xbtrlgoe.net","8","vidrotid_dga_2b870ff7"
"pwylxinasmd.dyndns.org","9","vidrotid_dga_2b870ff7"
"scefjbdwy.com","10","vidrotid_dga_2b870ff7"
"lxuzfut.net","11","vidrotid_dga_2b870ff7"
"dcatrxjnjrry.dyndns.org","12","vidrotid_dga_2b870ff7"
"wxgodpzzpe.com","13","vidrotid_dga_2b870ff7"
"yclipsy.net","14","vidrotid_dga_2b870ff7"
"rxrcbloravf.dyndns.org","15","vidrotid_dga_2b870ff7"
"kdxgneengjp.com","16","vidrotid_dga_2b870ff7"
"cydajgui.net","17","vidrotid_dga_2b870ff7"
"fdiuvzjerakk.dyndns.org","18","vidrotid_dga_2b870ff7"
"xyoohszaw.com","19","vidrotid_dga_2b870ff7"
"qduitvzwc.net","20","vidrotid_dga_2b870ff7"
"jzacfop.dyndns.org","21","vidrotid_dga_2b870ff7"
"lefwrqfnns.com","22","vidrotid_dga_2b870ff7"
"ezlqnjuj.net","23","vidrotid_dga_2b870ff7"
"werkzck.dyndns.org","24","vidrotid_dga_2b870ff7"
"pzhelfkaoxw.com","25","vidrotid_dga_2b870ff7"
"iemyxxawu.net","26","vidrotid_dga_2b870ff7"
"kassjapsaoql.dyndns.org","27","vidrotid_dga_2b870ff7"
"dfywvtfofcae.com","28","vidrotid_dga_2b870ff7"
"vaerrmvzlg.net","29","vidrotid_dga_2b870ff7"
"ofkldov.dyndns.org","30","vidrotid_dga_2b870ff7"
"rapfphlrwxo.com","31","vidrotid_dga_2b870ff7"
"jfvzbkanck.net","32","vidrotid_dga_2b870ff7"
"cbbtndqi.dyndns.org","33","vidrotid_dga_2b870ff7"
"ughnjvgenbcq.com","34","vidrotid_dga_2b870ff7"
"xbmhvygat.net","35","vidrotid_dga_2b870ff7"
"qgsbhrwwy.dyndns.org","36","vidrotid_dga_2b870ff7"
"ibyvtulsegge.com","37","vidrotid_dga_2b870ff7"
"bhepfmbnju.net","38","vidrotid_dga_2b870ff7"
"dctjrfrj.dyndns.org","39","vidrotid_dga_2b870ff7"
"whzdnih.com","40","vidrotid_dga_2b870ff7"
"pcfhzbgbkzf.net","41","vidrotid_dga_2b870ff7"
"hhlbldww.dyndns.org","42","vidrotid_dga_2b870ff7"
"kcqvxwms.com","43","vidrotid_dga_2b870ff7"
"ciwpjpcobdtj.net","44","vidrotid_dga_2b870ff7"
"vdcjvssah.dyndns.org","45","vidrotid_dga_2b870ff7"
"oiierkr.com","46","vidrotid_dga_2b870ff7"
"qdoyddhrsihh.net","47","vidrotid_dga_2b870ff7"
"jitspgxnym.dyndns.org","48","vidrotid_dga_2b870ff7"
"bdzmbznj.com","49","vidrotid_dga_2b870ff7"
"ujfgnbcejnl.net","50","vidrotid_dga_2b870ff7"
"nelazucapqv.dyndns.org","51","vidrotid_dga_2b870ff7"
"pjquvnsw.com","52","vidrotid_dga_2b870ff7"
"iewyhqisaszj.net","53","vidrotid_dga_2b870ff7"
"bjmstiyogv.dyndns.org","54","vidrotid_dga_2b870ff7"
"tfsmflnjv.com","55","vidrotid_dga_2b870ff7"
"wkxgred.net","56","vidrotid_dga_2b870ff7"
"ofdadxdbha.dyndns.org","57","vidrotid_dga_2b870ff7"
"hkjuzztx.com","58","vidrotid_dga_2b870ff7"
"afpolsjs.net","59","vidrotid_dga_2b870ff7"
"ckvixvyoxfc.dyndns.org","60","vidrotid_dga_2b870ff7"
"vgacjooad.com","61","vidrotid_dga_2b870ff7"
"nlgwvgo.net","62","vidrotid_dga_2b870ff7"
"ggmrrjerojqn.dyndns.org","63","vidrotid_dga_2b870ff7"
"jlsldctnux.com","64","vidrotid_dga_2b870ff7"
"bgxfpfj.net","65","vidrotid_dga_2b870ff7"
"uldjbxzffoe.dyndns.org","66","vidrotid_dga_2b870ff7"
"mhjdnqzalco.com","67","vidrotid_dga_2b870ff7"
"pmzxztpw.net","68","vidrotid_dga_2b870ff7"
"ihervmeswtiz.dyndns.org","69","vidrotid_dga_2b870ff7"
"amklhouom.com","70","vidrotid_dga_2b870ff7"
"thqfthkjr.net","71","vidrotid_dga_2b870ff7"
"vnwzfaa.dyndns.org","72","vidrotid_dga_2b870ff7"
"oibtrdzbdl.com","73","vidrotid_dga_2b870ff7"
"hnhndwpx.net","74","vidrotid_dga_2b870ff7"
"zinhzyf.dyndns.org","75","vidrotid_dga_2b870ff7"
"sntblrvougu.com","76","vidrotid_dga_2b870ff7"
"uizvxklaz.net","77","vidrotid_dga_2b870ff7"
"noepjnkw.dyndns.org","78","vidrotid_dga_2b870ff7"
"gjktvfasklis.com","79","vidrotid_dga_2b870ff7"
"yoqohyqnq.net","80","vidrotid_dga_2b870ff7"
"bjwidbg.dyndns.org","81","vidrotid_dga_2b870ff7"
"tolcpuw.com","82","vidrotid_dga_2b870ff7"
"mkrwbwvbhd.net","83","vidrotid_dga_2b870ff7"
"fpxqnplw.dyndns.org","84","vidrotid_dga_2b870ff7"
"hkdkzibscub.com","85","vidrotid_dga_2b870ff7"
"apiellroiil.net","86","vidrotid_dga_2b870ff7"
"skoyhdgko.dyndns.org","87","vidrotid_dga_2b870ff7"
"lpustgwftzpt.com","88","vidrotid_dga_2b870ff7"
"olamfzwbzn.net","89","vidrotid_dga_2b870ff7"
"gqggrsmxea.dyndns.org","90","vidrotid_dga_2b870ff7"
"zllkduc.com","91","vidrotid_dga_2b870ff7"
"rqreznroqrd.net","92","vidrotid_dga_2b870ff7"
"ulxylqha.dyndns.org","93","vidrotid_dga_2b870ff7"
"nqdsxjhw.com","94","vidrotid_dga_2b870ff7"
"fmimjbxshwry.net","95","vidrotid_dga_2b870ff7"
"yryhvemom.dyndns.org","96","vidrotid_dga_2b870ff7"
"amebhxc.com","97","vidrotid_dga_2b870ff7"
"trkvdasfybfw.net","98","vidrotid_dga_2b870ff7"
"mmpppssbde.dyndns.org","99","vidrotid_dga_2b870ff7"
"kazdjihmj.com","100","vidrotid_dga_2b870ff7"
"dvexvaxip.net","101","vidrotid_dga_2b870ff7"
"fakrhdnevzbf.dyndns.org","102","vidrotid_dga_2b870ff7"
"yvqvtwdaac.com","103","vidrotid_dga_2b870ff7"
"qbwpfzd.net","104","vidrotid_dga_2b870ff7"
"jwbjbrs.dyndns.org","105","vidrotid_dga_2b870ff7"
"mbhdnkinrhz.com","106","vidrotid_dga_2b870ff7"
"ewnxznyj.net","107","vidrotid_dga_2b870ff7"
"xbtrlgoe.dyndns.org","108","vidrotid_dga_2b870ff7"
"pwylxinasmd.com","109","vidrotid_dga_2b870ff7"
"scefjbdwy.net","110","vidrotid_dga_2b870ff7"
"lxuzfut.dyndns.org","111","vidrotid_dga_2b870ff7"
"dcatrxjnjrry.com","112","vidrotid_dga_2b870ff7"
"wxgodpzzpe.net","113","vidrotid_dga_2b870ff7"
"yclipsy.dyndns.org","114","vidrotid_dga_2b870ff7"
"rxrcbloravf.com","115","vidrotid_dga_2b870ff7"
"kdxgneengjp.net","116","vidrotid_dga_2b870ff7"
"cydajgui.dyndns.org","117","vidrotid_dga_2b870ff7"
"fdiuvzjerakk.com","118","vidrotid_dga_2b870ff7"
"xyoohszaw.net","119","vidrotid_dga_2b870ff7"
"qduitvzwc.dyndns.org","120","vidrotid_dga_2b870ff7"
"jzacfop.com","121","vidrotid_dga_2b870ff7"
"lefwrqfnns.net","122","vidrotid_dga_2b870ff7"
"ezlqnjuj.dyndns.org","123","vidrotid_dga_2b870ff7"
"werkzck.com","124","vidrotid_dga_2b870ff7"
"pzhelfkaoxw.net","125","vidrotid_dga_2b870ff7"
"iemyxxawu.dyndns.org","126","vidrotid_dga_2b870ff7"
"kassjapsaoql.com","127","vidrotid_dga_2b870ff7"
"dfywvtfofcae.net","128","vidrotid_dga_2b870ff7"
"vaerrmvzlg.dyndns.org","129","vidrotid_dga_2b870ff7"
"ofkldov.com","130","vidrotid_dga_2b870ff7"
"rapfphlrwxo.net","131","vidrotid_dga_2b870ff7"
"jfvzbkanck.dyndns.org","132","vidrotid_dga_2b870ff7"
"cbbtndqi.com","133","vidrotid_dga_2b870ff7"
"ughnjvgenbcq.net","134","vidrotid_dga_2b870ff7"
"xbmhvygat.dyndns.org","135","vidrotid_dga_2b870ff7"
"qgsbhrwwy.com","136","vidrotid_dga_2b870ff7"
"ibyvtulsegge.net","137","vidrotid_dga_2b870ff7"
"bhepfmbnju.dyndns.org","138","vidrotid_dga_2b870ff7"
"dctjrfrj.com","139","vidrotid_dga_2b870ff7"
"whzdnih.net","140","vidrotid_dga_2b870ff7"
"pcfhzbgbkzf.dyndns.org","141","vidrotid_dga_2b870ff7"
"hhlbldww.com","142","vidrotid_dga_2b870ff7"
"kcqvxwms.net","143","vidrotid_dga_2b870ff7"
"ciwpjpcobdtj.dyndns.org","144","vidrotid_dga_2b870ff7"
"vdcjvssah.com","145","vidrotid_dga_2b870ff7"
"oiierkr.net","146","vidrotid_dga_2b870ff7"
"qdoyddhrsihh.dyndns.org","147","vidrotid_dga_2b870ff7"
"jitspgxnym.com","148","vidrotid_dga_2b870ff7"
"bdzmbznj.net","149","vidrotid_dga_2b870ff7"
"ujfgnbcejnl.dyndns.org","150","vidrotid_dga_2b870ff7"
"nelazucapqv.com","151","vidrotid_dga_2b870ff7"
"pjquvnsw.net","152","vidrotid_dga_2b870ff7"
"iewyhqisaszj.dyndns.org","153","vidrotid_dga_2b870ff7"
"bjmstiyogv.com","154","vidrotid_dga_2b870ff7"
"tfsmflnjv.net","155","vidrotid_dga_2b870ff7"
"wkxgred.dyndns.org","156","vidrotid_dga_2b870ff7"
"ofdadxdbha.com","157","vidrotid_dga_2b870ff7"
"hkjuzztx.net","158","vidrotid_dga_2b870ff7"
"afpolsjs.dyndns.org","159","vidrotid_dga_2b870ff7"
"ckvixvyoxfc.com","160","vidrotid_dga_2b870ff7"
"vgacjooad.net","161","vidrotid_dga_2b870ff7"
"nlgwvgo.dyndns.org","162","vidrotid_dga_2b870ff7"
"ggmrrjerojqn.com","163","vidrotid_dga_2b870ff7"
"jlsldctnux.net","164","vidrotid_dga_2b870ff7"
"bgxfpfj.dyndns.org","165","vidrotid_dga_2b870ff7"
"uldjbxzffoe.com","166","vidrotid_dga_2b870ff7"
"mhjdnqzalco.net","167","vidrotid_dga_2b870ff7"
"pmzxztpw.dyndns.org","168","vidrotid_dga_2b870ff7"
"ihervmeswtiz.com","169","vidrotid_dga_2b870ff7"
"amklhouom.net","170","vidrotid_dga_2b870ff7"
"thqfthkjr.dyndns.org","171","vidrotid_dga_2b870ff7"
"vnwzfaa.com","172","vidrotid_dga_2b870ff7"
"oibtrdzbdl.net","173","vidrotid_dga_2b870ff7"
"hnhndwpx.dyndns.org","174","vidrotid_dga_2b870ff7"
"zinhzyf.com","175","vidrotid_dga_2b870ff7"
"sntblrvougu.net","176","vidrotid_dga_2b870ff7"
"uizvxklaz.dyndns.org","177","vidrotid_dga_2b870ff7"
"noepjnkw.com","178","vidrotid_dga_2b870ff7"
"gjktvfasklis.net","179","vidrotid_dga_2b870ff7"
"yoqohyqnq.dyndns.org","180","vidrotid_dga_2b870ff7"
"bjwidbg.com","181","vidrotid_dga_2b870ff7"
"tolcpuw.net","182","vidrotid_dga_2b870ff7"
"mkrwbwvbhd.dyndns.org","183","vidrotid_dga_2b870ff7"
"fpxqnplw.com","184","vidrotid_dga_2b870ff7"
"hkdkzibscub.net","185","vidrotid_dga_2b870ff7"
"apiellroiil.dyndns.org","186","vidrotid_dga_2b870ff7"
"skoyhdgko.com","187","vidrotid_dga_2b870ff7"
"lpustgwftzpt.net","188","vidrotid_dga_2b870ff7"
"olamfzwbzn.dyndns.org","189","vidrotid_dga_2b870ff7"
"gqggrsmxea.com","190","vidrotid_dga_2b870ff7"
"zllkduc.net","191","vidrotid_dga_2b870ff7"
"rqreznroqrd.dyndns.org","192","vidrotid_dga_2b870ff7"
"ulxylqha.com","193","vidrotid_dga_2b870ff7"
"nqdsxjhw.net","194","vidrotid_dga_2b870ff7"
"fmimjbxshwry.dyndns.org","195","vidrotid_dga_2b870ff7"
"yryhvemom.com","196","vidrotid_dga_2b870ff7"
"amebhxc.net","197","vidrotid_dga_2b870ff7"
"trkvdasfybfw.dyndns.org","198","vidrotid_dga_2b870ff7"
"mmpppssbde.com","199","vidrotid_dga_2b870ff7"
"kazdjihmj.net","200","vidrotid_dga_2b870ff7"
"dvexvaxip.dyndns.org","201","vidrotid_dga_2b870ff7"
"fakrhdnevzbf.com","202","vidrotid_dga_2b870ff7"
"yvqvtwdaac.net","203","vidrotid_dga_2b870ff7"
"qbwpfzd.dyndns.org","204","vidrotid_dga_2b870ff7"
"jwbjbrs.com","205","vidrotid_dga_2b870ff7"
"mbhdnkinrhz.net","206","vidrotid_dga_2b870ff7"
"ewnxznyj.dyndns.org","207","vidrotid_dga_2b870ff7"
"xbtrlgoe.com","208","vidrotid_dga_2b870ff7"
"pwylxinasmd.net","209","vidrotid_dga_2b870ff7"
"scefjbdwy.dyndns.org","210","vidrotid_dga_2b870ff7"
"lxuzfut.com","211","vidrotid_dga_2b870ff7"
"dcatrxjnjrry.net","212","vidrotid_dga_2b870ff7"
"wxgodpzzpe.dyndns.org","213","vidrotid_dga_2b870ff7"
"yclipsy.com","214","vidrotid_dga_2b870ff7"
"rxrcbloravf.net","215","vidrotid_dga_2b870ff7"
"kdxgneengjp.dyndns.org","216","vidrotid_dga_2b870ff7"
"cydajgui.com","217","vidrotid_dga_2b870ff7"
"fdiuvzjerakk.net","218","vidrotid_dga_2b870ff7"
"xyoohszaw.dyndns.org","219","vidrotid_dga_2b870ff7"
"qduitvzwc.com","220","vidrotid_dga_2b870ff7"
"jzacfop.net","221","vidrotid_dga_2b870ff7"
"lefwrqfnns.dyndns.org","222","vidrotid_dga_2b870ff7"
"ezlqnjuj.com","223","vidrotid_dga_2b870ff7"
"werkzck.net","224","vidrotid_dga_2b870ff7"
"pzhelfkaoxw.dyndns.org","225","vidrotid_dga_2b870ff7"
"iemyxxawu.com","226","vidrotid_dga_2b870ff7"
"kassjapsaoql.net","227","vidrotid_dga_2b870ff7"
"dfywvtfofcae.dyndns.org","228","vidrotid_dga_2b870ff7"
"vaerrmvzlg.com","229","vidrotid_dga_2b870ff7"
"ofkldov.net","230","vidrotid_dga_2b870ff7"
"rapfphlrwxo.dyndns.org","231","vidrotid_dga_2b870ff7"
"jfvzbkanck.com","232","vidrotid_dga_2b870ff7"
"cbbtndqi.net","233","vidrotid_dga_2b870ff7"
"ughnjvgenbcq.dyndns.org","234","vidrotid_dga_2b870ff7"
"xbmhvygat.com","235","vidrotid_dga_2b870ff7"
"qgsbhrwwy.net","236","vidrotid_dga_2b870ff7"
"ibyvtulsegge.dyndns.org","237","vidrotid_dga_2b870ff7"
"bhepfmbnju.com","238","vidrotid_dga_2b870ff7"
"dctjrfrj.net","239","vidrotid_dga_2b870ff7"
"whzdnih.dyndns.org","240","vidrotid_dga_2b870ff7"
"pcfhzbgbkzf.com","241","vidrotid_dga_2b870ff7"
"hhlbldww.net","242","vidrotid_dga_2b870ff7"
"kcqvxwms.dyndns.org","243","vidrotid_dga_2b870ff7"
"ciwpjpcobdtj.com","244","vidrotid_dga_2b870ff7"
"vdcjvssah.net","245","vidrotid_dga_2b870ff7"
"oiierkr.dyndns.org","246","vidrotid_dga_2b870ff7"
"qdoyddhrsihh.com","247","vidrotid_dga_2b870ff7"
"jitspgxnym.net","248","vidrotid_dga_2b870ff7"
"bdzmbznj.dyndns.org","249","vidrotid_dga_2b870ff7"
"ujfgnbcejnl.com","250","vidrotid_dga_2b870ff7"
"nelazucapqv.net","251","vidrotid_dga_2b870ff7"
"pjquvnsw.dyndns.org","252","vidrotid_dga_2b870ff7"
"iewyhqisaszj.com","253","vidrotid_dga_2b870ff7"
"bjmstiyogv.net","254","vidrotid_dga_2b870ff7"
"tfsmflnjv.dyndns.org","255","vidrotid_dga_2b870ff7"
"wkxgred.com","256","vidrotid_dga_2b870ff7"
"ofdadxdbha.net","257","vidrotid_dga_2b870ff7"
"hkjuzztx.dyndns.org","258","vidrotid_dga_2b870ff7"
"afpolsjs.com","259","vidrotid_dga_2b870ff7"
"ckvixvyoxfc.net","260","vidrotid_dga_2b870ff7"
"vgacjooad.dyndns.org","261","vidrotid_dga_2b870ff7"
"nlgwvgo.com","262","vidrotid_dga_2b870ff7"
"ggmrrjerojqn.net","263","vidrotid_dga_2b870ff7"
"jlsldctnux.dyndns.org","264","vidrotid_dga_2b870ff7"
"bgxfpfj.com","265","vidrotid_dga_2b870ff7"
"uldjbxzffoe.net","266","vidrotid_dga_2b870ff7"
"mhjdnqzalco.dyndns.org","267","vidrotid_dga_2b870ff7"
"pmzxztpw.com","268","vidrotid_dga_2b870ff7"
"ihervmeswtiz.net","269","vidrotid_dga_2b870ff7"
"amklhouom.dyndns.org","270","vidrotid_dga_2b870ff7"
"thqfthkjr.com","271","vidrotid_dga_2b870ff7"
"vnwzfaa.net","272","vidrotid_dga_2b870ff7"
"oibtrdzbdl.dyndns.org","273","vidrotid_dga_2b870ff7"
"hnhndwpx.com","274","vidrotid_dga_2b870ff7"
"zinhzyf.net","275","vidrotid_dga_2b870ff7"
"sntblrvougu.dyndns.org","276","vidrotid_dga_2b870ff7"
"uizvxklaz.com","277","vidrotid_dga_2b870ff7"
"noepjnkw.net","278","vidrotid_dga_2b870ff7"
"gjktvfasklis.dyndns.org","279","vidrotid_dga_2b870ff7"
"yoqohyqnq.com","280","vidrotid_dga_2b870ff7"
"bjwidbg.net","281","vidrotid_dga_2b870ff7"
"tolcpuw.dyndns.org","282","vidrotid_dga_2b870ff7"
"mkrwbwvbhd.com","283","vidrotid_dga_2b870ff7"
"fpxqnplw.net","284","vidrotid_dga_2b870ff7"
"hkdkzibscub.dyndns.org","285","vidrotid_dga_2b870ff7"
"apiellroiil.com","286","vidrotid_dga_2b870ff7"
"skoyhdgko.net","287","vidrotid_dga_2b870ff7"
"lpustgwftzpt.dyndns.org","288","vidrotid_dga_2b870ff7"
"olamfzwbzn.com","289","vidrotid_dga_2b870ff7"
"gqggrsmxea.net","290","vidrotid_dga_2b870ff7"
"zllkduc.dyndns.org","291","vidrotid_dga_2b870ff7"
"rqreznroqrd.com","292","vidrotid_dga_2b870ff7"
"ulxylqha.net","293","vidrotid_dga_2b870ff7"
"nqdsxjhw.dyndns.org","294","vidrotid_dga_2b870ff7"
"fmimjbxshwry.com","295","vidrotid_dga_2b870ff7"
"yryhvemom.net","296","vidrotid_dga_2b870ff7"
"amebhxc.dyndns.org","297","vidrotid_dga_2b870ff7"
"trkvdasfybfw.com","298","vidrotid_dga_2b870ff7"
"mmpppssbde.net","299","vidrotid_dga_2b870ff7"
