"redotntexplore.info","0","volatilecedar_dga_8600ad18"
"erdotntexplore.info","1","volatilecedar_dga_8600ad18"
"edrotntexplore.info","2","volatilecedar_dga_8600ad18"
"edortntexplore.info","3","volatilecedar_dga_8600ad18"
"edotrntexplore.info","4","volatilecedar_dga_8600ad18"
"edotnrtexplore.info","5","volatilecedar_dga_8600ad18"
"edotntrexplore.info","6","volatilecedar_dga_8600ad18"
"edotnterxplore.info","7","volatilecedar_dga_8600ad18"
"edotntexrplore.info","8","volatilecedar_dga_8600ad18"
"edotntexprlore.info","9","volatilecedar_dga_8600ad18"
"edotntexplrore.info","10","volatilecedar_dga_8600ad18"
"edotntexplorre.info","11","volatilecedar_dga_8600ad18"
"edotntexplorer.info","12","volatilecedar_dga_8600ad18"
"deotntexplorer.info","13","volatilecedar_dga_8600ad18"
"doetntexplorer.info","14","volatilecedar_dga_8600ad18"
"dotentexplorer.info","15","volatilecedar_dga_8600ad18"
"dotnetexplorer.info","16","volatilecedar_dga_8600ad18"
"dotnteexplorer.info","17","volatilecedar_dga_8600ad18"
"dotntexeplorer.info","18","volatilecedar_dga_8600ad18"
"dotntexpelorer.info","19","volatilecedar_dga_8600ad18"
"dotntexpleorer.info","20","volatilecedar_dga_8600ad18"
"dotntexploerer.info","21","volatilecedar_dga_8600ad18"
"dotntexploreer.info","22","volatilecedar_dga_8600ad18"
"dotntexplorere.info","23","volatilecedar_dga_8600ad18"
"odtntexplorere.info","24","volatilecedar_dga_8600ad18"
"otdntexplorere.info","25","volatilecedar_dga_8600ad18"
"otndtexplorere.info","26","volatilecedar_dga_8600ad18"
"otntdexplorere.info","27","volatilecedar_dga_8600ad18"
"otntedxplorere.info","28","volatilecedar_dga_8600ad18"
"otntexdplorere.info","29","volatilecedar_dga_8600ad18"
"otntexpdlorere.info","30","volatilecedar_dga_8600ad18"
"otntexpldorere.info","31","volatilecedar_dga_8600ad18"
"otntexplodrere.info","32","volatilecedar_dga_8600ad18"
"otntexplordere.info","33","volatilecedar_dga_8600ad18"
"otntexploredre.info","34","volatilecedar_dga_8600ad18"
"otntexplorerde.info","35","volatilecedar_dga_8600ad18"
"otntexplorered.info","36","volatilecedar_dga_8600ad18"
"tontexplorered.info","37","volatilecedar_dga_8600ad18"
"tnotexplorered.info","38","volatilecedar_dga_8600ad18"
"tntoexplorered.info","39","volatilecedar_dga_8600ad18"
"tnteoxplorered.info","40","volatilecedar_dga_8600ad18"
"tntexoplorered.info","41","volatilecedar_dga_8600ad18"
"tntexpolorered.info","42","volatilecedar_dga_8600ad18"
"tntexploorered.info","43","volatilecedar_dga_8600ad18"
"tntexploroered.info","44","volatilecedar_dga_8600ad18"
"tntexploreored.info","45","volatilecedar_dga_8600ad18"
"tntexploreroed.info","46","volatilecedar_dga_8600ad18"
"tntexplorereod.info","47","volatilecedar_dga_8600ad18"
"tntexploreredo.info","48","volatilecedar_dga_8600ad18"
"nttexploreredo.info","49","volatilecedar_dga_8600ad18"
"ntetxploreredo.info","50","volatilecedar_dga_8600ad18"
"ntextploreredo.info","51","volatilecedar_dga_8600ad18"
"ntexptloreredo.info","52","volatilecedar_dga_8600ad18"
"ntexpltoreredo.info","53","volatilecedar_dga_8600ad18"
"ntexplotreredo.info","54","volatilecedar_dga_8600ad18"
"ntexplorteredo.info","55","volatilecedar_dga_8600ad18"
"ntexploretredo.info","56","volatilecedar_dga_8600ad18"
"ntexplorertedo.info","57","volatilecedar_dga_8600ad18"
"ntexploreretdo.info","58","volatilecedar_dga_8600ad18"
"ntexploreredto.info","59","volatilecedar_dga_8600ad18"
"ntexploreredot.info","60","volatilecedar_dga_8600ad18"
"tnexploreredot.info","61","volatilecedar_dga_8600ad18"
"tenxploreredot.info","62","volatilecedar_dga_8600ad18"
"texnploreredot.info","63","volatilecedar_dga_8600ad18"
"texpnloreredot.info","64","volatilecedar_dga_8600ad18"
"texplnoreredot.info","65","volatilecedar_dga_8600ad18"
"texplonreredot.info","66","volatilecedar_dga_8600ad18"
"texplorneredot.info","67","volatilecedar_dga_8600ad18"
"texplorenredot.info","68","volatilecedar_dga_8600ad18"
"texplorernedot.info","69","volatilecedar_dga_8600ad18"
"texplorerendot.info","70","volatilecedar_dga_8600ad18"
"texplorerednot.info","71","volatilecedar_dga_8600ad18"
"texploreredont.info","72","volatilecedar_dga_8600ad18"
"texploreredotn.info","73","volatilecedar_dga_8600ad18"
"etxploreredotn.info","74","volatilecedar_dga_8600ad18"
"extploreredotn.info","75","volatilecedar_dga_8600ad18"
"exptloreredotn.info","76","volatilecedar_dga_8600ad18"
"expltoreredotn.info","77","volatilecedar_dga_8600ad18"
"explotreredotn.info","78","volatilecedar_dga_8600ad18"
"explorteredotn.info","79","volatilecedar_dga_8600ad18"
"exploretredotn.info","80","volatilecedar_dga_8600ad18"
"explorertedotn.info","81","volatilecedar_dga_8600ad18"
"exploreretdotn.info","82","volatilecedar_dga_8600ad18"
"exploreredtotn.info","83","volatilecedar_dga_8600ad18"
"exploreredottn.info","84","volatilecedar_dga_8600ad18"
"exploreredotnt.info","85","volatilecedar_dga_8600ad18"
"xeploreredotnt.info","86","volatilecedar_dga_8600ad18"
"xpeloreredotnt.info","87","volatilecedar_dga_8600ad18"
"xpleoreredotnt.info","88","volatilecedar_dga_8600ad18"
"xploereredotnt.info","89","volatilecedar_dga_8600ad18"
"xploreeredotnt.info","90","volatilecedar_dga_8600ad18"
"xplorereedotnt.info","91","volatilecedar_dga_8600ad18"
"xploreredeotnt.info","92","volatilecedar_dga_8600ad18"
"xploreredoetnt.info","93","volatilecedar_dga_8600ad18"
"xploreredotent.info","94","volatilecedar_dga_8600ad18"
"xploreredotnet.info","95","volatilecedar_dga_8600ad18"
"xploreredotnte.info","96","volatilecedar_dga_8600ad18"
"pxloreredotnte.info","97","volatilecedar_dga_8600ad18"
"plxoreredotnte.info","98","volatilecedar_dga_8600ad18"
"ploxreredotnte.info","99","volatilecedar_dga_8600ad18"
"plorxeredotnte.info","100","volatilecedar_dga_8600ad18"
"plorexredotnte.info","101","volatilecedar_dga_8600ad18"
"plorerxedotnte.info","102","volatilecedar_dga_8600ad18"
"plorerexdotnte.info","103","volatilecedar_dga_8600ad18"
"ploreredxotnte.info","104","volatilecedar_dga_8600ad18"
"ploreredoxtnte.info","105","volatilecedar_dga_8600ad18"
"ploreredotxnte.info","106","volatilecedar_dga_8600ad18"
"ploreredotnxte.info","107","volatilecedar_dga_8600ad18"
"ploreredotntxe.info","108","volatilecedar_dga_8600ad18"
"ploreredotntex.info","109","volatilecedar_dga_8600ad18"
"lporeredotntex.info","110","volatilecedar_dga_8600ad18"
"lopreredotntex.info","111","volatilecedar_dga_8600ad18"
"lorperedotntex.info","112","volatilecedar_dga_8600ad18"
"lorepredotntex.info","113","volatilecedar_dga_8600ad18"
"lorerpedotntex.info","114","volatilecedar_dga_8600ad18"
"lorerepdotntex.info","115","volatilecedar_dga_8600ad18"
"loreredpotntex.info","116","volatilecedar_dga_8600ad18"
"loreredoptntex.info","117","volatilecedar_dga_8600ad18"
"loreredotpntex.info","118","volatilecedar_dga_8600ad18"
"loreredotnptex.info","119","volatilecedar_dga_8600ad18"
"loreredotntpex.info","120","volatilecedar_dga_8600ad18"
"loreredotntepx.info","121","volatilecedar_dga_8600ad18"
"loreredotntexp.info","122","volatilecedar_dga_8600ad18"
"olreredotntexp.info","123","volatilecedar_dga_8600ad18"
"orleredotntexp.info","124","volatilecedar_dga_8600ad18"
"orelredotntexp.info","125","volatilecedar_dga_8600ad18"
"orerledotntexp.info","126","volatilecedar_dga_8600ad18"
"orereldotntexp.info","127","volatilecedar_dga_8600ad18"
"oreredlotntexp.info","128","volatilecedar_dga_8600ad18"
"oreredoltntexp.info","129","volatilecedar_dga_8600ad18"
"oreredotlntexp.info","130","volatilecedar_dga_8600ad18"
"oreredotnltexp.info","131","volatilecedar_dga_8600ad18"
"oreredotntlexp.info","132","volatilecedar_dga_8600ad18"
"oreredotntelxp.info","133","volatilecedar_dga_8600ad18"
"oreredotntexlp.info","134","volatilecedar_dga_8600ad18"
"oreredotntexpl.info","135","volatilecedar_dga_8600ad18"
"roeredotntexpl.info","136","volatilecedar_dga_8600ad18"
"reoredotntexpl.info","137","volatilecedar_dga_8600ad18"
"reroedotntexpl.info","138","volatilecedar_dga_8600ad18"
"rereodotntexpl.info","139","volatilecedar_dga_8600ad18"
"reredootntexpl.info","140","volatilecedar_dga_8600ad18"
"reredotontexpl.info","141","volatilecedar_dga_8600ad18"
"reredotnotexpl.info","142","volatilecedar_dga_8600ad18"
"reredotntoexpl.info","143","volatilecedar_dga_8600ad18"
"reredotnteoxpl.info","144","volatilecedar_dga_8600ad18"
"reredotntexopl.info","145","volatilecedar_dga_8600ad18"
"reredotntexpol.info","146","volatilecedar_dga_8600ad18"
"reredotntexplo.info","147","volatilecedar_dga_8600ad18"
"erredotntexplo.info","148","volatilecedar_dga_8600ad18"
"ererdotntexplo.info","149","volatilecedar_dga_8600ad18"
"eredrotntexplo.info","150","volatilecedar_dga_8600ad18"
"eredortntexplo.info","151","volatilecedar_dga_8600ad18"
"eredotrntexplo.info","152","volatilecedar_dga_8600ad18"
"eredotnrtexplo.info","153","volatilecedar_dga_8600ad18"
"eredotntrexplo.info","154","volatilecedar_dga_8600ad18"
"eredotnterxplo.info","155","volatilecedar_dga_8600ad18"
"eredotntexrplo.info","156","volatilecedar_dga_8600ad18"
"eredotntexprlo.info","157","volatilecedar_dga_8600ad18"
"eredotntexplro.info","158","volatilecedar_dga_8600ad18"
"eredotntexplor.info","159","volatilecedar_dga_8600ad18"
"reedotntexplor.info","160","volatilecedar_dga_8600ad18"
"redeotntexplor.info","161","volatilecedar_dga_8600ad18"
"redoetntexplor.info","162","volatilecedar_dga_8600ad18"
"redotentexplor.info","163","volatilecedar_dga_8600ad18"
"redotnetexplor.info","164","volatilecedar_dga_8600ad18"
"redotnteexplor.info","165","volatilecedar_dga_8600ad18"
"redotntexeplor.info","166","volatilecedar_dga_8600ad18"
"redotntexpelor.info","167","volatilecedar_dga_8600ad18"
"redotntexpleor.info","168","volatilecedar_dga_8600ad18"
"redotntexploer.info","169","volatilecedar_dga_8600ad18"
"getadobeflashplayer.net","0","volatilecedar_dga_b87521e6"
"egtadobeflashplayer.net","1","volatilecedar_dga_b87521e6"
"etgadobeflashplayer.net","2","volatilecedar_dga_b87521e6"
"etagdobeflashplayer.net","3","volatilecedar_dga_b87521e6"
"etadgobeflashplayer.net","4","volatilecedar_dga_b87521e6"
"etadogbeflashplayer.net","5","volatilecedar_dga_b87521e6"
"etadobgeflashplayer.net","6","volatilecedar_dga_b87521e6"
"etadobegflashplayer.net","7","volatilecedar_dga_b87521e6"
"etadobefglashplayer.net","8","volatilecedar_dga_b87521e6"
"etadobeflgashplayer.net","9","volatilecedar_dga_b87521e6"
"etadobeflagshplayer.net","10","volatilecedar_dga_b87521e6"
"etadobeflasghplayer.net","11","volatilecedar_dga_b87521e6"
"etadobeflashgplayer.net","12","volatilecedar_dga_b87521e6"
"etadobeflashpglayer.net","13","volatilecedar_dga_b87521e6"
"etadobeflashplgayer.net","14","volatilecedar_dga_b87521e6"
"etadobeflashplagyer.net","15","volatilecedar_dga_b87521e6"
"etadobeflashplayger.net","16","volatilecedar_dga_b87521e6"
"etadobeflashplayegr.net","17","volatilecedar_dga_b87521e6"
"etadobeflashplayerg.net","18","volatilecedar_dga_b87521e6"
"teadobeflashplayerg.net","19","volatilecedar_dga_b87521e6"
"taedobeflashplayerg.net","20","volatilecedar_dga_b87521e6"
"tadeobeflashplayerg.net","21","volatilecedar_dga_b87521e6"
"tadoebeflashplayerg.net","22","volatilecedar_dga_b87521e6"
"tadobeeflashplayerg.net","23","volatilecedar_dga_b87521e6"
"tadobefelashplayerg.net","24","volatilecedar_dga_b87521e6"
"tadobefleashplayerg.net","25","volatilecedar_dga_b87521e6"
"tadobeflaeshplayerg.net","26","volatilecedar_dga_b87521e6"
"tadobeflasehplayerg.net","27","volatilecedar_dga_b87521e6"
"tadobeflasheplayerg.net","28","volatilecedar_dga_b87521e6"
"tadobeflashpelayerg.net","29","volatilecedar_dga_b87521e6"
"tadobeflashpleayerg.net","30","volatilecedar_dga_b87521e6"
"tadobeflashplaeyerg.net","31","volatilecedar_dga_b87521e6"
"tadobeflashplayeerg.net","32","volatilecedar_dga_b87521e6"
"tadobeflashplayereg.net","33","volatilecedar_dga_b87521e6"
"tadobeflashplayerge.net","34","volatilecedar_dga_b87521e6"
"atdobeflashplayerge.net","35","volatilecedar_dga_b87521e6"
"adtobeflashplayerge.net","36","volatilecedar_dga_b87521e6"
"adotbeflashplayerge.net","37","volatilecedar_dga_b87521e6"
"adobteflashplayerge.net","38","volatilecedar_dga_b87521e6"
"adobetflashplayerge.net","39","volatilecedar_dga_b87521e6"
"adobeftlashplayerge.net","40","volatilecedar_dga_b87521e6"
"adobefltashplayerge.net","41","volatilecedar_dga_b87521e6"
"adobeflatshplayerge.net","42","volatilecedar_dga_b87521e6"
"adobeflasthplayerge.net","43","volatilecedar_dga_b87521e6"
"adobeflashtplayerge.net","44","volatilecedar_dga_b87521e6"
"adobeflashptlayerge.net","45","volatilecedar_dga_b87521e6"
"adobeflashpltayerge.net","46","volatilecedar_dga_b87521e6"
"adobeflashplatyerge.net","47","volatilecedar_dga_b87521e6"
"adobeflashplayterge.net","48","volatilecedar_dga_b87521e6"
"adobeflashplayetrge.net","49","volatilecedar_dga_b87521e6"
"adobeflashplayertge.net","50","volatilecedar_dga_b87521e6"
"adobeflashplayergte.net","51","volatilecedar_dga_b87521e6"
"adobeflashplayerget.net","52","volatilecedar_dga_b87521e6"
"daobeflashplayerget.net","53","volatilecedar_dga_b87521e6"
"doabeflashplayerget.net","54","volatilecedar_dga_b87521e6"
"dobaeflashplayerget.net","55","volatilecedar_dga_b87521e6"
"dobeaflashplayerget.net","56","volatilecedar_dga_b87521e6"
"dobefalashplayerget.net","57","volatilecedar_dga_b87521e6"
"dobeflaashplayerget.net","58","volatilecedar_dga_b87521e6"
"dobeflasahplayerget.net","59","volatilecedar_dga_b87521e6"
"dobeflashaplayerget.net","60","volatilecedar_dga_b87521e6"
"dobeflashpalayerget.net","61","volatilecedar_dga_b87521e6"
"dobeflashplaayerget.net","62","volatilecedar_dga_b87521e6"
"dobeflashplayaerget.net","63","volatilecedar_dga_b87521e6"
"dobeflashplayearget.net","64","volatilecedar_dga_b87521e6"
"dobeflashplayeraget.net","65","volatilecedar_dga_b87521e6"
"dobeflashplayergaet.net","66","volatilecedar_dga_b87521e6"
"dobeflashplayergeat.net","67","volatilecedar_dga_b87521e6"
"dobeflashplayergeta.net","68","volatilecedar_dga_b87521e6"
"odbeflashplayergeta.net","69","volatilecedar_dga_b87521e6"
"obdeflashplayergeta.net","70","volatilecedar_dga_b87521e6"
"obedflashplayergeta.net","71","volatilecedar_dga_b87521e6"
"obefdlashplayergeta.net","72","volatilecedar_dga_b87521e6"
"obefldashplayergeta.net","73","volatilecedar_dga_b87521e6"
"obefladshplayergeta.net","74","volatilecedar_dga_b87521e6"
"obeflasdhplayergeta.net","75","volatilecedar_dga_b87521e6"
"obeflashdplayergeta.net","76","volatilecedar_dga_b87521e6"
"obeflashpdlayergeta.net","77","volatilecedar_dga_b87521e6"
"obeflashpldayergeta.net","78","volatilecedar_dga_b87521e6"
"obeflashpladyergeta.net","79","volatilecedar_dga_b87521e6"
"obeflashplaydergeta.net","80","volatilecedar_dga_b87521e6"
"obeflashplayedrgeta.net","81","volatilecedar_dga_b87521e6"
"obeflashplayerdgeta.net","82","volatilecedar_dga_b87521e6"
"obeflashplayergdeta.net","83","volatilecedar_dga_b87521e6"
"obeflashplayergedta.net","84","volatilecedar_dga_b87521e6"
"obeflashplayergetda.net","85","volatilecedar_dga_b87521e6"
"obeflashplayergetad.net","86","volatilecedar_dga_b87521e6"
"boeflashplayergetad.net","87","volatilecedar_dga_b87521e6"
"beoflashplayergetad.net","88","volatilecedar_dga_b87521e6"
"befolashplayergetad.net","89","volatilecedar_dga_b87521e6"
"befloashplayergetad.net","90","volatilecedar_dga_b87521e6"
"beflaoshplayergetad.net","91","volatilecedar_dga_b87521e6"
"beflasohplayergetad.net","92","volatilecedar_dga_b87521e6"
"beflashoplayergetad.net","93","volatilecedar_dga_b87521e6"
"beflashpolayergetad.net","94","volatilecedar_dga_b87521e6"
"beflashploayergetad.net","95","volatilecedar_dga_b87521e6"
"beflashplaoyergetad.net","96","volatilecedar_dga_b87521e6"
"beflashplayoergetad.net","97","volatilecedar_dga_b87521e6"
"beflashplayeorgetad.net","98","volatilecedar_dga_b87521e6"
"beflashplayerogetad.net","99","volatilecedar_dga_b87521e6"
"beflashplayergoetad.net","100","volatilecedar_dga_b87521e6"
"beflashplayergeotad.net","101","volatilecedar_dga_b87521e6"
"beflashplayergetoad.net","102","volatilecedar_dga_b87521e6"
"beflashplayergetaod.net","103","volatilecedar_dga_b87521e6"
"beflashplayergetado.net","104","volatilecedar_dga_b87521e6"
"ebflashplayergetado.net","105","volatilecedar_dga_b87521e6"
"efblashplayergetado.net","106","volatilecedar_dga_b87521e6"
"eflbashplayergetado.net","107","volatilecedar_dga_b87521e6"
"eflabshplayergetado.net","108","volatilecedar_dga_b87521e6"
"eflasbhplayergetado.net","109","volatilecedar_dga_b87521e6"
"eflashbplayergetado.net","110","volatilecedar_dga_b87521e6"
"eflashpblayergetado.net","111","volatilecedar_dga_b87521e6"
"eflashplbayergetado.net","112","volatilecedar_dga_b87521e6"
"eflashplabyergetado.net","113","volatilecedar_dga_b87521e6"
"eflashplaybergetado.net","114","volatilecedar_dga_b87521e6"
"eflashplayebrgetado.net","115","volatilecedar_dga_b87521e6"
"eflashplayerbgetado.net","116","volatilecedar_dga_b87521e6"
"eflashplayergbetado.net","117","volatilecedar_dga_b87521e6"
"eflashplayergebtado.net","118","volatilecedar_dga_b87521e6"
"eflashplayergetbado.net","119","volatilecedar_dga_b87521e6"
"eflashplayergetabdo.net","120","volatilecedar_dga_b87521e6"
"eflashplayergetadbo.net","121","volatilecedar_dga_b87521e6"
"eflashplayergetadob.net","122","volatilecedar_dga_b87521e6"
"felashplayergetadob.net","123","volatilecedar_dga_b87521e6"
"fleashplayergetadob.net","124","volatilecedar_dga_b87521e6"
"flaeshplayergetadob.net","125","volatilecedar_dga_b87521e6"
"flasehplayergetadob.net","126","volatilecedar_dga_b87521e6"
"flasheplayergetadob.net","127","volatilecedar_dga_b87521e6"
"flashpelayergetadob.net","128","volatilecedar_dga_b87521e6"
"flashpleayergetadob.net","129","volatilecedar_dga_b87521e6"
"flashplaeyergetadob.net","130","volatilecedar_dga_b87521e6"
"flashplayeergetadob.net","131","volatilecedar_dga_b87521e6"
"flashplayeregetadob.net","132","volatilecedar_dga_b87521e6"
"flashplayergeetadob.net","133","volatilecedar_dga_b87521e6"
"flashplayergeteadob.net","134","volatilecedar_dga_b87521e6"
"flashplayergetaedob.net","135","volatilecedar_dga_b87521e6"
"flashplayergetadeob.net","136","volatilecedar_dga_b87521e6"
"flashplayergetadoeb.net","137","volatilecedar_dga_b87521e6"
"flashplayergetadobe.net","138","volatilecedar_dga_b87521e6"
"lfashplayergetadobe.net","139","volatilecedar_dga_b87521e6"
"lafshplayergetadobe.net","140","volatilecedar_dga_b87521e6"
"lasfhplayergetadobe.net","141","volatilecedar_dga_b87521e6"
"lashfplayergetadobe.net","142","volatilecedar_dga_b87521e6"
"lashpflayergetadobe.net","143","volatilecedar_dga_b87521e6"
"lashplfayergetadobe.net","144","volatilecedar_dga_b87521e6"
"lashplafyergetadobe.net","145","volatilecedar_dga_b87521e6"
"lashplayfergetadobe.net","146","volatilecedar_dga_b87521e6"
"lashplayefrgetadobe.net","147","volatilecedar_dga_b87521e6"
"lashplayerfgetadobe.net","148","volatilecedar_dga_b87521e6"
"lashplayergfetadobe.net","149","volatilecedar_dga_b87521e6"
"lashplayergeftadobe.net","150","volatilecedar_dga_b87521e6"
"lashplayergetfadobe.net","151","volatilecedar_dga_b87521e6"
"lashplayergetafdobe.net","152","volatilecedar_dga_b87521e6"
"lashplayergetadfobe.net","153","volatilecedar_dga_b87521e6"
"lashplayergetadofbe.net","154","volatilecedar_dga_b87521e6"
"lashplayergetadobfe.net","155","volatilecedar_dga_b87521e6"
"lashplayergetadobef.net","156","volatilecedar_dga_b87521e6"
"alshplayergetadobef.net","157","volatilecedar_dga_b87521e6"
"aslhplayergetadobef.net","158","volatilecedar_dga_b87521e6"
"ashlplayergetadobef.net","159","volatilecedar_dga_b87521e6"
"ashpllayergetadobef.net","160","volatilecedar_dga_b87521e6"
"ashplalyergetadobef.net","161","volatilecedar_dga_b87521e6"
"ashplaylergetadobef.net","162","volatilecedar_dga_b87521e6"
"ashplayelrgetadobef.net","163","volatilecedar_dga_b87521e6"
"ashplayerlgetadobef.net","164","volatilecedar_dga_b87521e6"
"ashplayergletadobef.net","165","volatilecedar_dga_b87521e6"
"ashplayergeltadobef.net","166","volatilecedar_dga_b87521e6"
"ashplayergetladobef.net","167","volatilecedar_dga_b87521e6"
"ashplayergetaldobef.net","168","volatilecedar_dga_b87521e6"
"ashplayergetadlobef.net","169","volatilecedar_dga_b87521e6"
"ashplayergetadolbef.net","170","volatilecedar_dga_b87521e6"
"ashplayergetadoblef.net","171","volatilecedar_dga_b87521e6"
"ashplayergetadobelf.net","172","volatilecedar_dga_b87521e6"
"ashplayergetadobefl.net","173","volatilecedar_dga_b87521e6"
"sahplayergetadobefl.net","174","volatilecedar_dga_b87521e6"
"shaplayergetadobefl.net","175","volatilecedar_dga_b87521e6"
"shpalayergetadobefl.net","176","volatilecedar_dga_b87521e6"
"shplaayergetadobefl.net","177","volatilecedar_dga_b87521e6"
"shplayaergetadobefl.net","178","volatilecedar_dga_b87521e6"
"shplayeargetadobefl.net","179","volatilecedar_dga_b87521e6"
"shplayeragetadobefl.net","180","volatilecedar_dga_b87521e6"
"shplayergaetadobefl.net","181","volatilecedar_dga_b87521e6"
"shplayergeatadobefl.net","182","volatilecedar_dga_b87521e6"
"shplayergetaadobefl.net","183","volatilecedar_dga_b87521e6"
"shplayergetadaobefl.net","184","volatilecedar_dga_b87521e6"
"shplayergetadoabefl.net","185","volatilecedar_dga_b87521e6"
"shplayergetadobaefl.net","186","volatilecedar_dga_b87521e6"
"shplayergetadobeafl.net","187","volatilecedar_dga_b87521e6"
"shplayergetadobefal.net","188","volatilecedar_dga_b87521e6"
"shplayergetadobefla.net","189","volatilecedar_dga_b87521e6"
"hsplayergetadobefla.net","190","volatilecedar_dga_b87521e6"
"hpslayergetadobefla.net","191","volatilecedar_dga_b87521e6"
"hplsayergetadobefla.net","192","volatilecedar_dga_b87521e6"
"hplasyergetadobefla.net","193","volatilecedar_dga_b87521e6"
"hplaysergetadobefla.net","194","volatilecedar_dga_b87521e6"
"hplayesrgetadobefla.net","195","volatilecedar_dga_b87521e6"
"hplayersgetadobefla.net","196","volatilecedar_dga_b87521e6"
"hplayergsetadobefla.net","197","volatilecedar_dga_b87521e6"
"hplayergestadobefla.net","198","volatilecedar_dga_b87521e6"
"hplayergetsadobefla.net","199","volatilecedar_dga_b87521e6"
"hplayergetasdobefla.net","200","volatilecedar_dga_b87521e6"
"hplayergetadsobefla.net","201","volatilecedar_dga_b87521e6"
"hplayergetadosbefla.net","202","volatilecedar_dga_b87521e6"
"hplayergetadobsefla.net","203","volatilecedar_dga_b87521e6"
"hplayergetadobesfla.net","204","volatilecedar_dga_b87521e6"
"hplayergetadobefsla.net","205","volatilecedar_dga_b87521e6"
"hplayergetadobeflsa.net","206","volatilecedar_dga_b87521e6"
"hplayergetadobeflas.net","207","volatilecedar_dga_b87521e6"
"phlayergetadobeflas.net","208","volatilecedar_dga_b87521e6"
"plhayergetadobeflas.net","209","volatilecedar_dga_b87521e6"
"plahyergetadobeflas.net","210","volatilecedar_dga_b87521e6"
"playhergetadobeflas.net","211","volatilecedar_dga_b87521e6"
"playehrgetadobeflas.net","212","volatilecedar_dga_b87521e6"
"playerhgetadobeflas.net","213","volatilecedar_dga_b87521e6"
"playerghetadobeflas.net","214","volatilecedar_dga_b87521e6"
"playergehtadobeflas.net","215","volatilecedar_dga_b87521e6"
"playergethadobeflas.net","216","volatilecedar_dga_b87521e6"
"playergetahdobeflas.net","217","volatilecedar_dga_b87521e6"
"playergetadhobeflas.net","218","volatilecedar_dga_b87521e6"
"playergetadohbeflas.net","219","volatilecedar_dga_b87521e6"
"playergetadobheflas.net","220","volatilecedar_dga_b87521e6"
"playergetadobehflas.net","221","volatilecedar_dga_b87521e6"
"playergetadobefhlas.net","222","volatilecedar_dga_b87521e6"
"playergetadobeflhas.net","223","volatilecedar_dga_b87521e6"
"playergetadobeflahs.net","224","volatilecedar_dga_b87521e6"
"playergetadobeflash.net","225","volatilecedar_dga_b87521e6"
"lpayergetadobeflash.net","226","volatilecedar_dga_b87521e6"
"lapyergetadobeflash.net","227","volatilecedar_dga_b87521e6"
"laypergetadobeflash.net","228","volatilecedar_dga_b87521e6"
"layeprgetadobeflash.net","229","volatilecedar_dga_b87521e6"
"layerpgetadobeflash.net","230","volatilecedar_dga_b87521e6"
"layergpetadobeflash.net","231","volatilecedar_dga_b87521e6"
"layergeptadobeflash.net","232","volatilecedar_dga_b87521e6"
"layergetpadobeflash.net","233","volatilecedar_dga_b87521e6"
"layergetapdobeflash.net","234","volatilecedar_dga_b87521e6"
"layergetadpobeflash.net","235","volatilecedar_dga_b87521e6"
"layergetadopbeflash.net","236","volatilecedar_dga_b87521e6"
"layergetadobpeflash.net","237","volatilecedar_dga_b87521e6"
"layergetadobepflash.net","238","volatilecedar_dga_b87521e6"
"layergetadobefplash.net","239","volatilecedar_dga_b87521e6"
"layergetadobeflpash.net","240","volatilecedar_dga_b87521e6"
"layergetadobeflapsh.net","241","volatilecedar_dga_b87521e6"
"layergetadobeflasph.net","242","volatilecedar_dga_b87521e6"
"layergetadobeflashp.net","243","volatilecedar_dga_b87521e6"
"alyergetadobeflashp.net","244","volatilecedar_dga_b87521e6"
"aylergetadobeflashp.net","245","volatilecedar_dga_b87521e6"
"ayelrgetadobeflashp.net","246","volatilecedar_dga_b87521e6"
"ayerlgetadobeflashp.net","247","volatilecedar_dga_b87521e6"
"ayergletadobeflashp.net","248","volatilecedar_dga_b87521e6"
"ayergeltadobeflashp.net","249","volatilecedar_dga_b87521e6"
"ayergetladobeflashp.net","250","volatilecedar_dga_b87521e6"
"ayergetaldobeflashp.net","251","volatilecedar_dga_b87521e6"
"ayergetadlobeflashp.net","252","volatilecedar_dga_b87521e6"
"ayergetadolbeflashp.net","253","volatilecedar_dga_b87521e6"
"ayergetadobleflashp.net","254","volatilecedar_dga_b87521e6"
"ayergetadobelflashp.net","255","volatilecedar_dga_b87521e6"
"ayergetadobefllashp.net","256","volatilecedar_dga_b87521e6"
"ayergetadobeflalshp.net","257","volatilecedar_dga_b87521e6"
"ayergetadobeflaslhp.net","258","volatilecedar_dga_b87521e6"
"ayergetadobeflashlp.net","259","volatilecedar_dga_b87521e6"
"ayergetadobeflashpl.net","260","volatilecedar_dga_b87521e6"
"yaergetadobeflashpl.net","261","volatilecedar_dga_b87521e6"
"yeargetadobeflashpl.net","262","volatilecedar_dga_b87521e6"
"yeragetadobeflashpl.net","263","volatilecedar_dga_b87521e6"
"yergaetadobeflashpl.net","264","volatilecedar_dga_b87521e6"
"yergeatadobeflashpl.net","265","volatilecedar_dga_b87521e6"
"yergetaadobeflashpl.net","266","volatilecedar_dga_b87521e6"
"yergetadaobeflashpl.net","267","volatilecedar_dga_b87521e6"
"yergetadoabeflashpl.net","268","volatilecedar_dga_b87521e6"
"yergetadobaeflashpl.net","269","volatilecedar_dga_b87521e6"
"yergetadobeaflashpl.net","270","volatilecedar_dga_b87521e6"
"yergetadobefalashpl.net","271","volatilecedar_dga_b87521e6"
"yergetadobeflaashpl.net","272","volatilecedar_dga_b87521e6"
"yergetadobeflasahpl.net","273","volatilecedar_dga_b87521e6"
"yergetadobeflashapl.net","274","volatilecedar_dga_b87521e6"
"yergetadobeflashpal.net","275","volatilecedar_dga_b87521e6"
"yergetadobeflashpla.net","276","volatilecedar_dga_b87521e6"
"eyrgetadobeflashpla.net","277","volatilecedar_dga_b87521e6"
"erygetadobeflashpla.net","278","volatilecedar_dga_b87521e6"
"ergyetadobeflashpla.net","279","volatilecedar_dga_b87521e6"
"ergeytadobeflashpla.net","280","volatilecedar_dga_b87521e6"
"ergetyadobeflashpla.net","281","volatilecedar_dga_b87521e6"
"ergetaydobeflashpla.net","282","volatilecedar_dga_b87521e6"
"ergetadyobeflashpla.net","283","volatilecedar_dga_b87521e6"
"ergetadoybeflashpla.net","284","volatilecedar_dga_b87521e6"
"ergetadobyeflashpla.net","285","volatilecedar_dga_b87521e6"
"ergetadobeyflashpla.net","286","volatilecedar_dga_b87521e6"
"ergetadobefylashpla.net","287","volatilecedar_dga_b87521e6"
"ergetadobeflyashpla.net","288","volatilecedar_dga_b87521e6"
"ergetadobeflayshpla.net","289","volatilecedar_dga_b87521e6"
"ergetadobeflasyhpla.net","290","volatilecedar_dga_b87521e6"
"ergetadobeflashypla.net","291","volatilecedar_dga_b87521e6"
"ergetadobeflashpyla.net","292","volatilecedar_dga_b87521e6"
"ergetadobeflashplya.net","293","volatilecedar_dga_b87521e6"
"ergetadobeflashplay.net","294","volatilecedar_dga_b87521e6"
"regetadobeflashplay.net","295","volatilecedar_dga_b87521e6"
"rgeetadobeflashplay.net","296","volatilecedar_dga_b87521e6"
"rgeteadobeflashplay.net","297","volatilecedar_dga_b87521e6"
"rgetaedobeflashplay.net","298","volatilecedar_dga_b87521e6"
"rgetadeobeflashplay.net","299","volatilecedar_dga_b87521e6"
"rgetadoebeflashplay.net","300","volatilecedar_dga_b87521e6"
"rgetadobeeflashplay.net","301","volatilecedar_dga_b87521e6"
"rgetadobefelashplay.net","302","volatilecedar_dga_b87521e6"
"rgetadobefleashplay.net","303","volatilecedar_dga_b87521e6"
"rgetadobeflaeshplay.net","304","volatilecedar_dga_b87521e6"
"rgetadobeflasehplay.net","305","volatilecedar_dga_b87521e6"
"rgetadobeflasheplay.net","306","volatilecedar_dga_b87521e6"
"rgetadobeflashpelay.net","307","volatilecedar_dga_b87521e6"
"rgetadobeflashpleay.net","308","volatilecedar_dga_b87521e6"
"rgetadobeflashplaey.net","309","volatilecedar_dga_b87521e6"
"rgetadobeflashplaye.net","310","volatilecedar_dga_b87521e6"
"gretadobeflashplaye.net","311","volatilecedar_dga_b87521e6"
"gertadobeflashplaye.net","312","volatilecedar_dga_b87521e6"
"getradobeflashplaye.net","313","volatilecedar_dga_b87521e6"
"getardobeflashplaye.net","314","volatilecedar_dga_b87521e6"
"getadrobeflashplaye.net","315","volatilecedar_dga_b87521e6"
"getadorbeflashplaye.net","316","volatilecedar_dga_b87521e6"
"getadobreflashplaye.net","317","volatilecedar_dga_b87521e6"
"getadoberflashplaye.net","318","volatilecedar_dga_b87521e6"
"getadobefrlashplaye.net","319","volatilecedar_dga_b87521e6"
"getadobeflrashplaye.net","320","volatilecedar_dga_b87521e6"
"getadobeflarshplaye.net","321","volatilecedar_dga_b87521e6"
"getadobeflasrhplaye.net","322","volatilecedar_dga_b87521e6"
"getadobeflashrplaye.net","323","volatilecedar_dga_b87521e6"
"getadobeflashprlaye.net","324","volatilecedar_dga_b87521e6"
"getadobeflashplraye.net","325","volatilecedar_dga_b87521e6"
"getadobeflashplarye.net","326","volatilecedar_dga_b87521e6"
"getadobeflashplayre.net","327","volatilecedar_dga_b87521e6"
